-- phpMyAdmin SQL Dump
-- version 4.5.1
-- http://www.phpmyadmin.net
--
-- Host: 127.0.0.1
-- Generation Time: Oct 17, 2016 at 12:40 PM
-- Server version: 10.1.13-MariaDB
-- PHP Version: 5.6.20

SET SQL_MODE = "NO_AUTO_VALUE_ON_ZERO";
SET time_zone = "+00:00";


/*!40101 SET @OLD_CHARACTER_SET_CLIENT=@@CHARACTER_SET_CLIENT */;
/*!40101 SET @OLD_CHARACTER_SET_RESULTS=@@CHARACTER_SET_RESULTS */;
/*!40101 SET @OLD_COLLATION_CONNECTION=@@COLLATION_CONNECTION */;
/*!40101 SET NAMES utf8mb4 */;

--
-- Database: `koooora`
--

-- --------------------------------------------------------

--
-- Table structure for table `adverts`
--

CREATE TABLE `adverts` (
  `id` int(11) NOT NULL,
  `name` varchar(255) CHARACTER SET utf8 NOT NULL,
  `flag` varchar(255) CHARACTER SET latin1 DEFAULT NULL,
  `url` text CHARACTER SET latin1,
  `page_name` varchar(255) CHARACTER SET latin1 NOT NULL,
  `place` int(11) NOT NULL,
  `height` text CHARACTER SET latin1 NOT NULL,
  `width` text CHARACTER SET latin1 NOT NULL,
  `created_at` timestamp NOT NULL DEFAULT CURRENT_TIMESTAMP ON UPDATE CURRENT_TIMESTAMP,
  `updated_at` timestamp NOT NULL DEFAULT '0000-00-00 00:00:00'
) ENGINE=InnoDB DEFAULT CHARSET=utf8 COLLATE=utf8_unicode_ci;

--
-- Dumping data for table `adverts`
--

INSERT INTO `adverts` (`id`, `name`, `flag`, `url`, `page_name`, `place`, `height`, `width`, `created_at`, `updated_at`) VALUES
(5, 'alaa', '1474286397', 'https://www.youtube.com/', 'Home', 1, '250px', '728px', '2016-09-19 11:59:57', '2016-09-19 09:59:57'),
(6, 'ييي', '1474287253', 'https://www.youtube.com/', 'Home', 5, '90px', '728px', '2016-09-19 10:14:13', '2016-09-19 10:14:13');

-- --------------------------------------------------------

--
-- Table structure for table `agents`
--

CREATE TABLE `agents` (
  `id` int(11) NOT NULL,
  `name` varchar(150) CHARACTER SET utf8 NOT NULL,
  `addition_info` text COLLATE utf8_unicode_ci,
  `updated_at` timestamp NOT NULL DEFAULT CURRENT_TIMESTAMP,
  `created_at` timestamp NOT NULL DEFAULT '0000-00-00 00:00:00'
) ENGINE=InnoDB DEFAULT CHARSET=utf8 COLLATE=utf8_unicode_ci;

--
-- Dumping data for table `agents`
--

INSERT INTO `agents` (`id`, `name`, `addition_info`, `updated_at`, `created_at`) VALUES
(2, 'ddd', 'fgh\r\n', '2016-09-24 08:53:43', '2016-09-24 08:53:43'),
(5, 'sasfggjk', 'ddgfh', '2016-09-24 09:21:11', '2016-09-24 09:21:11'),
(6, 'fdd', 'dsd', '2016-09-24 09:21:54', '2016-09-24 09:21:54'),
(7, 'fwere', 'tt', '2016-09-24 09:22:31', '2016-09-24 09:22:31'),
(8, 'cds', 'fdfd', '2016-09-24 09:26:26', '2016-09-24 09:26:26'),
(9, 'dsd', 'sfsf', '2016-09-24 09:29:04', '2016-09-24 09:29:04');

-- --------------------------------------------------------

--
-- Table structure for table `agent_histories`
--

CREATE TABLE `agent_histories` (
  `id` int(11) NOT NULL,
  `agent_id` int(11) NOT NULL,
  `player_id` int(11) NOT NULL,
  `from_date` date DEFAULT NULL,
  `to_date` date DEFAULT NULL,
  `addition_info` text COLLATE utf8_unicode_ci,
  `updated_at` timestamp NOT NULL DEFAULT CURRENT_TIMESTAMP,
  `created_at` timestamp NOT NULL DEFAULT '0000-00-00 00:00:00'
) ENGINE=InnoDB DEFAULT CHARSET=utf8 COLLATE=utf8_unicode_ci;

-- --------------------------------------------------------

--
-- Table structure for table `balls`
--

CREATE TABLE `balls` (
  `id` int(11) NOT NULL,
  `flag` varchar(150) CHARACTER SET latin1 DEFAULT NULL,
  `brand` text COLLATE utf8_unicode_ci NOT NULL,
  `addition_info` text COLLATE utf8_unicode_ci,
  `updated_at` timestamp NOT NULL DEFAULT CURRENT_TIMESTAMP,
  `created_at` timestamp NOT NULL DEFAULT '0000-00-00 00:00:00'
) ENGINE=InnoDB DEFAULT CHARSET=utf8 COLLATE=utf8_unicode_ci;

--
-- Dumping data for table `balls`
--

INSERT INTO `balls` (`id`, `flag`, `brand`, `addition_info`, `updated_at`, `created_at`) VALUES
(3, '13419168_1108812515858480_1169858009951459445_n.jpg', 'asd', 'dd', '2016-09-06 13:13:53', '2016-09-06 13:13:53');

-- --------------------------------------------------------

--
-- Table structure for table `bcomments`
--

CREATE TABLE `bcomments` (
  `id` int(11) NOT NULL,
  `blog_id` int(11) NOT NULL,
  `person_id` int(11) NOT NULL,
  `role` varchar(255) COLLATE utf8_unicode_ci NOT NULL,
  `comment` text CHARACTER SET utf32 NOT NULL,
  `date` date NOT NULL,
  `created_at` timestamp NOT NULL DEFAULT '0000-00-00 00:00:00',
  `updated_at` timestamp NOT NULL DEFAULT '0000-00-00 00:00:00'
) ENGINE=InnoDB DEFAULT CHARSET=utf8 COLLATE=utf8_unicode_ci;

--
-- Dumping data for table `bcomments`
--

INSERT INTO `bcomments` (`id`, `blog_id`, `person_id`, `role`, `comment`, `date`, `created_at`, `updated_at`) VALUES
(1, 9, 62, 'member', 'll', '2016-10-05', '2016-10-05 17:34:19', '2016-10-05 17:34:19');

-- --------------------------------------------------------

--
-- Table structure for table `blogs`
--

CREATE TABLE `blogs` (
  `id` int(11) NOT NULL,
  `title` text CHARACTER SET utf8 NOT NULL,
  `body` text CHARACTER SET utf8 NOT NULL,
  `vedio_url` text CHARACTER SET utf8 NOT NULL,
  `cat_id` int(11) NOT NULL,
  `flag` text CHARACTER SET utf8 NOT NULL,
  `author` text CHARACTER SET utf8 NOT NULL,
  `date` date NOT NULL,
  `likes` int(11) NOT NULL DEFAULT '0',
  `created_at` timestamp NOT NULL DEFAULT '0000-00-00 00:00:00',
  `updated_at` timestamp NOT NULL DEFAULT '0000-00-00 00:00:00'
) ENGINE=InnoDB DEFAULT CHARSET=utf8 COLLATE=utf8_unicode_ci;

--
-- Dumping data for table `blogs`
--

INSERT INTO `blogs` (`id`, `title`, `body`, `vedio_url`, `cat_id`, `flag`, `author`, `date`, `likes`, `created_at`, `updated_at`) VALUES
(7, 'محمد صلاح', 'محمد صلاح فى روما', 'https://www.youtube.com/embed/R3xOWiQoqPE', 11, '1475578967', 'alaa', '2003-10-16', 1, '2016-10-04 18:02:47', '2016-10-10 13:20:30'),
(8, 'tjj', 'yujuy', 'https://www.youtube.com/embed/R3xOWiQoqPE', 12, '1475651124', 'alaa', '1999-02-16', 0, '2016-10-05 14:05:24', '2016-10-05 14:05:24'),
(9, 'dsgre', 'tyty', 'https://www.youtube.com/embed/R3xOWiQoqPE', 11, '1475651149', 'alaa', '2002-01-17', 0, '2016-10-05 14:05:49', '2016-10-05 14:05:49'),
(10, 'jjj', 'tyyt', 'https://www.youtube.com/embed/R3xOWiQoqPE', 14, '1475651160', 'alaa', '2001-02-19', 1, '2016-10-05 14:06:00', '2016-10-05 17:35:42'),
(11, 'jjj', 'fgfg', 'https://www.youtube.com/embed/R3xOWiQoqPE', 12, '1475651309', 'alaa', '1999-03-20', 0, '2016-10-05 14:08:29', '2016-10-05 14:08:29'),
(12, 'fff', 'fgrtg', 'https://www.youtube.com/embed/R3xOWiQoqPE', 12, '1475651320', 'alaa', '2000-02-28', 0, '2016-10-05 14:08:40', '2016-10-05 14:08:40'),
(13, 'fff', 'hgh', 'https://www.youtube.com/embed/R3xOWiQoqPE', 12, '1475651387', 'alaa', '2000-02-19', 0, '2016-10-05 14:09:47', '2016-10-05 14:09:47'),
(14, 'fff', 'dd', 'https://www.youtube.com/embed/R3xOWiQoqPE', 12, '1475656219', 'alaa', '1984-03-19', 0, '2016-10-05 15:30:20', '2016-10-05 15:30:20'),
(15, 'fff', 'qdwd', 'https://www.youtube.com/embed/R3xOWiQoqPE', 12, '1475656229', 'alaa', '2002-02-19', 0, '2016-10-05 15:30:29', '2016-10-05 15:30:29'),
(16, 'jjj', 'wfdwef', 'https://www.youtube.com/embed/R3xOWiQoqPE', 13, '1475656240', 'alaa', '2001-02-18', 0, '2016-10-05 15:30:40', '2016-10-05 15:30:40');

-- --------------------------------------------------------

--
-- Table structure for table `branches`
--

CREATE TABLE `branches` (
  `id` int(11) NOT NULL,
  `team_id` int(11) NOT NULL,
  `name` varchar(150) CHARACTER SET utf8 NOT NULL,
  `country_id` int(11) DEFAULT NULL,
  `city_id` int(11) DEFAULT NULL,
  `flag` varchar(150) CHARACTER SET utf8 DEFAULT NULL,
  `addition_info` text COLLATE utf8_unicode_ci,
  `updated_at` timestamp NOT NULL DEFAULT CURRENT_TIMESTAMP,
  `created_at` timestamp NOT NULL DEFAULT '0000-00-00 00:00:00'
) ENGINE=InnoDB DEFAULT CHARSET=utf8 COLLATE=utf8_unicode_ci;

-- --------------------------------------------------------

--
-- Table structure for table `cards`
--

CREATE TABLE `cards` (
  `id` int(11) NOT NULL,
  `player_id` int(11) NOT NULL,
  `match_id` int(11) NOT NULL,
  `color` varchar(150) CHARACTER SET utf8 NOT NULL,
  `time` timestamp NULL DEFAULT CURRENT_TIMESTAMP ON UPDATE CURRENT_TIMESTAMP,
  `team_id` int(11) DEFAULT NULL,
  `addition_info` text COLLATE utf8_unicode_ci,
  `updated_at` timestamp NOT NULL DEFAULT '0000-00-00 00:00:00',
  `created_at` timestamp NOT NULL DEFAULT '0000-00-00 00:00:00'
) ENGINE=InnoDB DEFAULT CHARSET=utf8 COLLATE=utf8_unicode_ci;

--
-- Dumping data for table `cards`
--

INSERT INTO `cards` (`id`, `player_id`, `match_id`, `color`, `time`, `team_id`, `addition_info`, `updated_at`, `created_at`) VALUES
(1, 227, 3, 'yellow', '0000-00-00 00:00:00', 8, NULL, '2016-08-28 09:24:34', '2016-08-28 09:24:34');

-- --------------------------------------------------------

--
-- Table structure for table `categories`
--

CREATE TABLE `categories` (
  `id` int(11) NOT NULL,
  `name` text CHARACTER SET utf32 NOT NULL,
  `created_at` timestamp NOT NULL DEFAULT CURRENT_TIMESTAMP ON UPDATE CURRENT_TIMESTAMP,
  `updated_at` timestamp NOT NULL DEFAULT '0000-00-00 00:00:00'
) ENGINE=InnoDB DEFAULT CHARSET=utf8 COLLATE=utf8_unicode_ci;

--
-- Dumping data for table `categories`
--

INSERT INTO `categories` (`id`, `name`, `created_at`, `updated_at`) VALUES
(11, 'مصر', '2016-09-28 09:59:31', '2016-09-28 09:59:31'),
(12, 'اوربا', '2016-09-28 09:59:36', '2016-09-28 09:59:36'),
(13, 'العالم العربي', '2016-09-28 09:59:42', '2016-09-28 09:59:42'),
(14, 'امريكا الشماله', '2016-09-28 09:59:50', '2016-09-28 09:59:50'),
(15, 'جنوب افريقيا', '2016-09-28 09:59:59', '2016-09-28 09:59:59');

-- --------------------------------------------------------

--
-- Table structure for table `championships`
--

CREATE TABLE `championships` (
  `id` int(11) NOT NULL,
  `name` varchar(150) CHARACTER SET utf8 NOT NULL,
  `addition_info` varchar(500) CHARACTER SET utf8 DEFAULT NULL,
  `no_matches` int(11) DEFAULT NULL,
  `country_id` int(11) DEFAULT NULL,
  `type` varchar(150) CHARACTER SET utf8 NOT NULL,
  `continent` text COLLATE utf8_unicode_ci NOT NULL,
  `year` year(4) DEFAULT NULL,
  `ball_id` int(11) NOT NULL,
  `updated_at` timestamp NOT NULL DEFAULT CURRENT_TIMESTAMP,
  `created_at` timestamp NOT NULL DEFAULT '0000-00-00 00:00:00'
) ENGINE=InnoDB DEFAULT CHARSET=utf8 COLLATE=utf8_unicode_ci;

--
-- Dumping data for table `championships`
--

INSERT INTO `championships` (`id`, `name`, `addition_info`, `no_matches`, `country_id`, `type`, `continent`, `year`, `ball_id`, `updated_at`, `created_at`) VALUES
(10, 'a', 'ff', 0, 85, 'local', 'أفريقيا', 2003, 3, '2016-09-06 13:14:04', '2016-09-06 13:14:04');

-- --------------------------------------------------------

--
-- Table structure for table `championship_sponsors`
--

CREATE TABLE `championship_sponsors` (
  `id` int(11) NOT NULL,
  `championship_id` int(11) NOT NULL,
  `sponsor_id` int(11) NOT NULL,
  `updated_at` timestamp NOT NULL DEFAULT CURRENT_TIMESTAMP,
  `created_at` timestamp NOT NULL DEFAULT '0000-00-00 00:00:00'
) ENGINE=InnoDB DEFAULT CHARSET=utf8 COLLATE=utf8_unicode_ci;

-- --------------------------------------------------------

--
-- Table structure for table `change_players`
--

CREATE TABLE `change_players` (
  `id` int(11) NOT NULL,
  `player1_id` int(11) NOT NULL,
  `player2_id` int(11) NOT NULL,
  `team_id` int(11) DEFAULT NULL,
  `match_id` int(11) NOT NULL,
  `ch_time` time NOT NULL,
  `created_at` timestamp NOT NULL DEFAULT CURRENT_TIMESTAMP ON UPDATE CURRENT_TIMESTAMP,
  `updated_at` timestamp NOT NULL DEFAULT '0000-00-00 00:00:00'
) ENGINE=InnoDB DEFAULT CHARSET=utf8 COLLATE=utf8_unicode_ci;

-- --------------------------------------------------------

--
-- Table structure for table `channels`
--

CREATE TABLE `channels` (
  `id` int(11) NOT NULL,
  `name` varchar(150) CHARACTER SET utf8 NOT NULL,
  `frequency` int(11) DEFAULT NULL,
  `flag` varchar(150) CHARACTER SET utf8 DEFAULT NULL,
  `url` text COLLATE utf8_unicode_ci,
  `addition_info` text COLLATE utf8_unicode_ci,
  `updated_at` timestamp NOT NULL DEFAULT CURRENT_TIMESTAMP,
  `created_at` timestamp NOT NULL DEFAULT '0000-00-00 00:00:00'
) ENGINE=InnoDB DEFAULT CHARSET=utf8 COLLATE=utf8_unicode_ci;

--
-- Dumping data for table `channels`
--

INSERT INTO `channels` (`id`, `name`, `frequency`, `flag`, `url`, `addition_info`, `updated_at`, `created_at`) VALUES
(3, 'beIN SPORTS', 12264, '1464512565', NULL, NULL, '2016-05-29 07:02:45', '2016-05-29 07:01:50');

-- --------------------------------------------------------

--
-- Table structure for table `cities`
--

CREATE TABLE `cities` (
  `id` int(11) NOT NULL,
  `name` varchar(150) CHARACTER SET utf8 NOT NULL,
  `country_id` int(11) DEFAULT NULL,
  `updated_at` timestamp NOT NULL DEFAULT CURRENT_TIMESTAMP,
  `created_at` timestamp NOT NULL DEFAULT '0000-00-00 00:00:00'
) ENGINE=InnoDB DEFAULT CHARSET=utf8 COLLATE=utf8_unicode_ci;

--
-- Dumping data for table `cities`
--

INSERT INTO `cities` (`id`, `name`, `country_id`, `updated_at`, `created_at`) VALUES
(31, '	ألبي', 81, '2016-05-16 09:25:26', '2016-05-16 09:25:26'),
(33, '	إبينال', 81, '2016-05-16 09:26:05', '2016-05-16 09:26:05'),
(34, '	باريس', 81, '2016-05-16 09:26:57', '2016-05-16 09:26:57'),
(35, '	بوردو', 81, '2016-05-16 09:27:16', '2016-05-16 09:27:16'),
(36, 'تروا', 81, '2016-05-16 09:27:58', '2016-05-16 09:27:58'),
(37, '	دويه', 81, '2016-05-16 09:30:27', '2016-05-16 09:30:27'),
(38, '	رانس', 81, '2016-05-16 09:30:55', '2016-05-16 09:30:55'),
(39, 'روان', 81, '2016-05-16 09:31:12', '2016-05-16 09:31:12'),
(40, '	رين', 81, '2016-05-16 09:31:25', '2016-05-16 09:31:25'),
(41, '	سانت إتيان', 81, '2016-05-16 09:31:47', '2016-05-16 09:31:47'),
(42, 'سينت دي', 81, '2016-05-16 09:37:10', '2016-05-16 09:37:10'),
(43, '	طولون', 81, '2016-05-16 09:38:45', '2016-05-16 09:38:45'),
(44, '	غرونوبل', 81, '2016-05-16 09:39:03', '2016-05-16 09:39:03'),
(45, '	فيردان', 81, '2016-05-16 09:39:15', '2016-05-16 09:39:15'),
(46, '	فيشي', 81, '2016-05-16 09:39:28', '2016-05-16 09:39:28'),
(47, 'كان', 81, '2016-05-16 09:39:59', '2016-05-16 09:39:59'),
(48, '	كانبراي', 81, '2016-05-16 09:40:15', '2016-05-16 09:40:15'),
(49, '	كلوني', 81, '2016-05-16 09:40:30', '2016-05-16 09:40:30'),
(50, 'لانيون', 81, '2016-05-16 09:40:53', '2016-05-16 09:40:53'),
(51, '	لو هافر', 81, '2016-05-16 09:41:07', '2016-05-16 09:41:07'),
(52, 'ليل', 81, '2016-05-16 09:41:11', '2016-05-16 09:41:11'),
(53, 'ليون', 81, '2016-05-16 09:41:19', '2016-05-16 09:41:19'),
(54, 'مارسيليا', 81, '2016-05-16 09:41:33', '2016-05-16 09:41:33'),
(55, 'مونبيلييه', 81, '2016-05-16 09:41:53', '2016-05-16 09:41:53'),
(56, 'نانت', 81, '2016-05-16 09:41:59', '2016-05-16 09:41:59'),
(57, 'نانسي', 81, '2016-05-16 09:42:03', '2016-05-16 09:42:03'),
(58, 'نيس', 81, '2016-05-16 09:42:11', '2016-05-16 09:42:11'),
(59, 'نيم', 81, '2016-05-16 09:42:17', '2016-05-16 09:42:17'),
(61, 'لينز', 81, '2016-05-17 04:00:20', '2016-05-17 04:00:20'),
(62, 'تولوز', 81, '2016-05-17 06:14:07', '2016-05-17 06:14:07'),
(63, 'أراو‏ ', 85, '2016-05-17 06:52:10', '2016-05-17 06:52:10'),
(64, 'ألتدورف', 85, '2016-05-17 06:52:44', '2016-05-17 06:52:44'),
(65, 'أندرمات‏ ', 85, '2016-05-17 06:58:00', '2016-05-17 06:58:00'),
(66, 'بادن', 85, '2016-05-17 06:58:52', '2016-05-17 06:58:52'),
(67, 'بازل‏ ', 85, '2016-05-17 06:59:20', '2016-05-17 06:59:20'),
(68, 'برن‏ ', 85, '2016-05-17 06:59:40', '2016-05-17 06:59:40'),
(69, 'بريغ غيلس ', 85, '2016-05-17 06:59:58', '2016-05-17 06:59:58'),
(70, 'بيول', 85, '2016-05-17 07:00:12', '2016-05-17 07:00:12'),
(71, 'جنيف‏ ', 85, '2016-05-17 07:00:27', '2016-05-17 07:00:27'),
(72, 'دآيتأيكون', 85, '2016-05-17 07:00:43', '2016-05-17 07:00:43'),
(73, ' دافوس', 85, '2016-05-17 07:01:03', '2016-05-17 07:01:03'),
(74, 'زيرمات', 85, '2016-05-17 07:01:38', '2016-05-17 07:01:38'),
(75, 'زيورخ‏ ', 85, '2016-05-17 07:01:56', '2016-05-17 07:01:56'),
(76, 'ساير', 85, '2016-05-17 07:02:24', '2016-05-17 07:02:24'),
(77, ' شافهاوزن ', 85, '2016-05-17 07:02:52', '2016-05-17 07:02:52'),
(78, 'فراونفيلد', 85, '2016-05-17 07:03:29', '2016-05-17 07:03:29'),
(79, 'لوزان‏ ', 85, '2016-05-17 07:04:28', '2016-05-17 07:04:28'),
(80, 'اراد', 86, '2016-05-17 07:08:40', '2016-05-17 07:08:40'),
(81, 'أوراديا', 86, '2016-05-17 07:08:54', '2016-05-17 07:08:54'),
(82, 'اليكساندريا ', 86, '2016-05-17 07:09:18', '2016-05-17 07:09:18'),
(83, 'أورشوفا', 86, '2016-05-17 07:09:36', '2016-05-17 07:09:36'),
(84, 'البا يوليا  ', 86, '2016-05-17 07:10:15', '2016-05-17 07:10:15'),
(86, 'بوخارست', 86, '2016-05-17 07:11:27', '2016-05-17 07:11:27'),
(87, 'بايا ماري  ', 86, '2016-05-18 06:12:00', '2016-05-18 06:12:00'),
(88, 'بلويشت', 86, '2016-05-18 06:12:15', '2016-05-18 06:12:15'),
(89, 'براشوف', 86, '2016-05-18 06:12:29', '2016-05-18 06:12:29'),
(90, 'بياترا نيامتس  ', 86, '2016-05-18 06:12:42', '2016-05-18 06:12:42'),
(91, 'برايلا', 86, '2016-05-18 06:12:58', '2016-05-18 06:12:58'),
(92, 'بيتروشاني', 86, '2016-05-18 06:13:14', '2016-05-18 06:13:14'),
(93, 'بيتيشت', 86, '2016-05-18 06:13:27', '2016-05-18 06:13:27'),
(94, 'باكاو', 86, '2016-05-18 06:13:45', '2016-05-18 06:13:45'),
(95, 'بوزو ', 86, '2016-05-18 06:14:38', '2016-05-18 06:14:38'),
(96, 'بوتوشاني  ', 86, '2016-05-18 06:14:51', '2016-05-18 06:14:51'),
(97, 'بيستريتسا  ', 86, '2016-05-18 06:15:08', '2016-05-18 06:15:08'),
(98, 'تيميشوارا', 86, '2016-05-18 06:15:22', '2016-05-18 06:15:22'),
(99, 'ترجو موريش', 86, '2016-05-18 06:15:34', '2016-05-18 06:15:34'),
(100, 'ترجو جيو ', 86, '2016-05-18 06:15:50', '2016-05-18 06:15:50'),
(101, 'ترجوفيشت', 86, '2016-05-18 06:16:04', '2016-05-18 06:16:04'),
(102, 'تولتشا ', 86, '2016-05-18 06:16:18', '2016-05-18 06:16:18'),
(103, 'جورجيو ', 86, '2016-05-18 06:16:49', '2016-05-18 06:16:49'),
(104, 'دروبيتا ', 86, '2016-05-18 06:17:16', '2016-05-18 06:17:16'),
(105, 'تورنو سيفيرين  ', 86, '2016-05-18 06:17:31', '2016-05-18 06:17:31'),
(106, 'ديفا ', 86, '2016-05-18 06:18:20', '2016-05-18 06:18:20'),
(107, 'ريشيتسا ', 86, '2016-05-18 06:18:38', '2016-05-18 06:18:38'),
(108, 'رمينكو فيلتشا  ', 86, '2016-05-18 06:20:01', '2016-05-18 06:20:01'),
(109, 'زالاو', 86, '2016-05-18 06:20:18', '2016-05-18 06:20:18'),
(110, 'سوتشافا', 86, '2016-05-18 06:20:35', '2016-05-18 06:20:35'),
(111, 'سيبيو ', 86, '2016-05-18 06:20:53', '2016-05-18 06:20:53'),
(112, 'سيغيشوارا ', 86, '2016-05-18 06:21:12', '2016-05-18 06:21:12'),
(113, 'سفنتو', 86, '2016-05-18 06:21:30', '2016-05-18 06:21:30'),
(114, 'جيورجي ', 86, '2016-05-18 06:21:47', '2016-05-18 06:21:47'),
(115, 'ساتو ماري    ', 86, '2016-05-18 06:22:11', '2016-05-18 06:22:11'),
(116, ' سولينا', 86, '2016-05-18 06:22:19', '2016-05-18 06:22:19'),
(117, 'سلاتينا ', 86, '2016-05-18 06:24:04', '2016-05-18 06:24:04'),
(118, 'غالاتس  ', 86, '2016-05-18 06:24:40', '2016-05-18 06:24:40'),
(119, 'سينايا ', 86, '2016-05-18 06:24:48', '2016-05-18 06:24:48'),
(120, 'فوكشاني      ', 86, '2016-05-18 06:25:14', '2016-05-18 06:25:14'),
(121, '  كرايوفا', 86, '2016-05-18 06:25:36', '2016-05-18 06:25:36'),
(122, 'فاسلوي ', 86, '2016-05-18 06:25:50', '2016-05-18 06:25:50'),
(123, 'كلوج نابوكا   ', 86, '2016-05-18 06:26:10', '2016-05-18 06:26:10'),
(124, ' كورتا', 86, '2016-05-18 06:26:24', '2016-05-18 06:26:24'),
(125, 'كونستانتسا  ', 86, '2016-05-18 06:26:32', '2016-05-18 06:26:32'),
(126, 'دي ارجيش  ', 86, '2016-05-18 06:26:54', '2016-05-18 06:26:54'),
(127, ' كوفاسنا', 86, '2016-05-18 06:27:02', '2016-05-18 06:27:02'),
(128, 'كارانسيبيش  ', 86, '2016-05-18 06:27:23', '2016-05-18 06:27:23'),
(129, 'مولدوفا', 86, '2016-05-18 06:28:02', '2016-05-18 06:28:02'),
(130, 'لوغوج  ', 86, '2016-05-18 06:28:27', '2016-05-18 06:28:27'),
(131, ' ميركورا تشيوك  ', 86, '2016-05-18 06:29:35', '2016-05-18 06:29:35'),
(132, 'نوا', 86, '2016-05-18 06:29:44', '2016-05-18 06:29:44'),
(133, 'هونيدوارا   ', 86, '2016-05-18 06:29:59', '2016-05-18 06:29:59'),
(134, '  ياش', 86, '2016-05-18 06:32:38', '2016-05-18 06:32:38'),
(141, 'آبريستويث', 90, '2016-05-18 06:55:07', '2016-05-18 06:55:07'),
(142, '	بانغور', 90, '2016-05-18 06:55:33', '2016-05-18 06:55:33'),
(143, 'بريكون', 90, '2016-05-18 06:55:54', '2016-05-18 06:55:54'),
(144, 'خلنددنو', 90, '2016-05-18 06:56:14', '2016-05-18 06:56:14'),
(145, 'سوانزي', 90, '2016-05-18 06:56:38', '2016-05-18 06:56:38'),
(146, '	كارديف', 90, '2016-05-18 06:57:06', '2016-05-18 06:57:06'),
(147, '	كارليون', 90, '2016-05-18 06:57:27', '2016-05-18 06:57:27'),
(148, '	كنوي', 90, '2016-05-18 06:57:53', '2016-05-18 06:57:53'),
(149, '	نيوبورت', 90, '2016-05-18 06:58:37', '2016-05-18 06:58:37'),
(150, 'Machecoul', 81, '2016-05-19 01:44:54', '2016-05-19 01:44:54'),
(152, 'بايون', 81, '2016-05-19 01:56:20', '2016-05-19 01:56:20'),
(154, ' السيناتور', 81, '2016-05-19 02:19:47', '2016-05-19 02:19:47'),
(155, 'أكرينجتون', 87, '2016-05-19 02:21:25', '2016-05-19 02:21:25'),
(156, 'أوتري سانت ماري', 87, '2016-05-19 02:22:25', '2016-05-19 02:22:25'),
(157, 'أولدهام', 87, '2016-05-19 02:22:52', '2016-05-19 02:22:52'),
(158, 'أولني', 87, '2016-05-19 02:23:18', '2016-05-19 02:23:18'),
(159, 'أيلزبري', 87, '2016-05-19 02:24:34', '2016-05-19 02:24:34'),
(160, '	إبسوتش', 87, '2016-05-19 02:24:56', '2016-05-19 02:24:56'),
(161, 'إكزتر', 87, '2016-05-19 02:25:51', '2016-05-19 02:25:51'),
(162, 'إيستبورن', 87, '2016-05-19 02:26:19', '2016-05-19 02:26:19'),
(163, 'أشيتكوفو', 89, '2016-05-19 02:26:25', '2016-05-19 02:26:25'),
(164, 'أشيتكوفو', 89, '2016-05-19 02:26:25', '2016-05-19 02:26:25'),
(165, 'إيلي (كامبريدجشير)', 87, '2016-05-19 02:26:39', '2016-05-19 02:26:39'),
(166, '	بياتيغورسك', 89, '2016-05-19 02:26:57', '2016-05-19 02:26:57'),
(167, 'أكسفورد', 87, '2016-05-19 02:27:06', '2016-05-19 02:27:06'),
(168, 'بورزيا', 89, '2016-05-19 02:27:25', '2016-05-19 02:27:25'),
(169, 'باث', 87, '2016-05-19 02:27:31', '2016-05-19 02:27:31'),
(170, 'بايماك ', 89, '2016-05-19 02:27:46', '2016-05-19 02:27:46'),
(171, 'بارنزلي', 87, '2016-05-19 02:27:58', '2016-05-19 02:27:58'),
(172, 'أنتيبينو  ', 89, '2016-05-19 02:48:54', '2016-05-19 02:28:22'),
(173, 'برايتون', 87, '2016-05-19 02:28:26', '2016-05-19 02:28:26'),
(174, 'أويمياكون', 89, '2016-05-19 02:28:29', '2016-05-19 02:28:29'),
(175, 'برايتون أند هوف', 87, '2016-05-19 02:28:49', '2016-05-19 02:28:49'),
(176, 'برستل', 87, '2016-05-19 02:29:27', '2016-05-19 02:29:27'),
(177, '	دزهيباريكي', 89, '2016-05-19 02:30:10', '2016-05-19 02:30:10'),
(178, '	تكنوبوليس غوسيف ', 89, '2016-05-19 02:30:49', '2016-05-19 02:30:49'),
(179, 'تشيبوكساري ', 89, '2016-05-19 02:31:09', '2016-05-19 02:31:09'),
(180, 'برمنغهام ', 87, '2016-05-19 02:31:39', '2016-05-19 02:31:39'),
(181, 'بيتيرهوف ', 89, '2016-05-19 02:31:40', '2016-05-19 02:31:40'),
(182, '	بيروبيجان ', 89, '2016-05-19 02:31:45', '2016-05-19 02:31:45'),
(183, 'كايا ', 89, '2016-05-19 02:32:04', '2016-05-19 02:32:04'),
(184, 'ساها', 89, '2016-05-19 02:32:23', '2016-05-19 02:32:23'),
(185, 'كولومب', 81, '2016-05-19 02:32:43', '2016-05-19 02:32:43'),
(186, 'ديدينيفو', 89, '2016-05-19 02:32:46', '2016-05-19 02:32:46'),
(187, 'سوزدال', 89, '2016-05-19 02:33:18', '2016-05-19 02:33:18'),
(188, 'زهيمتالا 	', 89, '2016-05-19 02:43:19', '2016-05-19 02:33:34'),
(189, 'كاباردينو', 89, '2016-05-19 02:34:22', '2016-05-19 02:34:22'),
(190, 'بالكاريجا', 89, '2016-05-19 02:34:52', '2016-05-19 02:34:52'),
(191, 'شروزبوري', 87, '2016-05-19 02:37:44', '2016-05-19 02:37:44'),
(192, 'بوسطن ', 87, '2016-05-19 02:39:00', '2016-05-19 02:39:00'),
(193, 'ماستشوسيتس', 87, '2016-05-19 02:39:19', '2016-05-19 02:39:19'),
(194, 'هكسهام', 87, '2016-05-19 02:39:45', '2016-05-19 02:39:45'),
(195, 'غرينيتش لندن', 87, '2016-05-19 02:40:46', '2016-05-19 02:40:46'),
(196, 'سال', 87, '2016-05-19 02:41:01', '2016-05-19 02:41:01'),
(197, 'شفيلد', 87, '2016-05-19 02:41:24', '2016-05-19 02:41:24'),
(198, 'كيركبي', 87, '2016-05-19 02:41:39', '2016-05-19 02:41:39'),
(199, ' كنغستون', 87, '2016-05-19 02:43:37', '2016-05-19 02:43:37'),
(200, 'كنغستون على نهر التيمز', 87, '2016-05-19 02:44:04', '2016-05-19 02:44:04'),
(201, 'ويستون، ميرسيسايد ', 87, '2016-05-19 02:44:20', '2016-05-19 02:44:20'),
(202, 'كيم', 89, '2016-05-19 02:44:35', '2016-05-19 02:44:35'),
(203, 'رمفورد، لندن', 87, '2016-05-19 02:44:43', '2016-05-19 02:44:43'),
(204, 'كادنيكوف ', 89, '2016-05-19 02:45:04', '2016-05-19 02:45:04'),
(205, 'وورتليي في ليدز', 87, '2016-05-19 02:45:05', '2016-05-19 02:45:05'),
(206, 'بورتسموث', 87, '2016-05-19 02:45:18', '2016-05-19 02:45:18'),
(207, 'فاغاي  ', 89, '2016-05-19 02:45:31', '2016-05-19 02:45:31'),
(208, 'هيرتفودشير', 87, '2016-05-19 02:45:38', '2016-05-19 02:45:38'),
(209, 'فولغوغراد ', 89, '2016-05-19 02:45:42', '2016-05-19 02:45:42'),
(210, 'فورونيج ', 89, '2016-05-19 02:45:54', '2016-05-19 02:45:54'),
(211, 'سندرلاند', 87, '2016-05-19 02:45:59', '2016-05-19 02:45:59'),
(212, 'أستراخان أوبلاست', 89, '2016-05-19 02:46:36', '2016-05-19 02:46:36'),
(213, '	ميورافلنكو', 89, '2016-05-19 02:47:03', '2016-05-19 02:47:03'),
(214, '	ميكون', 89, '2016-05-19 02:47:17', '2016-05-19 02:47:17'),
(215, 'نيزنيج نوفغورود', 89, '2016-05-19 02:47:39', '2016-05-19 02:47:39'),
(216, '	مورمانسك', 89, '2016-05-19 02:48:07', '2016-05-19 02:48:07'),
(217, 'تجومين', 89, '2016-05-19 02:49:17', '2016-05-19 02:49:17'),
(218, 'ليفربول', 87, '2016-05-19 02:49:19', '2016-05-19 02:49:19'),
(219, 'سانت ألبانز', 87, '2016-05-19 02:49:53', '2016-05-19 02:49:53'),
(220, 'بوجومبورا ', 114, '2016-05-19 02:57:06', '2016-05-19 02:57:06'),
(222, 'كينغستون', 115, '2016-05-19 03:15:10', '2016-05-19 03:15:10'),
(223, 'كروستيث، ليفربول', 87, '2016-05-19 03:18:11', '2016-05-19 03:18:11'),
(225, 'Mâcon', 81, '2016-05-19 03:20:26', '2016-05-19 03:20:26'),
(226, 'بروج', 81, '2016-05-19 03:44:56', '2016-05-19 03:44:56'),
(227, 'تسلفيلر', 81, '2016-05-19 03:57:41', '2016-05-19 03:57:41'),
(228, 'لو بلان ميسنيل', 81, '2016-05-19 04:03:41', '2016-05-19 04:03:41'),
(229, 'ويمبلي', 87, '2016-05-19 04:08:52', '2016-05-19 04:08:52'),
(231, 'LAGNY سور مارن ', 81, '2016-05-19 04:21:24', '2016-05-19 04:21:24'),
(232, 'انجولا', 81, '2016-05-19 04:37:42', '2016-05-19 04:37:42'),
(233, 'توركوان', 81, '2016-05-19 04:46:15', '2016-05-19 04:46:15'),
(234, 'ماسي', 81, '2016-05-19 04:53:47', '2016-05-19 04:53:47'),
(235, 'سانت بيير', 81, '2016-05-19 05:00:31', '2016-05-19 05:00:31'),
(236, 'براتيسلافا', 88, '2016-05-19 05:06:42', '2016-05-19 05:06:42'),
(237, 'شامبيري', 81, '2016-05-19 05:10:25', '2016-05-19 05:10:25'),
(238, 'موسكو', 89, '2016-05-19 05:13:00', '2016-05-19 05:13:00'),
(239, 'لونكسايد مانشستر انكلترا لابويين غانيين', 87, '2016-05-19 05:24:35', '2016-05-19 05:24:35'),
(241, 'شيفيلد', 87, '2016-05-19 05:25:27', '2016-05-19 05:25:27'),
(242, 'تشيستر', 87, '2016-05-19 05:27:02', '2016-05-19 05:27:02'),
(243, 'ساوثوورك', 87, '2016-05-19 05:27:31', '2016-05-19 05:27:31'),
(244, 'ستوكويل', 87, '2016-05-19 05:27:59', '2016-05-19 05:27:59'),
(245, 'دونكاستر، جنوب يوركشاير', 87, '2016-05-19 05:28:35', '2016-05-19 05:28:35'),
(246, 'بريستول', 87, '2016-05-19 05:28:48', '2016-05-19 05:28:48'),
(247, 'تشيرتسي', 87, '2016-05-19 05:29:17', '2016-05-19 05:29:17'),
(248, 'بيترسفايلد ', 87, '2016-05-19 05:31:15', '2016-05-19 05:31:15'),
(249, 'لامبث', 87, '2016-05-19 05:31:34', '2016-05-19 05:31:34'),
(250, 'ويلسيند', 87, '2016-05-19 05:32:25', '2016-05-19 05:32:25'),
(251, 'بازينغستوك', 87, '2016-05-19 05:32:58', '2016-05-19 05:32:58'),
(252, 'كيلينج', 87, '2016-05-19 05:33:44', '2016-05-19 05:33:44'),
(253, 'برادفورد', 87, '2016-05-19 05:34:06', '2016-05-19 05:34:06'),
(254, 'ميدلزبرة', 87, '2016-05-19 05:34:31', '2016-05-19 05:34:31'),
(255, 'انفيلد', 87, '2016-05-19 05:35:20', '2016-05-19 05:35:20'),
(256, 'رومفورد', 87, '2016-05-19 05:35:59', '2016-05-19 05:35:59'),
(257, 'لندن', 87, '2016-05-19 05:36:24', '2016-05-19 05:36:24'),
(258, 'هنغرفورد', 87, '2016-05-19 05:36:47', '2016-05-19 05:36:47'),
(259, 'ونشستر', 87, '2016-05-19 05:39:10', '2016-05-19 05:39:10'),
(260, 'شنغافورد ', 87, '2016-05-19 05:39:28', '2016-05-19 05:39:28'),
(261, 'ستانمور', 87, '2016-05-19 05:40:27', '2016-05-19 05:40:27'),
(262, 'Münsingen', 85, '2016-05-19 05:42:53', '2016-05-19 05:42:53'),
(264, 'اكرا', 116, '2016-05-19 05:49:07', '2016-05-19 05:49:07'),
(266, 'جيلينا ', 88, '2016-05-19 05:54:31', '2016-05-19 05:54:31'),
(268, 'دولني كوبن', 88, '2016-05-19 05:55:36', '2016-05-19 05:55:36'),
(269, 'كييف', 113, '2016-05-19 05:56:07', '2016-05-19 05:56:07'),
(271, 'سانت غالن', 81, '2016-05-19 05:56:55', '2016-05-19 05:56:55'),
(272, 'بيلا ناد سيروتشو', 88, '2016-05-19 06:03:42', '2016-05-19 06:03:42'),
(274, 'براتيسلافا', 88, '2016-05-19 06:04:27', '2016-05-19 06:04:27'),
(275, 'مارلى ', 85, '2016-05-19 06:06:43', '2016-05-19 06:06:43'),
(278, 'براغ', 94, '2016-05-19 06:10:13', '2016-05-19 06:10:13'),
(279, ' تشيكو كاليفورنيا', 117, '2016-05-19 06:11:01', '2016-05-19 06:10:27'),
(280, 'اسطنبول', 95, '2016-05-19 06:10:35', '2016-05-19 06:10:35'),
(281, 'مورغيس ', 85, '2016-05-19 06:11:19', '2016-05-19 06:11:19'),
(282, 'دونيسكا ستريدا', 88, '2016-05-19 06:12:22', '2016-05-19 06:12:22'),
(283, 'روفيتسا', 88, '2016-05-19 06:12:55', '2016-05-19 06:12:55'),
(284, 'مورغيس', 85, '2016-05-19 06:13:43', '2016-05-19 06:13:43'),
(285, 'جادتسا ', 88, '2016-05-19 06:15:24', '2016-05-19 06:15:24'),
(286, 'زلاتى مورافتسى', 88, '2016-05-19 06:16:29', '2016-05-19 06:16:29'),
(287, 'نيبيكون ', 85, '2016-05-19 06:19:13', '2016-05-19 06:19:13'),
(288, 'جيار ناد هرونوم', 88, '2016-05-19 06:19:24', '2016-05-19 06:19:24'),
(289, 'هاندلوفا', 88, '2016-05-19 06:20:00', '2016-05-19 06:20:00'),
(290, 'سنينا', 88, '2016-05-19 06:21:26', '2016-05-19 06:21:26'),
(291, 'نيترا', 88, '2016-05-19 06:21:57', '2016-05-19 06:21:57'),
(292, 'Douala', 85, '2016-05-19 06:22:43', '2016-05-19 06:22:43'),
(294, 'بانسكا بيستريتسا', 88, '2016-05-19 06:26:02', '2016-05-19 06:26:02'),
(295, 'بريفيدزا', 88, '2016-05-19 06:26:35', '2016-05-19 06:26:35'),
(296, 'بوينيتسى', 88, '2016-05-19 06:27:49', '2016-05-19 06:27:49'),
(297, 'برزنو', 88, '2016-05-19 06:28:58', '2016-05-19 06:28:58'),
(298, 'روجومبيروك', 88, '2016-05-19 06:30:08', '2016-05-19 06:30:08'),
(299, 'جنيف', 85, '2016-05-19 06:31:47', '2016-05-19 06:31:47'),
(300, 'زيورخ', 81, '2016-05-19 06:34:34', '2016-05-19 06:34:34'),
(301, 'روما', 97, '2016-05-19 06:35:58', '2016-05-19 06:35:58'),
(302, 'أوهيرسكي هراديستي ', 88, '2016-05-19 06:36:35', '2016-05-19 06:36:35'),
(303, 'بييشتاني', 88, '2016-05-19 06:37:01', '2016-05-19 06:37:01'),
(304, 'تشمينيانسكا نوفا فيس', 88, '2016-05-19 06:37:49', '2016-05-19 06:37:49'),
(305, 'ديمياتا ', 88, '2016-05-19 06:38:57', '2016-05-19 06:38:57'),
(306, 'أدليغينسويل', 85, '2016-05-19 06:40:20', '2016-05-19 06:40:20'),
(307, 'انتويرب', 104, '2016-05-19 06:43:53', '2016-05-19 06:43:53'),
(308, 'ساحل العاج ', 85, '2016-05-19 06:46:05', '2016-05-19 06:46:05'),
(309, 'بروج', 104, '2016-05-19 06:47:47', '2016-05-19 06:47:47'),
(310, 'ليوبولستات', 108, '2016-05-19 07:04:25', '2016-05-19 06:49:24'),
(311, 'ديلن', 107, '2016-05-19 06:49:39', '2016-05-19 06:49:39'),
(312, 'فارو', 109, '2016-05-19 06:49:59', '2016-05-19 06:49:59'),
(313, 'قلمرية', 109, '2016-05-19 06:51:36', '2016-05-19 06:51:36'),
(315, 'ريجافيل', 111, '2016-05-19 06:54:33', '2016-05-19 06:54:33'),
(316, 'نيورك', 117, '2016-05-19 06:55:04', '2016-05-19 06:55:04'),
(318, 'ابيدجان', 118, '2016-05-19 06:57:47', '2016-05-19 06:57:47'),
(321, 'Egnach', 85, '2016-05-19 07:00:51', '2016-05-19 07:00:51'),
(327, 'ابيدجان', 118, '2016-05-19 07:05:20', '2016-05-19 07:05:20'),
(333, 'نيوشاتيل', 85, '2016-05-19 07:29:13', '2016-05-19 07:29:13'),
(339, 'برايا', 85, '2016-05-19 07:52:59', '2016-05-19 07:49:22'),
(345, 'اولتين', 85, '2016-05-19 07:53:37', '2016-05-19 07:53:37'),
(348, 'Andelfingen', 85, '2016-05-22 00:08:43', '2016-05-22 00:08:43'),
(349, 'ستروغا', 85, '2016-05-22 00:18:56', '2016-05-22 00:18:56'),
(350, 'سانت غالن', 85, '2016-05-22 00:29:11', '2016-05-22 00:29:11'),
(351, 'كوسوفو', 85, '2016-05-22 00:32:01', '2016-05-22 00:32:01'),
(353, 'جيلان', 85, '2016-05-22 00:45:34', '2016-05-22 00:45:34'),
(355, ' 	غوستيفار ', 85, '2016-05-22 01:07:35', '2016-05-22 01:07:35'),
(358, 'باوندى -الكاميرون ', 85, '2016-05-23 09:55:41', '2016-05-23 09:55:41'),
(359, 'GIVORS ', 109, '2016-05-23 09:59:13', '2016-05-23 09:59:13'),
(360, 'لشبونة ', 109, '2016-05-23 09:59:41', '2016-05-23 09:59:41'),
(361, 'فيلا نوفا دي غايا', 109, '2016-05-23 10:00:14', '2016-05-23 10:00:14'),
(362, 'بوفوا دي فارزيم ', 109, '2016-05-23 10:00:35', '2016-05-23 10:00:35'),
(364, 'انجرا دو إرويسمو', 109, '2016-05-23 10:01:48', '2016-05-23 10:01:48'),
(365, 'فيلا تفعل كوندي', 109, '2016-05-23 10:02:08', '2016-05-23 10:02:08'),
(366, 'بينافيل', 109, '2016-05-23 10:02:27', '2016-05-23 10:02:27'),
(371, 'لشبونة', 109, '2016-05-23 10:06:08', '2016-05-23 10:06:08'),
(374, 'لشبونه', 109, '2016-05-23 10:06:27', '2016-05-23 10:06:27'),
(378, 'Famalicão', 109, '2016-05-23 10:07:07', '2016-05-23 10:07:07'),
(381, 'Famalicão', 109, '2016-05-23 10:07:21', '2016-05-23 10:07:21'),
(382, 'امارانتي', 109, '2016-05-23 10:07:46', '2016-05-23 10:07:46'),
(384, 'امارانتي', 109, '2016-05-23 10:07:58', '2016-05-23 10:07:58'),
(385, 'امارانتي', 109, '2016-05-23 10:08:21', '2016-05-23 10:08:21'),
(386, 'غيماريش', 109, '2016-05-23 10:08:44', '2016-05-23 10:08:44'),
(387, 'فيلا تفعل كوندي', 109, '2016-05-23 10:09:16', '2016-05-23 10:09:16'),
(388, 'Grijó', 109, '2016-05-23 10:09:51', '2016-05-23 10:09:51'),
(392, 'بيساو', 109, '2016-05-23 10:10:40', '2016-05-23 10:10:40'),
(403, 'فنزويلا', 123, '2016-05-23 10:18:09', '2016-05-23 10:18:09'),
(406, 'بورتيماو ', 109, '2016-05-23 10:18:40', '2016-05-23 10:18:40'),
(409, 'كويمبرا ', 109, '2016-05-23 10:18:54', '2016-05-23 10:18:54'),
(411, 'Freamunde ', 109, '2016-05-23 10:19:13', '2016-05-23 10:19:13'),
(412, 'غيماريش', 109, '2016-05-23 10:19:32', '2016-05-23 10:19:32'),
(418, 'فونشال، جزر ماديرا', 109, '2016-05-23 10:21:20', '2016-05-23 10:21:20'),
(429, 'لواندا', 124, '2016-05-23 10:24:32', '2016-05-23 10:24:32'),
(437, 'بيكس', 81, '2016-05-23 10:29:36', '2016-05-23 10:29:36'),
(443, ' برنو  ', 94, '2016-05-23 10:31:54', '2016-05-23 10:31:54'),
(445, '  براغ  ', 94, '2016-05-23 10:32:09', '2016-05-23 10:32:09'),
(446, 'باردوبيتسه ', 94, '2016-05-23 10:32:27', '2016-05-23 10:32:27'),
(449, '  أوسترافا   ', 94, '2016-05-23 10:33:03', '2016-05-23 10:33:03'),
(452, 'أولوموتس', 94, '2016-05-23 10:33:30', '2016-05-23 10:33:30'),
(453, '   زلين  ', 94, '2016-05-23 10:34:01', '2016-05-23 10:34:01'),
(455, ' دشكوف', 94, '2016-05-23 10:34:29', '2016-05-23 10:34:29'),
(457, ' خب  ', 94, '2016-05-23 10:34:52', '2016-05-23 10:34:52'),
(458, ' تبليتسه  ', 94, '2016-05-23 10:35:11', '2016-05-23 10:35:11'),
(459, ' بنتيتسه ', 94, '2016-05-23 10:35:32', '2016-05-23 10:35:32'),
(460, 'بلزن ', 94, '2016-05-23 10:35:36', '2016-05-23 10:35:36'),
(462, 'كورنيليو بروكوبيو', 126, '2016-05-23 10:39:07', '2016-05-23 10:39:07'),
(466, 'فالاشسكي ميزيريتشي  ', 94, '2016-05-23 10:43:17', '2016-05-23 10:43:17'),
(467, '  ملادا بوليسلاف', 94, '2016-05-23 10:43:35', '2016-05-23 10:43:35'),
(468, '  ليبيريتس ', 94, '2016-05-23 10:44:12', '2016-05-23 10:44:12'),
(469, '   كولين', 94, '2016-05-23 10:44:57', '2016-05-23 10:44:57'),
(470, ' فيشكوف', 94, '2016-05-23 10:45:21', '2016-05-23 10:45:21'),
(471, 'فيديم ', 94, '2016-05-23 10:45:27', '2016-05-23 10:45:27'),
(481, 'كومارنو', 127, '2016-05-23 10:59:25', '2016-05-23 10:59:25'),
(482, 'لينز', 108, '2016-05-23 11:00:43', '2016-05-23 11:00:43'),
(483, ' قيصرية', 95, '2016-05-23 11:56:03', '2016-05-23 11:02:31'),
(484, 'بروك آن دير المر', 108, '2016-05-23 11:03:56', '2016-05-23 11:03:56'),
(485, 'فيينا ', 108, '2016-05-23 11:04:19', '2016-05-23 11:04:19'),
(486, 'لينز ، النمسا العليا ', 108, '2016-05-23 11:04:57', '2016-05-23 11:04:57'),
(488, 'زومباثلى', 108, '2016-05-23 11:05:48', '2016-05-23 11:05:48'),
(489, 'يلدكيرخن في كارنتين', 108, '2016-05-23 11:06:33', '2016-05-23 11:06:33'),
(492, 'يلدكيرخن في كارنتين', 108, '2016-05-23 11:44:13', '2016-05-23 11:44:13'),
(493, 'راتس', 108, '2016-05-23 11:44:33', '2016-05-23 11:44:33'),
(494, 'غراتس', 108, '2016-05-23 11:44:53', '2016-05-23 11:44:53'),
(496, 'سالزبورغ ', 108, '2016-05-23 11:45:17', '2016-05-23 11:45:17'),
(498, 'فيينا', 108, '2016-05-23 11:45:40', '2016-05-23 11:45:40'),
(501, 'هالين  ', 108, '2016-05-23 11:46:21', '2016-05-23 11:46:21'),
(504, 'غراتس', 108, '2016-05-23 11:47:22', '2016-05-23 11:47:22'),
(507, 'كيتزبوهيل', 108, '2016-05-23 11:48:15', '2016-05-23 11:48:15'),
(508, 'غراتس', 108, '2016-05-23 11:48:37', '2016-05-23 11:48:37'),
(510, 'فلوريدزدورف ، فيينا', 108, '2016-05-23 11:49:01', '2016-05-23 11:49:01'),
(511, 'أنقرة', 95, '2016-05-23 11:49:06', '2016-05-23 11:49:06'),
(514, 'كراتشي ', 128, '2016-05-23 11:52:17', '2016-05-23 11:52:17'),
(515, 'إزمير', 95, '2016-05-23 12:02:04', '2016-05-23 12:02:04'),
(516, 'أضنة ', 95, '2016-05-23 12:04:23', '2016-05-23 12:04:23'),
(517, 'عنتاب ', 95, '2016-05-23 12:05:17', '2016-05-23 12:05:17'),
(518, 'قونية', 95, '2016-05-23 12:08:37', '2016-05-23 12:08:37'),
(519, 'إسكيشهر', 95, '2016-05-23 12:09:03', '2016-05-23 12:09:03'),
(520, 'إسكيشهر', 95, '2016-05-23 12:09:35', '2016-05-23 12:09:35'),
(521, 'ديار بكر', 95, '2016-05-23 12:11:42', '2016-05-23 12:11:42'),
(522, 'سامسون ', 95, '2016-05-23 12:12:04', '2016-05-23 12:12:04'),
(523, 'دينيزلي', 95, '2016-05-23 12:12:31', '2016-05-23 12:12:31'),
(524, 'الرها', 95, '2016-05-23 12:13:07', '2016-05-23 12:13:07'),
(525, 'شانلورفا', 95, '2016-05-23 12:14:15', '2016-05-23 12:14:15'),
(526, ' قهرمان مرعش', 95, '2016-05-23 12:14:46', '2016-05-23 12:14:46'),
(527, 'أرضروم', 95, '2016-05-23 12:15:03', '2016-05-23 12:15:03'),
(528, 'ريكيافيك', 111, '2016-05-23 12:15:05', '2016-05-23 12:15:05'),
(529, 'كيفلافيك', 111, '2016-05-23 12:15:37', '2016-05-23 12:15:37'),
(530, 'هوسافيك', 111, '2016-05-23 12:15:58', '2016-05-23 12:15:58'),
(531, 'Vestmannaeyjar', 111, '2016-05-23 12:16:47', '2016-05-23 12:16:47'),
(532, 'اكوريري ', 111, '2016-05-23 12:17:03', '2016-05-23 12:17:03'),
(533, 'هافنارفجوردور ', 111, '2016-05-23 12:17:24', '2016-05-23 12:17:24'),
(534, 'أرضروم', 95, '2016-05-23 12:18:07', '2016-05-23 12:18:07'),
(535, 'وان', 95, '2016-05-23 12:18:23', '2016-05-23 12:18:23'),
(536, 'بطمان', 95, '2016-05-23 12:18:47', '2016-05-23 12:18:47'),
(537, 'بطمان', 95, '2016-05-23 12:19:11', '2016-05-23 12:19:11'),
(538, 'إيلازيغ', 95, '2016-05-23 12:19:25', '2016-05-23 12:19:25'),
(539, 'أوبسالا ', 129, '2016-05-23 12:19:42', '2016-05-23 12:19:42'),
(540, 'أزميت', 95, '2016-05-23 12:20:09', '2016-05-23 12:20:09'),
(541, 'مانيسا', 95, '2016-05-23 12:20:25', '2016-05-23 12:20:25'),
(542, 'Grindavík ', 111, '2016-05-23 12:20:33', '2016-05-23 12:20:33'),
(543, 'سيواس', 95, '2016-05-23 12:20:41', '2016-05-23 12:20:41'),
(544, 'جِبزي', 95, '2016-05-23 12:20:58', '2016-05-23 12:20:58'),
(545, 'باليكسير', 95, '2016-05-23 12:21:10', '2016-05-23 12:21:10'),
(546, 'طرسوس', 95, '2016-05-23 12:21:21', '2016-05-23 12:21:21'),
(547, 'كوتاهيا', 95, '2016-05-23 12:21:34', '2016-05-23 12:21:34'),
(548, 'طرابزون', 95, '2016-05-23 12:21:47', '2016-05-23 12:21:47'),
(549, 'جوروم', 95, '2016-05-23 12:21:59', '2016-05-23 12:21:59'),
(550, 'تشورلو', 95, '2016-05-23 12:22:16', '2016-05-23 12:22:16'),
(551, 'أديامان', 95, '2016-05-23 12:22:31', '2016-05-23 12:22:31'),
(552, 'عثمانية', 95, '2016-05-23 12:22:47', '2016-05-23 12:22:47'),
(553, 'كيركالي', 95, '2016-05-23 12:23:03', '2016-05-23 12:23:03'),
(554, 'أنطاكية', 95, '2016-05-23 12:23:15', '2016-05-23 12:23:15'),
(555, 'أيدين', 95, '2016-05-23 12:23:28', '2016-05-23 12:23:28'),
(556, 'إسكندرونة', 95, '2016-05-23 12:23:39', '2016-05-23 12:23:39'),
(557, 'أوشاك	', 95, '2016-05-23 12:23:51', '2016-05-23 12:23:51'),
(558, 'آق سراي', 95, '2016-05-23 12:24:04', '2016-05-23 12:24:04'),
(559, 'أفيون', 95, '2016-05-23 12:24:25', '2016-05-23 12:24:25'),
(560, 'إسبرطة، تركيا', 95, '2016-05-23 12:24:36', '2016-05-23 12:24:36'),
(561, 'إنِغول', 95, '2016-05-23 12:24:49', '2016-05-23 12:24:49'),
(562, 'تيكيرداغ', 95, '2016-05-23 12:25:02', '2016-05-23 12:25:02'),
(563, 'أدرنة', 95, '2016-05-23 12:25:11', '2016-05-23 12:25:11'),
(564, 'دريكا', 95, '2016-05-23 12:25:22', '2016-05-23 12:25:22'),
(565, 'أردو', 95, '2016-05-23 12:25:35', '2016-05-23 12:25:35'),
(566, 'كارامان', 95, '2016-05-23 12:25:46', '2016-05-23 12:25:46'),
(567, 'مانشستر', 87, '2016-05-24 05:22:12', '2016-05-24 05:22:12'),
(568, 'غالواي', 107, '2016-05-24 05:22:59', '2016-05-24 05:22:59'),
(569, 'غرينتش', 87, '2016-05-24 05:23:21', '2016-05-24 05:23:21'),
(570, 'Lifford ، مقاطعة دونيجال', 107, '2016-05-24 05:24:35', '2016-05-24 05:24:35'),
(571, 'وترفورد', 107, '2016-05-24 05:25:34', '2016-05-24 05:25:34'),
(572, 'Aghagallon ', 91, '2016-05-24 05:26:23', '2016-05-24 05:26:23'),
(573, 'Kilpedder ', 107, '2016-05-24 05:26:50', '2016-05-24 05:26:50'),
(574, 'Killybegs ', 107, '2016-05-24 05:27:33', '2016-05-24 05:27:33'),
(575, 'دبلن', 107, '2016-05-24 05:28:01', '2016-05-24 05:28:01'),
(577, 'Sarmede', 97, '2016-05-25 10:31:47', '2016-05-24 05:32:36'),
(579, 'بلاكبيرن', 87, '2016-05-24 05:33:40', '2016-05-24 05:33:40'),
(580, 'باليبودين', 107, '2016-05-24 05:35:43', '2016-05-24 05:35:43'),
(581, 'كرارا', 97, '2016-05-24 05:37:00', '2016-05-24 05:37:00'),
(582, 'لاتينا ', 97, '2016-05-24 05:37:17', '2016-05-24 05:37:17'),
(583, 'نورو', 97, '2016-05-24 05:37:37', '2016-05-24 05:37:37'),
(584, 'فيسولي ', 97, '2016-05-24 05:38:19', '2016-05-24 05:38:19'),
(586, 'بيزا ', 97, '2016-05-24 05:42:28', '2016-05-24 05:42:28'),
(587, 'Agata di Goti', 97, '2016-05-24 05:49:49', '2016-05-24 05:49:49'),
(588, 'فيتربو', 97, '2016-05-24 05:50:13', '2016-05-24 05:50:13'),
(589, 'مونزا ', 97, '2016-05-24 05:50:29', '2016-05-24 05:50:29'),
(590, 'نيانو', 97, '2016-05-24 05:50:47', '2016-05-24 05:50:47'),
(591, 'Flero', 97, '2016-05-24 05:51:29', '2016-05-24 05:51:29'),
(592, 'روما ', 97, '2016-05-24 05:52:10', '2016-05-24 05:52:10'),
(593, 'تورينو', 97, '2016-05-24 05:52:25', '2016-05-24 05:52:25'),
(594, 'بيسكارا', 97, '2016-05-24 05:54:05', '2016-05-24 05:54:05'),
(596, 'ساو برناردو دو كامبو ', 126, '2016-05-24 05:55:09', '2016-05-24 05:55:09'),
(597, 'فليتري', 97, '2016-05-24 05:55:39', '2016-05-24 05:55:39'),
(598, 'باري ', 97, '2016-05-24 05:56:37', '2016-05-24 05:56:37'),
(599, 'توري أنونزياتا ', 97, '2016-05-24 05:56:50', '2016-05-24 05:56:50'),
(600, 'لاورو مولر', 126, '2016-05-24 05:57:13', '2016-05-24 05:57:13'),
(601, 'سان سيزاريو دي ليتشي', 97, '2016-05-24 05:57:28', '2016-05-24 05:57:28'),
(603, 'نابولي', 97, '2016-05-24 05:57:42', '2016-05-24 05:57:42'),
(604, 'Calcinate ', 97, '2016-05-24 05:57:56', '2016-05-24 05:57:56'),
(605, 'باليرمو', 97, '2016-05-24 05:58:13', '2016-05-24 05:58:13'),
(606, 'كاستيغليون ديل لاغو', 97, '2016-05-24 05:58:32', '2016-05-24 05:58:32'),
(607, ' 	Gallarate,', 97, '2016-05-24 06:04:26', '2016-05-24 06:04:26'),
(628, ' قونية', 95, '2016-05-24 06:22:17', '2016-05-24 06:22:17'),
(631, 'خاركيف', 113, '2016-05-24 06:25:36', '2016-05-24 06:25:36'),
(633, 'كييف', 113, '2016-05-24 06:27:01', '2016-05-24 06:27:01'),
(635, 'دنيبرو', 113, '2016-05-24 06:27:49', '2016-05-24 06:27:49'),
(638, 'أوديسا', 113, '2016-05-24 06:28:31', '2016-05-24 06:28:31'),
(639, 'زاباروجيا', 113, '2016-05-24 06:28:55', '2016-05-24 06:28:55'),
(640, 'خيرسون', 113, '2016-05-24 06:29:23', '2016-05-24 06:29:23'),
(641, 'لفيف', 113, '2016-05-24 06:29:49', '2016-05-24 06:29:49'),
(642, 'دونيتسك', 113, '2016-05-24 06:30:32', '2016-05-24 06:30:32'),
(643, 'زينيكا ', 132, '2016-05-24 06:30:50', '2016-05-24 06:30:50'),
(644, 'سومي', 113, '2016-05-24 06:30:57', '2016-05-24 06:30:57'),
(647, 'جيتومير', 113, '2016-05-24 06:31:29', '2016-05-24 06:31:29'),
(649, 'فينيتسا', 113, '2016-05-24 06:31:52', '2016-05-24 06:31:52'),
(650, 'ترنوبل', 113, '2016-05-24 06:32:13', '2016-05-24 06:32:13'),
(651, 'ميكولايف', 113, '2016-05-24 06:32:54', '2016-05-24 06:32:54'),
(652, 'لوهانسك', 113, '2016-05-24 06:33:13', '2016-05-24 06:33:13'),
(653, 'بولتافا', 113, '2016-05-24 06:33:32', '2016-05-24 06:33:32'),
(654, 'تشرنيغوف', 113, '2016-05-24 06:33:51', '2016-05-24 06:33:51'),
(655, 'أومان', 113, '2016-05-24 06:34:33', '2016-05-24 06:34:33'),
(656, 'ألتشيفسك', 113, '2016-05-24 06:34:59', '2016-05-24 06:34:59'),
(657, 'أنتراتسيت', 113, '2016-05-24 06:35:40', '2016-05-24 06:35:40'),
(658, 'بريانكا', 113, '2016-05-24 06:36:13', '2016-05-24 06:36:13'),
(659, 'ألوشتا', 113, '2016-05-24 06:36:37', '2016-05-24 06:36:37'),
(660, 'بوريسلاف', 113, '2016-05-24 06:37:08', '2016-05-24 06:37:08'),
(661, 'روفنو', 113, '2016-05-24 06:37:29', '2016-05-24 06:37:29'),
(662, 'براتسلاف', 113, '2016-05-24 06:37:56', '2016-05-24 06:37:56'),
(663, 'بار', 113, '2016-05-24 06:38:19', '2016-05-24 06:38:19'),
(664, 'باتورين', 113, '2016-05-24 06:38:50', '2016-05-24 06:38:50'),
(665, 'أسكانيا-نوفا', 113, '2016-05-24 06:39:11', '2016-05-24 06:39:11'),
(666, 'دوبروفنيك', 96, '2016-05-24 06:39:32', '2016-05-24 06:39:32'),
(667, 'زغرب', 96, '2016-05-24 07:30:47', '2016-05-24 06:39:43'),
(668, 'بورشتين', 113, '2016-05-24 06:39:48', '2016-05-24 06:39:48'),
(669, 'سبليت', 96, '2016-05-24 06:40:02', '2016-05-24 06:40:02'),
(670, 'زادار', 96, '2016-05-24 06:40:18', '2016-05-24 06:40:18'),
(671, 'جوفكفا', 113, '2016-05-24 06:40:26', '2016-05-24 06:40:26'),
(672, 'بولا', 96, '2016-05-24 06:40:32', '2016-05-24 06:40:32'),
(673, 'شيبينيك', 96, '2016-05-24 06:40:46', '2016-05-24 06:40:46'),
(674, 'بالتا', 113, '2016-05-24 06:40:47', '2016-05-24 06:40:47'),
(675, 'رييكا', 96, '2016-05-24 06:40:59', '2016-05-24 06:40:59'),
(676, 'جيداتشيف', 113, '2016-05-24 06:41:04', '2016-05-24 06:41:04'),
(677, 'فوكوفار', 96, '2016-05-24 06:41:11', '2016-05-24 06:41:11'),
(678, 'أوسييك', 96, '2016-05-24 06:41:23', '2016-05-24 06:41:23'),
(679, 'أرميانسك', 113, '2016-05-24 06:41:24', '2016-05-24 06:41:24'),
(680, 'سلافونسكي برود', 96, '2016-05-24 06:41:36', '2016-05-24 06:41:36'),
(681, 'بالاكليا', 113, '2016-05-24 06:41:43', '2016-05-24 06:41:43'),
(682, 'باخماتش', 113, '2016-05-24 06:42:00', '2016-05-24 06:42:00'),
(683, 'أوسييك', 96, '2016-05-24 06:42:19', '2016-05-24 06:42:19'),
(684, 'بورشتشيف', 113, '2016-05-24 06:42:21', '2016-05-24 06:42:21'),
(685, 'جميرينكا', 113, '2016-05-24 06:42:54', '2016-05-24 06:42:54'),
(686, 'سلافونسكي برود', 96, '2016-05-24 06:42:55', '2016-05-24 06:42:55'),
(687, 'بوزيغا', 96, '2016-05-24 06:43:10', '2016-05-24 06:43:10'),
(688, 'بيلوفار', 96, '2016-05-24 06:43:29', '2016-05-24 06:43:29'),
(689, 'سيساك', 96, '2016-05-24 06:43:45', '2016-05-24 06:43:45'),
(690, 'كارلوفاتش', 96, '2016-05-24 06:43:57', '2016-05-24 06:43:57'),
(691, 'فليكا غوريسا', 96, '2016-05-24 06:44:09', '2016-05-24 06:44:09'),
(692, 'فينكوفسي', 96, '2016-05-24 06:44:24', '2016-05-24 06:44:24'),
(693, 'زابرشيتش', 96, '2016-05-24 06:44:40', '2016-05-24 06:44:40'),
(694, 'كوبريفنيتسا', 96, '2016-05-24 06:45:00', '2016-05-24 06:45:00'),
(695, 'إنيرهودار', 113, '2016-05-24 06:45:51', '2016-05-24 06:45:51'),
(696, 'أندروشيفكا', 113, '2016-05-24 06:46:13', '2016-05-24 06:46:13'),
(697, 'أرتسيز', 113, '2016-05-24 06:46:32', '2016-05-24 06:46:32'),
(698, 'بيليايفكا', 113, '2016-05-24 06:46:47', '2016-05-24 06:46:47'),
(699, 'فارازدين', 96, '2016-05-24 06:46:58', '2016-05-24 06:46:58'),
(700, 'بيريزيفكا', 113, '2016-05-24 06:47:22', '2016-05-24 06:47:22'),
(701, 'كنين', 96, '2016-05-24 06:47:50', '2016-05-24 06:47:50'),
(702, 'أنانيف', 113, '2016-05-24 06:47:51', '2016-05-24 06:47:51'),
(704, 'بالابيني', 113, '2016-05-24 06:48:08', '2016-05-24 06:48:08'),
(706, 'بيريزنيهوفاتي', 113, '2016-05-24 06:48:28', '2016-05-24 06:48:28'),
(707, 'فودنيان', 96, '2016-05-24 06:48:34', '2016-05-24 06:48:34'),
(708, 'روفينج', 96, '2016-05-24 06:48:46', '2016-05-24 06:48:46'),
(709, 'إيموتسكي', 96, '2016-05-24 06:49:01', '2016-05-24 06:49:01'),
(710, 'بيلز', 113, '2016-05-24 06:49:10', '2016-05-24 06:49:10'),
(711, 'غوسبيتش', 96, '2016-05-24 06:49:13', '2016-05-24 06:49:13'),
(712, 'أوغولين', 96, '2016-05-24 06:49:28', '2016-05-24 06:49:28'),
(713, 'بيكيفكا', 113, '2016-05-24 06:49:36', '2016-05-24 06:49:36'),
(714, 'كومروفيتش', 96, '2016-05-24 06:49:40', '2016-05-24 06:49:40'),
(715, 'بازاليا', 113, '2016-05-24 06:50:02', '2016-05-24 06:50:02'),
(716, 'بيبركا', 113, '2016-05-24 06:50:18', '2016-05-24 06:50:18'),
(717, 'جورافنو', 113, '2016-05-24 06:50:40', '2016-05-24 06:50:40'),
(718, 'فالون ', 96, '2016-05-24 06:50:45', '2016-05-24 06:50:45'),
(719, 'بيريستيتشكو', 113, '2016-05-24 06:50:58', '2016-05-24 06:50:58'),
(720, 'بريبير', 96, '2016-05-24 06:51:13', '2016-05-24 06:51:13'),
(721, 'بورين', 113, '2016-05-24 06:51:22', '2016-05-24 06:51:22'),
(722, 'بازين', 96, '2016-05-24 06:51:31', '2016-05-24 06:51:31'),
(723, 'تشاكوفيتش', 96, '2016-05-24 06:51:56', '2016-05-24 06:51:56'),
(724, 'كريزفيسي', 81, '2016-05-24 06:52:39', '2016-05-24 06:52:39'),
(725, 'كومروفيتش', 96, '2016-05-24 06:52:54', '2016-05-24 06:52:54'),
(726, 'دبلن', 91, '2016-05-24 06:59:29', '2016-05-24 06:59:29'),
(727, 'كورك', 91, '2016-05-24 07:00:35', '2016-05-24 07:00:35'),
(728, 'غالواي', 91, '2016-05-24 07:00:57', '2016-05-24 07:00:57'),
(729, 'ليميريك', 91, '2016-05-24 07:01:57', '2016-05-24 07:01:57'),
(730, 'واترفورد', 91, '2016-05-24 07:02:19', '2016-05-24 07:02:19'),
(731, 'سوردس', 91, '2016-05-24 07:02:43', '2016-05-24 07:02:43'),
(732, 'ديري‏', 91, '2016-05-24 07:03:33', '2016-05-24 07:03:33'),
(733, 'بلفاست', 91, '2016-05-24 07:04:01', '2016-05-24 07:04:01'),
(734, 'بيليمينا', 91, '2016-05-24 07:04:37', '2016-05-24 07:04:37'),
(735, 'وارسو', 92, '2016-05-24 07:11:10', '2016-05-24 07:11:10'),
(740, 'كراكوف', 92, '2016-05-24 07:14:14', '2016-05-24 07:14:14'),
(741, 'فروتسواف', 92, '2016-05-24 07:14:33', '2016-05-24 07:14:33'),
(742, 'غدانسك', 92, '2016-05-24 07:14:54', '2016-05-24 07:14:54'),
(743, 'بوزنان', 92, '2016-05-24 07:15:14', '2016-05-24 07:15:14'),
(744, 'لوبلين', 92, '2016-05-24 07:15:31', '2016-05-24 07:15:31'),
(745, 'خوجوف', 92, '2016-05-24 07:15:48', '2016-05-24 07:15:48'),
(746, 'رودا شلاسكا', 92, '2016-05-24 07:16:08', '2016-05-24 07:16:08'),
(747, 'زابجه', 92, '2016-05-24 07:16:31', '2016-05-24 07:16:31'),
(748, 'تيتشي', 92, '2016-05-24 07:17:02', '2016-05-24 07:17:02'),
(749, 'وودج', 92, '2016-05-24 07:17:16', '2016-05-24 07:17:16'),
(750, 'تورون', 92, '2016-05-24 07:18:09', '2016-05-24 07:18:09'),
(751, 'كاتوفيتسه', 92, '2016-05-24 07:18:26', '2016-05-24 07:18:26'),
(752, 'جيشوف', 92, '2016-05-24 07:18:45', '2016-05-24 07:18:45'),
(753, 'بياويستوك', 92, '2016-05-24 07:19:03', '2016-05-24 07:19:03'),
(754, 'ترزبينيا', 92, '2016-05-24 07:19:22', '2016-05-24 07:19:22'),
(755, 'غدينيا', 92, '2016-05-24 07:19:35', '2016-05-24 07:19:35'),
(756, 'كيلسي', 92, '2016-05-24 07:19:51', '2016-05-24 07:19:51'),
(757, 'كاليش', 92, '2016-05-24 07:20:10', '2016-05-24 07:20:10'),
(758, 'تارنوف', 92, '2016-05-24 07:21:55', '2016-05-24 07:21:55'),
(759, 'كونين', 92, '2016-05-24 07:22:40', '2016-05-24 07:22:40'),
(760, 'شفينتوخوفيتسه', 92, '2016-05-24 07:22:56', '2016-05-24 07:22:56'),
(761, 'تشيستوخوفا', 92, '2016-05-24 07:23:14', '2016-05-24 07:23:14'),
(762, 'كرزنو', 92, '2016-05-24 07:23:27', '2016-05-24 07:23:27'),
(763, 'زكوبن', 92, '2016-05-24 07:24:20', '2016-05-24 07:24:20'),
(764, 'غليفيتسه', 92, '2016-05-24 07:24:38', '2016-05-24 07:24:38'),
(765, 'بوتسك', 92, '2016-05-24 07:25:02', '2016-05-24 07:25:02'),
(766, 'أوبولي', 92, '2016-05-24 07:25:23', '2016-05-24 07:25:23'),
(767, 'بيدغوشتش', 92, '2016-05-24 07:25:41', '2016-05-24 07:25:41'),
(768, 'دابروفا غورنيزا', 92, '2016-05-24 07:26:02', '2016-05-24 07:26:02'),
(769, 'البلنغ', 92, '2016-05-24 07:26:19', '2016-05-24 07:26:19'),
(770, 'جلونا غورا', 92, '2016-05-24 07:26:39', '2016-05-24 07:26:39'),
(771, 'يافورجنو', 92, '2016-05-24 07:26:56', '2016-05-24 07:26:56'),
(772, 'بيطوم', 92, '2016-05-24 07:27:16', '2016-05-24 07:27:16'),
(773, 'ريبنيك', 92, '2016-05-24 07:27:33', '2016-05-24 07:27:33'),
(774, 'رادوم', 92, '2016-05-24 07:27:52', '2016-05-24 07:27:52'),
(775, 'زاموسك', 92, '2016-05-24 07:28:33', '2016-05-24 07:28:33'),
(776, 'لغنيتسا', 92, '2016-05-24 07:28:57', '2016-05-24 07:28:57'),
(777, 'سووبسك', 92, '2016-05-24 07:29:16', '2016-05-24 07:29:16'),
(778, 'كشالين', 92, '2016-05-24 07:29:34', '2016-05-24 07:29:34'),
(779, 'أولشتين', 92, '2016-05-24 07:29:52', '2016-05-24 07:29:52'),
(780, 'سوبوت', 92, '2016-05-24 07:30:08', '2016-05-24 07:30:08'),
(781, 'غورجوف ويلكوبولسكي', 92, '2016-05-24 07:30:34', '2016-05-24 07:30:34'),
(782, 'ستارغارد زتسيسينسكي', 92, '2016-05-24 07:30:56', '2016-05-24 07:30:56'),
(783, 'سوانسي', 90, '2016-05-24 07:47:42', '2016-05-24 07:47:42'),
(784, 'بريوف', 127, '2016-05-24 07:47:55', '2016-05-24 07:47:55'),
(785, ' كرويدون', 87, '2016-05-24 07:58:30', '2016-05-24 07:58:30'),
(786, 'سراييفو ', 132, '2016-05-24 08:42:51', '2016-05-24 08:42:51'),
(790, 'بورتاداون', 91, '2016-05-24 10:44:09', '2016-05-24 10:44:09'),
(791, 'Kilrea', 107, '2016-05-24 12:01:18', '2016-05-24 12:01:18'),
(792, 'بروكسل', 104, '2016-05-25 10:48:34', '2016-05-25 10:48:34'),
(793, 'أنتويرب', 104, '2016-05-25 10:49:54', '2016-05-25 10:49:54'),
(794, 'غنت', 104, '2016-05-25 10:50:08', '2016-05-25 10:50:08'),
(795, 'شارلوروا', 104, '2016-05-25 10:50:23', '2016-05-25 10:50:23'),
(796, 'ليتشي', 97, '2016-05-25 10:50:29', '2016-05-25 10:50:29'),
(797, 'بروج', 104, '2016-05-25 10:50:49', '2016-05-25 10:50:49'),
(798, 'لييج', 104, '2016-05-25 10:51:14', '2016-05-25 10:51:14'),
(799, 'لوفان', 104, '2016-05-25 10:51:42', '2016-05-25 10:51:42'),
(800, 'آرلون', 104, '2016-05-25 10:52:00', '2016-05-25 10:52:00'),
(801, 'تورناي', 104, '2016-05-25 10:52:15', '2016-05-25 10:52:15'),
(802, 'مونس', 104, '2016-05-25 10:52:35', '2016-05-25 10:52:35'),
(803, 'دينانت', 81, '2016-05-25 10:52:47', '2016-05-25 10:52:47'),
(804, 'رنز', 104, '2016-05-25 10:53:01', '2016-05-25 10:53:01'),
(805, 'هوي', 104, '2016-05-25 10:53:16', '2016-05-25 10:53:16'),
(806, 'ميسن', 104, '2016-05-25 10:53:58', '2016-05-25 10:53:58'),
(807, 'نامور', 104, '2016-05-25 10:56:02', '2016-05-25 10:56:02'),
(808, 'إيتربيك', 104, '2016-05-25 10:56:18', '2016-05-25 10:56:18'),
(809, 'تونجيرين ', 104, '2016-05-25 10:56:44', '2016-05-25 10:56:44'),
(810, 'هاله', 104, '2016-05-25 10:56:57', '2016-05-25 10:56:57'),
(811, 'فيزيه', 104, '2016-05-25 10:57:12', '2016-05-25 10:57:12'),
(812, 'أوستند', 104, '2016-05-25 10:57:52', '2016-05-25 10:57:52'),
(813, 'Dongelberg', 104, '2016-05-25 11:04:16', '2016-05-25 11:04:16'),
(814, 'PREROV', 94, '2016-05-25 11:25:30', '2016-05-25 11:25:30'),
(815, 'ميشيلن', 104, '2016-05-25 11:29:36', '2016-05-25 11:29:36'),
(816, 'لومل', 104, '2016-05-25 11:29:50', '2016-05-25 11:29:50'),
(817, 'كورسيل', 104, '2016-05-25 11:30:07', '2016-05-25 11:30:07'),
(818, 'نيفيل', 104, '2016-05-25 11:30:40', '2016-05-25 11:30:40'),
(819, 'سانت تروند', 104, '2016-05-25 11:36:30', '2016-05-25 11:36:30'),
(820, '	ميراندولا', 97, '2016-05-26 08:56:37', '2016-05-26 08:56:37'),
(822, 'سانت بطرسبرغ', 89, '2016-05-26 10:30:38', '2016-05-26 10:30:38'),
(823, 'بلوك', 92, '2016-05-26 10:47:58', '2016-05-26 10:47:58'),
(826, '	ليوبليانا', 138, '2016-05-26 11:26:37', '2016-05-26 11:26:37'),
(828, '	ولدزال', 99, '2016-05-26 11:42:38', '2016-05-26 11:42:38'),
(829, 'Münsingen', 85, '2016-05-29 07:16:20', '2016-05-29 07:16:20'),
(830, 'بروكلين , نيويورك', 139, '2016-05-29 07:35:30', '2016-05-29 07:35:30'),
(831, 'Egnach', 85, '2016-05-29 07:40:37', '2016-05-29 07:40:37'),
(832, 'نيوشاتيل', 85, '2016-05-29 07:59:06', '2016-05-29 07:59:06'),
(833, 'ليمنغتون سبا', 87, '2016-05-29 08:09:12', '2016-05-29 08:09:12'),
(835, 'برايا', 125, '2016-05-29 08:22:32', '2016-05-29 08:22:32'),
(836, 'كوسوفو', 142, '2016-05-29 12:32:35', '2016-05-29 12:32:35'),
(837, 'جيلان, كوسوفو', 142, '2016-05-29 12:42:26', '2016-05-29 12:42:26'),
(838, 'القدس', 144, '2016-05-29 12:43:52', '2016-05-29 12:43:52'),
(840, 'الرياض', 145, '2016-05-29 12:53:57', '2016-05-29 12:53:57'),
(841, 'سورسي', 85, '2016-05-29 12:58:23', '2016-05-29 12:58:23'),
(842, 'Urdorf', 85, '2016-05-29 13:05:03', '2016-05-29 13:05:03'),
(843, 'الدوحة', 147, '2016-05-29 13:12:54', '2016-05-29 13:12:54'),
(845, 'تيتوفو', 149, '2016-05-29 13:31:19', '2016-05-29 13:31:19'),
(846, 'القاهرة', 150, '2016-05-29 13:47:04', '2016-05-29 13:47:04'),
(847, 'الجيزة', 150, '2016-05-29 13:47:13', '2016-05-29 13:47:13'),
(848, ' برستون ', 87, '2016-05-29 14:55:42', '2016-05-29 14:55:42'),
(849, ' دونكاستر', 87, '2016-05-29 15:02:02', '2016-05-29 15:02:02'),
(853, 'ميلتون كينز', 87, '2016-05-30 08:42:49', '2016-05-30 08:42:49'),
(854, 'جليفيتش', 92, '2016-05-30 09:02:38', '2016-05-30 09:02:38'),
(858, 'نيوكاسل أبون تاين', 87, '2016-05-30 10:10:16', '2016-05-30 10:10:16'),
(860, 'كيروفوهراد', 113, '2016-05-30 12:33:16', '2016-05-30 12:33:16'),
(861, 'Liubeshiv', 113, '2016-05-30 13:07:17', '2016-05-30 13:07:17'),
(862, 'لوتسك', 113, '2016-05-30 13:17:15', '2016-05-30 13:17:15'),
(863, 'برشوترافينسك ', 113, '2016-05-30 13:23:14', '2016-05-30 13:23:14'),
(864, 'ميليتوبول', 113, '2016-05-30 13:37:53', '2016-05-30 13:37:53'),
(866, 'Voroshylovhrad أوبلاست ', 113, '2016-05-30 13:49:21', '2016-05-30 13:49:21'),
(867, 'milove', 113, '2016-05-30 14:02:16', '2016-05-30 14:02:16'),
(868, 'موجي داس كروزيز ', 126, '2016-05-30 14:15:39', '2016-05-30 14:15:39'),
(869, 'ميليتوبول', 113, '2016-05-30 14:20:36', '2016-05-30 14:20:36'),
(870, 'سومي رايون', 113, '2016-05-30 14:26:19', '2016-05-30 14:26:19'),
(871, 'Velyka Novosilka ', 113, '2016-05-30 14:40:42', '2016-05-30 14:40:42'),
(872, 'لينينغراد', 89, '2016-05-30 14:52:35', '2016-05-30 14:52:35'),
(873, 'Dvirkivschyna', 113, '2016-05-30 14:54:24', '2016-05-30 14:54:24'),
(875, 'مينسك', 151, '2016-05-31 07:39:48', '2016-05-31 07:39:48'),
(876, ' SFR يوغوسلافيا', 140, '2016-05-31 08:11:28', '2016-05-31 08:11:01'),
(877, 'Makiivka', 113, '2016-05-31 08:22:08', '2016-05-31 08:22:08'),
(878, 'تورونتو', 152, '2016-05-31 08:44:38', '2016-05-31 08:44:38'),
(879, 'ليتونستون', 87, '2016-05-31 08:49:04', '2016-05-31 08:49:04'),
(880, 'إنيسكيلين ', 91, '2016-05-31 09:00:49', '2016-05-31 09:00:49'),
(881, 'كوكستاون', 91, '2016-05-31 09:15:58', '2016-05-31 09:15:58'),
(882, 'بلموني', 91, '2016-05-31 09:16:24', '2016-05-31 09:16:24'),
(883, 'بلفاست ', 91, '2016-05-31 09:16:38', '2016-05-31 09:16:38'),
(884, 'ليرن ، مقاطعة أنتريم', 91, '2016-05-31 09:17:00', '2016-05-31 09:17:00'),
(885, 'بورتاداون ', 91, '2016-05-31 09:17:14', '2016-05-31 09:17:14'),
(886, 'نيوري', 91, '2016-05-31 09:17:29', '2016-05-31 09:17:29'),
(887, 'Verwood', 87, '2016-05-31 09:18:14', '2016-05-31 09:18:14'),
(888, 'برمنغهام', 87, '2016-05-31 09:19:04', '2016-05-31 09:19:04'),
(889, 'دونجانون ، مقاطعة تايرون', 91, '2016-05-31 09:19:29', '2016-05-31 09:19:29'),
(890, 'ديري', 91, '2016-05-31 09:19:44', '2016-05-31 09:19:44'),
(891, 'بيرنلي ', 87, '2016-05-31 09:19:57', '2016-05-31 09:19:57'),
(893, 'بلايميندا ', 91, '2016-05-31 09:21:09', '2016-05-31 09:21:09'),
(894, 'كوربي', 87, '2016-05-31 09:21:30', '2016-05-31 09:21:30'),
(895, 'بانجور، مقاطعة داون', 91, '2016-05-31 09:21:52', '2016-05-31 09:21:52'),
(896, 'إنيسكيلين ', 91, '2016-05-31 09:22:06', '2016-05-31 09:22:06'),
(897, 'سوليهال', 87, '2016-05-31 09:23:09', '2016-05-31 09:23:09'),
(898, 'باليكلار ، مقاطعة أنتريم', 91, '2016-05-31 10:04:27', '2016-05-31 10:04:27'),
(899, 'برمنغهام', 87, '2016-05-31 10:20:54', '2016-05-31 10:20:54'),
(900, 'كوربي', 87, '2016-05-31 10:41:22', '2016-05-31 10:41:22'),
(901, 'تشاتام، كينت', 87, '2016-05-31 10:48:35', '2016-05-31 10:48:35'),
(902, 'سيدلس', 92, '2016-05-31 12:12:25', '2016-05-31 12:12:25'),
(903, 'Kostrzyn ناد أودرا ', 92, '2016-05-31 12:18:30', '2016-05-31 12:18:30'),
(904, 'بوجومبورا', 153, '2016-05-31 12:30:13', '2016-05-31 12:30:13'),
(905, 'Kutno', 92, '2016-05-31 12:52:26', '2016-05-31 12:52:26'),
(906, 'Kutno', 92, '2016-05-31 13:12:37', '2016-05-31 13:12:37'),
(907, 'Jastrzębie ازدروي ', 92, '2016-05-31 13:16:38', '2016-05-31 13:16:38'),
(908, 'Goczałkowice ازدروي ', 92, '2016-05-31 13:22:28', '2016-05-31 13:22:28'),
(909, 'Łowicz', 92, '2016-05-31 13:30:22', '2016-05-31 13:30:22'),
(910, 'أولشتاين', 92, '2016-05-31 13:35:45', '2016-05-31 13:35:45'),
(911, 'كوريتيبا ', 126, '2016-05-31 13:41:26', '2016-05-31 13:41:26'),
(912, 'تارنوف', 92, '2016-05-31 13:47:58', '2016-05-31 13:47:58'),
(913, 'فيدنويي', 89, '2016-05-31 14:02:28', '2016-05-31 14:02:28'),
(914, 'زنين ', 92, '2016-05-31 14:05:56', '2016-05-31 14:05:56'),
(915, 'Tczew', 92, '2016-05-31 14:12:55', '2016-05-31 14:12:55'),
(916, 'فلاديمير', 89, '2016-05-31 14:17:54', '2016-05-31 14:17:54'),
(917, 'زابكوفيتسي SLASKIE', 92, '2016-05-31 14:18:08', '2016-05-31 14:18:08'),
(918, 'Jaslo', 92, '2016-05-31 14:22:05', '2016-05-31 14:22:05'),
(919, 'رودا شلاسكا', 92, '2016-05-31 14:28:07', '2016-05-31 14:28:07'),
(920, 'ردوم', 92, '2016-05-31 14:29:52', '2016-05-31 14:29:52'),
(921, 'سيرادز', 92, '2016-05-31 14:34:49', '2016-05-31 14:34:49'),
(922, 'شيبكينو', 89, '2016-05-31 14:43:17', '2016-05-31 14:43:17'),
(923, 'كريكاو', 86, '2016-06-01 07:34:46', '2016-06-01 07:34:46'),
(924, 'هوهينيمز', 108, '2016-06-01 07:48:11', '2016-06-01 07:48:11'),
(925, 'Neunkirchen ', 108, '2016-06-01 07:58:23', '2016-06-01 07:58:23'),
(927, 'فيلدكيرخن في كارنتين', 108, '2016-06-01 07:59:51', '2016-06-01 07:59:51'),
(929, 'Hollabrunn', 108, '2016-06-01 08:12:35', '2016-06-01 08:12:35'),
(930, 'فيلس', 108, '2016-06-01 08:15:00', '2016-06-01 08:15:00'),
(931, 'زومباثلى ', 155, '2016-06-01 08:35:39', '2016-06-01 08:35:39'),
(932, 'كامينسك-أورالسكي', 89, '2016-06-01 08:58:26', '2016-06-01 08:58:26'),
(933, 'وزنيكا', 156, '2016-06-01 08:59:35', '2016-06-01 08:59:35'),
(934, 'اومهاوسين', 108, '2016-06-01 09:04:19', '2016-06-01 09:04:19'),
(935, 'Marrazes', 109, '2016-06-01 12:19:20', '2016-06-01 12:19:20'),
(936, 'GIVORS', 81, '2016-06-01 12:25:30', '2016-06-01 12:25:30'),
(938, 'ريو دي جانيرو', 126, '2016-06-01 12:49:37', '2016-06-01 12:49:37'),
(939, 'Cataguases', 126, '2016-06-01 12:49:59', '2016-06-01 12:49:59'),
(940, 'ميناس جرايس', 126, '2016-06-01 12:50:32', '2016-06-01 12:50:32'),
(943, 'ميليروفو', 89, '2016-06-01 12:54:36', '2016-06-01 12:54:36'),
(944, 'كالتان', 89, '2016-06-01 13:05:47', '2016-06-01 13:05:47'),
(945, 'ديدوفسك', 89, '2016-06-01 13:13:25', '2016-06-01 13:13:25'),
(947, 'نيجني تاجيل', 89, '2016-06-01 13:19:57', '2016-06-01 13:19:57'),
(949, 'نوريلسك', 89, '2016-06-01 13:41:08', '2016-06-01 13:41:08'),
(950, 'سان بييترو فيرنوتيكو', 97, '2016-06-01 13:44:13', '2016-06-01 13:44:13'),
(953, 'فالويكي', 89, '2016-06-01 14:00:50', '2016-06-01 14:00:50'),
(954, 'ساراتوف', 89, '2016-06-01 14:10:09', '2016-06-01 14:10:09'),
(955, 'بيساو', 157, '2016-06-01 14:12:42', '2016-06-01 14:12:42'),
(957, 'موطن دا كازا', 109, '2016-06-01 14:34:41', '2016-06-01 14:34:41'),
(958, 'ريكسهام', 90, '2016-06-01 15:00:01', '2016-06-01 15:00:01'),
(959, 'روثين', 90, '2016-06-02 07:50:27', '2016-06-02 07:50:27'),
(962, 'نيث', 90, '2016-06-02 08:57:54', '2016-06-02 08:57:54'),
(963, 'وارينغتون', 87, '2016-06-02 09:10:54', '2016-06-02 09:10:54'),
(964, 'ولفرهامبتن', 87, '2016-06-02 09:22:39', '2016-06-02 09:22:39'),
(965, 'كارمارثان', 90, '2016-06-02 09:43:37', '2016-06-02 09:43:37'),
(966, 'بارنستابل', 87, '2016-06-02 10:08:47', '2016-06-02 10:08:47'),
(967, 'كارفلي', 90, '2016-06-02 10:15:02', '2016-06-02 10:15:02'),
(968, 'برغاما', 95, '2016-06-02 10:23:53', '2016-06-02 10:23:53'),
(969, 'سنتا ، SFR يوغوسلافيا', 140, '2016-06-02 10:41:25', '2016-06-02 10:41:25'),
(970, 'Abergele', 90, '2016-06-02 11:23:14', '2016-06-02 11:23:14'),
(972, 'أمرشام', 87, '2016-06-02 11:39:20', '2016-06-02 11:39:20'),
(973, 'ساوثهامبتون', 87, '2016-06-02 12:29:42', '2016-06-02 12:29:42'),
(974, 'زندام', 99, '2016-06-02 13:01:12', '2016-06-02 13:01:12'),
(975, 'Sauðárkrókur', 111, '2016-06-02 13:03:58', '2016-06-02 13:03:58'),
(976, 'ملطية', 95, '2016-06-02 13:14:28', '2016-06-02 13:14:28'),
(977, 'الجراب', 95, '2016-06-02 13:17:52', '2016-06-02 13:17:52'),
(978, 'بيلا ناد Cirochou', 127, '2016-06-02 13:22:57', '2016-06-02 13:22:57'),
(979, 'بالق أسير', 95, '2016-06-02 13:23:12', '2016-06-02 13:23:12'),
(980, 'أدرميت ', 95, '2016-06-02 13:23:25', '2016-06-02 13:23:25'),
(982, 'بورصة', 95, '2016-06-02 13:38:05', '2016-06-02 13:38:05'),
(984, 'انطاليا', 95, '2016-06-02 13:49:49', '2016-06-02 13:49:49'),
(985, 'برونشوج', 158, '2016-06-02 14:02:48', '2016-06-02 14:02:48'),
(987, 'Matúškovo', 127, '2016-06-02 14:22:02', '2016-06-02 14:22:02'),
(988, 'نوورو', 97, '2016-06-02 14:38:42', '2016-06-02 14:38:42'),
(989, 'جيلينا', 127, '2016-06-02 14:41:26', '2016-06-02 14:41:26'),
(990, 'باسانو دل غرابا', 97, '2016-06-02 14:42:50', '2016-06-02 14:42:50'),
(991, 'ميلانو', 97, '2016-06-02 14:47:08', '2016-06-02 14:47:08'),
(992, 'كاسينو', 97, '2016-06-05 07:28:28', '2016-06-05 07:28:28');
INSERT INTO `cities` (`id`, `name`, `country_id`, `updated_at`, `created_at`) VALUES
(993, 'فييزولي', 97, '2016-06-05 07:32:18', '2016-06-05 07:32:18'),
(994, 'براي', 107, '2016-06-05 07:49:12', '2016-06-05 07:49:12'),
(995, 'سانريمو', 97, '2016-06-05 07:55:36', '2016-06-05 07:55:36'),
(996, 'غالاراتي', 97, '2016-06-05 08:04:26', '2016-06-05 08:04:26'),
(997, 'تاللا', 97, '2016-06-05 08:16:27', '2016-06-05 08:16:27'),
(998, 'بوليكورو', 97, '2016-06-05 08:18:37', '2016-06-05 08:18:37'),
(999, 'هارلو', 87, '2016-06-05 08:35:02', '2016-06-05 08:35:02'),
(1000, 'فراتاماجوري', 97, '2016-06-05 08:36:05', '2016-06-05 08:36:05'),
(1001, 'سافونا', 97, '2016-06-05 08:39:46', '2016-06-05 08:39:46'),
(1002, 'بريي', 104, '2016-06-05 09:14:58', '2016-06-05 09:14:58'),
(1003, 'دبلن', 104, '2016-06-05 09:44:32', '2016-06-05 09:44:32'),
(1004, 'كامينيكا ناد هرونوم', 127, '2016-06-05 09:49:29', '2016-06-05 09:49:29'),
(1005, 'سينت كلاس', 104, '2016-06-05 09:53:28', '2016-06-05 09:53:28'),
(1006, 'روجومبيروك', 88, '2016-06-05 09:59:23', '2016-06-05 09:59:23'),
(1007, 'جيتي', 104, '2016-06-05 10:06:53', '2016-06-05 10:06:53'),
(1008, 'مورتون ، ميرسيسايد', 87, '2016-06-05 10:10:31', '2016-06-05 10:10:31'),
(1009, 'سانت قصيدة', 104, '2016-06-05 10:12:12', '2016-06-05 10:12:12'),
(1010, 'لوبومباشي', 104, '2016-06-05 10:17:18', '2016-06-05 10:17:18'),
(1011, 'درانجن', 104, '2016-06-05 10:46:45', '2016-06-05 10:46:45'),
(1012, 'أوهرسكه هراديشتيه', 94, '2016-06-05 10:48:43', '2016-06-05 10:48:43'),
(1013, 'ايتربيك', 104, '2016-06-05 10:56:23', '2016-06-05 10:56:23'),
(1014, 'لالوفيير', 104, '2016-06-05 11:05:53', '2016-06-05 11:05:53'),
(1016, 'ايكسل', 104, '2016-06-05 11:10:23', '2016-06-05 11:10:23'),
(1022, 'ريال  كرواتيا', 96, '2016-06-05 12:51:51', '2016-06-05 12:51:51'),
(1025, 'بلزن', 94, '2016-06-05 13:47:08', '2016-06-05 13:47:08'),
(1026, 'بييلو بوليي ، SFR يوغوسلافيا', 140, '2016-06-05 13:49:42', '2016-06-05 13:49:42'),
(1027, 'ميتكوفيتش', 96, '2016-06-05 14:31:59', '2016-06-05 14:31:59'),
(1028, ' هرادتس كرالوفه', 94, '2016-06-05 14:41:39', '2016-06-05 14:41:09'),
(1029, 'ناشيتسه', 96, '2016-06-05 14:43:47', '2016-06-05 14:43:47'),
(1030, 'تشيسكي بوديوفيتسه', 94, '2016-06-05 14:45:13', '2016-06-05 14:45:13'),
(1031, 'مالين', 85, '2016-06-05 14:51:36', '2016-06-05 14:51:36'),
(1032, 'لينتس', 108, '2016-06-05 15:10:25', '2016-06-05 15:10:25'),
(1033, 'سولين', 96, '2016-06-05 15:34:51', '2016-06-05 15:34:51'),
(1035, 'هورليفكا', 113, '2016-06-07 08:23:09', '2016-06-07 08:23:09'),
(1036, 'رادوميشل ، زيتومير أوبلاست', 113, '2016-06-07 08:36:10', '2016-06-07 08:36:10'),
(1037, 'نوفوفولينسك ، جمهورية أوكرانيا الاشتراكية السوفياتية ', 113, '2016-06-07 08:46:10', '2016-06-07 08:46:10'),
(1038, 'لينينغراد', 160, '2016-06-07 09:37:51', '2016-06-07 09:37:51'),
(1039, 'بولتافا', 113, '2016-06-07 09:51:01', '2016-06-07 09:51:01'),
(1040, ' Yamne, سومي أوبلاست', 113, '2016-06-08 07:19:10', '2016-06-08 07:19:10'),
(1041, 'لودز ', 113, '2016-06-08 08:09:23', '2016-06-08 08:09:23'),
(1042, 'بورهاموو', 87, '2016-06-08 08:55:06', '2016-06-08 08:55:06'),
(1043, 'بيرنلى', 87, '2016-06-08 09:03:21', '2016-06-08 09:03:21'),
(1044, 'لطيفة ', 81, '2016-06-08 09:29:56', '2016-06-08 09:29:56'),
(1045, 'كينشاسا', 161, '2016-06-08 09:33:47', '2016-06-08 09:33:47'),
(1046, 'كاين', 81, '2016-06-08 09:40:33', '2016-06-08 09:40:33'),
(1047, 'كونياك', 81, '2016-06-08 09:46:54', '2016-06-08 09:46:54'),
(1050, 'مارتيغ', 81, '2016-06-09 07:40:14', '2016-06-09 07:40:14'),
(1051, 'فيل', 85, '2016-06-09 08:15:29', '2016-06-09 08:15:29'),
(1053, 'برازافيل', 162, '2016-06-09 08:43:25', '2016-06-09 08:43:25'),
(1054, 'هاوزن أنا ألبيس', 85, '2016-06-09 08:57:30', '2016-06-09 08:57:30'),
(1055, 'ggg', 81, '2016-10-11 17:12:47', '2016-10-11 17:12:47');

-- --------------------------------------------------------

--
-- Table structure for table `cnews`
--

CREATE TABLE `cnews` (
  `id` int(11) NOT NULL,
  `news_id` int(11) NOT NULL,
  `words` int(11) NOT NULL,
  `created_at` timestamp NOT NULL DEFAULT CURRENT_TIMESTAMP ON UPDATE CURRENT_TIMESTAMP,
  `updated_at` timestamp NOT NULL DEFAULT '0000-00-00 00:00:00'
) ENGINE=InnoDB DEFAULT CHARSET=utf8 COLLATE=utf8_unicode_ci;

-- --------------------------------------------------------

--
-- Table structure for table `coaches`
--

CREATE TABLE `coaches` (
  `id` int(11) NOT NULL,
  `name` varchar(150) CHARACTER SET utf8 NOT NULL,
  `birth_date` date DEFAULT NULL,
  `nickname` varchar(150) CHARACTER SET utf8 DEFAULT NULL,
  `facebook` varchar(150) CHARACTER SET latin1 DEFAULT NULL,
  `twitter` varchar(150) CHARACTER SET latin1 DEFAULT NULL,
  `instagram` varchar(150) CHARACTER SET latin1 DEFAULT NULL,
  `role` varchar(150) CHARACTER SET utf8 DEFAULT NULL,
  `country_id` int(11) NOT NULL,
  `city_id` int(11) DEFAULT NULL,
  `flag` varchar(150) CHARACTER SET utf8 DEFAULT NULL,
  `additional_info` varchar(10000) COLLATE utf8_unicode_ci DEFAULT NULL,
  `best` varchar(50) COLLATE utf8_unicode_ci NOT NULL DEFAULT 'NO',
  `updated_at` timestamp NOT NULL DEFAULT CURRENT_TIMESTAMP,
  `created_at` timestamp NOT NULL DEFAULT '0000-00-00 00:00:00'
) ENGINE=InnoDB DEFAULT CHARSET=utf8 COLLATE=utf8_unicode_ci;

--
-- Dumping data for table `coaches`
--

INSERT INTO `coaches` (`id`, `name`, `birth_date`, `nickname`, `facebook`, `twitter`, `instagram`, `role`, `country_id`, `city_id`, `flag`, `additional_info`, `best`, `updated_at`, `created_at`) VALUES
(14, ' جياني دي بياسي', '1956-06-16', 'Gianni De Biasi', '', '', '', 'مدير فنى', 97, 577, '1464082725', ' تاريخ الميلاد: 16 يونيو 1956\nالجنسية: الإيطالية\nيلعب مهنة: تريفيزو FC، انتر ميلان، AC ريجيانا 1919، بيسكارا كالتشيو، نادي بريشيا، نادي باليرمو، نادي فيتشينزا، باسانو فيرتوس 55 ST\nالتدريب المهني: FC برو فاستو، كاربي FC عام 1909، كوزنسا كالتشيو، SPAL 1907، مودينا FC، نادي بريشيا، تورينو (ثلاث مرات)، يفانتي، أودينيزي، ألبانيا\n\n• عمل التلمذة الصناعية كعربة الأكاديمية وفي الدرجات الدنيا من السلم الايطالي لكرة القدم قبل اتخاذ اسمه الإشراف الترقيات العودة إلى الوراء في مودينا - توجيههم من الدرجة الثالثة الى الدرجة الاولى في عام 2002. وانتهى غياب دام 38 عاما من الدرجة الاولى.\n\n• ساعد مودينا البقاء على قيد الحياة الموسم الأول بين النخبة قبل أن ينتقل إلى بريشيا، حيث مكث سنتين قبل الشروع في موجة صاخبة في تورينو في عام 2005.\n\n• وصل مع تورينو لملمة ما تبقى بعد الإفلاس وفاقت التوقعات عن طريق توجيه اعادتهم الى دوري الدرجة الاولى في الحملة الأولى له، فقط لتحل محلها البرتو زاكيروني قبل ثلاثة أيام من بداية الفصل الدراسي المقبل. واعيد تعيينه خلال سبعة أشهر، مما أدى إلى Granata إلى بر الأمان.\n\n• البقاء 2007/08 ليفانتي، الفوز باستحسان على الرغم من الهبوط، ثم عاد للعب موسم ثالث مع تورينو مع خمس مباريات من نهاية الموسم وأنقذ الفريق من الهبوط مرة أخرى. أقال شهر ديسمبر، وقال انه كان عهد لمدة شهرين على اودينيزي في 2009/10 قبل العثور على مزيد من الثبات كمدرب ألبانيا.\n\n• لاعب وسط لمرة واحدة مع حفنة من حملات اللعب في دوري الدرجة الاولى تحت حزامه، تم تثبيت دي بياسي في ديسمبر 2011 خلفا لجوسيب KUZE. انه وقع اتفاق على التوالي الجديد حتى نهاية كأس الأمم الأوروبية 2016 تصفيات في نوفمبر تشرين الثاني عام 2013، وعلى الفور قاد الفريق إلى نهائيات كأس العالم للمرة الأولى. ', 'NO', '2016-05-25 20:34:54', '2016-05-24 05:38:45'),
(22, 'مارسيل كولر', '1908-11-11', 'Marcel Koller', '', '', '', 'مدير فنى', 85, 75, '1464086601', 'كولر عبت حياته للنادي السويسري جراسهوبرز زيوريخ . في هذه منذ 24 عاما فاز سبع بطولات السويسرية وخمسة أكواب السويسرية. لل منتخب السويسري حصل 56 مباراة دولية وسجل 3 أهداف، وشارك في نهائيات كأس الامم الاوروبية 1996 .', 'NO', '2016-05-25 11:01:22', '2016-05-24 06:43:21'),
(23, 'مارك فيلموتس', '1969-02-22', 'Marc Wilmots', '', '', '', 'مدير فنى', 104, 813, '1464088422', 'وهو لاعب كرة قدم، وسياسي بلجيكي. وهو حالياً مدرب المنتخب البلجيكي\n مع المنتخب في أربع دورات لكأس العالم لكرة كان في دكة اللاعبين البدلاء عام 1990،، لعب في القدم 1994، لم يسجل، لكنه سجل هدفين عام 1998 (من أصل ثلاثة سجلها منتخبه)، وثلاثة أهداف عام 2002. وهو ماجعله هداف بلاده في كأس العالم برصيد خمسة أهداف\nلعب في بطولة أمم أوروبا عام 2000التي استضافتها بلاده\nبعد اعتزاله اللعب مؤقتاً، دخل غمار السياسة مترشحاً لمجلس الشيوخ البلجيكي عن حزب الحركة الإصلاحية  في الانتخابات الفيدرالية عام 2003، لكنه استقال عام 2005.\nتولى تدريب منتخب بلاده في 15 مايو 2012، بصفة مؤقتة إلى ثُبت بعد يمتد حتى يونيو 2014\nنجح في إيصال بلاده لكأس العالم 2014 في 11 أكتوبر 2013. وهذه أول مرة يتأهل فيها المنتخب بعد عام 2002 (البطولة التي كان يعلب فيه', 'NO', '2016-05-25 11:12:05', '2016-05-24 07:13:42'),
(24, 'انتي كاسيس', '1953-09-23', 'Ante Čačić', '', '', '', 'مدير فنى', 96, 667, '1464089745', 'خرج Čačić في كلية التربية الرياضية في جامعة زغرب . وكان واحدا من أول عشرة مدربي كرة القدم في كرواتيا للحصول على رخصة الاتحاد الاوروبي\n', 'NO', '2016-05-25 10:56:26', '2016-05-24 07:35:45'),
(25, 'كريس كولمان', '1970-06-10', 'Chris Coleman', '', '', '', 'مدير فنى', 90, 48, '1464096289', 'هو محترف ويلز لكرة القدم مدير واللاعب السابق الذي هو المدير الحالي لل منتخب ويلز .\n\nكلاعب، لعب كولمان عادة في الدفاع ، في حين أيضا تظهر أحيانا كمهاجم. فاز 32 مباراة دولية ولعب ل ويلز . انتهت كولمان الكروية في سن 32، عندما كسرت ساقه في حادث سيارة. وفي أعقاب ذلك، بدأ مسيرته التدريبية.\n\nفي أول موسم كامل له كمدير ل فولهام ، مسترشدة كولمان النادي إلى المركز التاسع في الدوري الممتاز 2003-04 . وبعد أن ترك فولهام، تم تعيين كولمان مدير ريال سوسيداد ، حيث استقال في يناير كانون الثاني عام 2008 بسبب خلافات مع الرئيس المقبل. عاد إلى إنجلترا لإدارة كوفنتري سيتي ، ولكن تم رفض مايو 2010 بعد سلسلة من النتائج السيئة. كولمان ثم تمكن الجانب اليوناني لاريسا في النصف الأول من موسم 2011-12 قبل أن يستقيل بسبب المشاكل المالية في النادي. في عام 2012، تولى منصب مدير وطني ويلز بعد وفاة غاري سبيد ، وأدى إلى ويلز كأس الأمم الأوروبية 2016 ، وهي أول بطولة كبرى لها منذ كأس العالم 1958 لكرة القدم .\n', 'YES', '2016-10-17 08:30:15', '2016-05-24 07:58:21'),
(26, 'روي هدجسون', '1947-08-09', 'Roy Hodgson', '', '', '', 'مدير فنى', 87, 48, '1464092424', 'هو لاعب كرة قدم إنجليزي سابق ومدرب حالي.\nهدجسون معروف بقيادته المنتخب السويسري لدور الـ16 في كأس العالم 1994 و التأهل إلى يورو 1996;ولم يتأهل سويسرا لاحدى البطولات الكبرى منذ الستينات. ودرب أيضاً العديد من الأندية المعروفة ومنها نادي مالمو، إنتر ميلان، بلاكبيرن روفرز، أودينيزي، فولهام، ليفربول ويست بروميتش ألبيون. يوم 1 مايو 2012 عين هودجسون مدرباً لمنتخب إنجلترا من قبل الاتحاد الإنجليزي لكرة القدم\n', 'NO', '2016-05-25 10:57:49', '2016-05-24 08:20:24'),
(27, ' ميخايلو فومينكو', '1948-09-19', 'Mykhailo Fomenko', '', '', '', 'مدير فنى', 113, 644, '1464092487', 'هو المدرب الحالي لل فريق الوطني لكرة القدم في أوكرانيا  والسابقة الأوكرانية لاعب كرة القدم الذي توج 24 مرة ل اتحاد الجمهوريات الاشتراكية السوفياتية . وكان مشهورا كمدرب في دينامو كييف ، الحائز على أول ميدالية من الذهب الأوكرانية، أول كأس الأوكرانية وأبرزها، بفوزه على برشلونة في مباراة الذهاب للغاية من دوري أبطال أوروبا البطولة. برشلونة، تحت يوهان كرويف ومع لاعبين مثل رونالد كومان ، جوسيب غوارديولا ، انتهى إلى أن يكون الدور النهائي من هذا الموسم في دوري أبطال أوروبا.كان فومينكو جزءا لا يتجزأ من دينامو كييف الإنجازات الصورة في 1970s على مستوى النادي، والتي تضمنت رفع كأس الكؤوس 1975 وكأس السوبربعد تخرجه من المدرسة العليا للحافلات في موسكو في عام 1979، وقد درب فومينكو العديد من الأندية الأوكرانية، وأبرزها دينامو كييف . مع فومينكو فاز النادي أول ميدالية ذهبية في أوكرانيا، وهو أول بطولة كأس الأوكرانية على حد سواء في عام 1993 وأبرزها، بفوزه على برشلونة في مباراة الذهاب للغاية من دوري أبطال أوروبا البطولة. أنهى برشلونة ليكون النهائي من هذا الموسم ال39 من دوري أبطال أوروبا. قبل هذا النجاح، في نهاية عام 1989، روج النادي الجورجي FC غوريا Lanchkhuti للسوفييت الأعلى في الدوري وصلت في عام 2001 نهائي كأس الأوكرانية مع سسكا كييف ما هي أفضل نتيجة في تاريخ النادي.\n\nفي 26 ديسمبر 2012 أعطيت فومينكو عقدا لمدة عام واحد مع إمكانية التمديد في السنة الثانية كمدرب لل فريق الوطني لكرة القدم في أوكرانيا . وبعد اتحاد كرة القدم في أوكرانيا قد فشلت في التعاقد هاري ريدناب و سفين غوران اريكسون لذلك الموقف. قد درب فومينكو أوكرانيا إلى 6 تصفيات كأس العالم يفوز ضد بولندا  ومولدوفا والجبل الأسود وسان مارينو، فرنسا، 1 التعادل مع إنجلترا، وخسر خارج أرضه أمام فرنسا في كأس العالم للعب خارج المحطة. وأشار فومينكو انه يود أن يستمر هو دوره ويقود أوكرانيا في يورو 2016 حملة . في 6 فبراير 2014 أعلن اتحاد كرة القدم في أوكرانيا تم تمديد عقد فومينكو معهم حتى نهاية عام 2015. ويقود أوكرانيا في التأهل لكأس الأمم الأوروبية 2016 في فرنسا بعد الانتهاء في المركز الثالث في مجموعتها في التصفيات، والتي ترسل أوكرانيا لملحق التصفيات والضرب سلوفينيا 3-1 في مباراة فاصلة. ووسع عقده لمواصلة التدريب أوكرانيا إلى كأس الأمم الأوروبية 2016 حتى 30 يوليو 2016.\n', 'NO', '2016-05-25 05:52:04', '2016-05-24 08:21:27'),
(28, ' فاتح تريم', '1953-09-14', 'Fatih Terim', '', '', '', 'مدير فنى', 95, 48, '1464093410', 'فاتح تيريم،، (ولد في 4 سبتمبر 1953 في أضنة) هي واحدة من أنجح اللاعبين لكرة القدم ومديري تركيا. تيريم يعتبر الدافع الخط الثابت الذي لا معنى له النهج شحذت خلال 11 عاما بوصفه مدافعا صلبا مع غلطة سراي. اسمه المستعار هو İmparator، والتي هي الكلمة التركية من أجل "الإمبراطور". هذا هو اسمك المستعار كما يستخدم على نطاق واسع في إيطاليا في إشارته.\n\nفي مسح أجراه الاتحاد الدولي لتاريخ وإحصائيات كرة القدم (IFFHS) في 80 بلدا، وضعت فاتح تيريم بين أفضل ثمانية مديرين في العالم. حصل على الجائزة في حفل اقيم في روتنبورغ، وألمانيا في 8 يناير، 2001.\n\nتيريم كان مرشحا ليكون عين مديرا لكرة القدم لعام 2008. إيوروسبورت تيريم عين مدربا للمنتخب أفضل في كأس الأمم الأوروبية 2008 في ديسمبر 2008، كان في المرتبة تيريم في 7 أفضل مدير كرة القدم في العالم من قبل مجلة العالم لكرة القدم.\n\nعلى الرغم من سجله الناجح كمدير لتركيا في كأس الأمم الأوروبية 2008، تيريم استقال من منصبه في أكتوبر 2009 بعد فشل المنتخب الوطني التركي في التصفيات المؤهلة لنهائيات كأس العالم عام 2010.\n\nيجري حاليا الحرة، اسمه كثيرا ما تكهنت مع الفرق الإيطالية والإسبانية لكرة القدم. تيريم كما ذكرت عدة مرات من قبل أن لديه طموح لاستئناف مسيرته في إيطاليا حيث يعتقد انه قد تم الانتهاء طائشة \nمسيرتة التدريبية\n\nبعد اعتزاله كرة القدم تدريبه المهني الأولي جاءت من يوب Derwall بينما كانوا على غلطة سراي التركي. تيريم الذي بدأ مهنة التدريب عندما عين مدربا للMKE أنقرة غوجو. تولى تدريب فريق النادي لمدة 18 شهرا وانتقل بعد ذلك إلى المدرب Göztepe في ازمير التي استمرت سنة واحدة. انه ليس لديه أي نجاح ملموس مع هذه الفرق.\n\nفي عام 1990 تم تعيينه مساعدا لمدرب منتخب تركيا لسيب Piontek، حيث كان أيضا مدربا للفريق. بعد أن شغل منصب مساعد المدرب لمدة ثلاث سنوات، عين مدرب المنتخب الوطني التركي في عام 1993. وبعد ثلاث سنوات، قام الفريق الوطني التركي نجح في التصفيات المؤهلة لبطولة النهائي لنهائيات كأس الأمم الأوروبية ''96للمرة الأولى في تاريخها تحت إدارته. على الرغم من أن المنتخب الوطني لم يؤدوا بشكل جيد في هذه البطولة (خسر جميع المباريات، وعدم التمكن من تسجيل هدف واحد)، والتأهل للبطولة كان لا يزال يعتبر انجازا كبيرا لكرة القدم التركية.\n\nبعد نهائيات كأس الأمم الأوروبية عام 1996، فاتح تيريم وقع عقدا مع غلطة سراي التركي كورونا. تحت إدارته غلطة سراي فاز في بطولة الدوري التركي لمدة أربع سنوات متتالية، والإنجازات له التتويج من خلال الفوز بكأس الاتحاد الأوروبي عام 2000، مما يجعل من فاتح تيريم أنجح مدرب غلطة سراي التركي في تاريخها. للأسف رحيله سمح ميرسيا لوسيسكو ليتوج بطلا للكأس السوبر الأوروبي في عام 2000 لغلطة سراي التركي\nمسيرتة الكروية\n\nفي عام 1969، تيريم لكرة القدم المحترف بدأ مشواره كلاعب مع صغار أضنة Demirspor. بسبب صعوبات مالية، وكان اللاعب الوحيد في المنتخب الذي كان يدفع سرا من قبل النادي في ذلك الوقت. وبعد ثلاث سنوات، أصبح كابتن الفريق. ويتذكر أول مباراة له مع شارة كابتن الفريق.\n\nوقال "قبل المباراة، وأنا ابتهج زملائي، كنقيب القيام به، ونفد في هذا المجال. كما نظرت إلى الوراء في هذا المجال، لم يكن أحد ورائي. كنت بسرعة كبيرة بحيث لا يستطيع أحد أن يتبعني. كنت متشوقة للغاية. "\n\nتيريم لعبت 6 سنوات مع اضنة Demirspor. كمهاجم وناجحة، وقال انه انضم إلى غلطة سراي كورونا في عام 1974. وكابتن الفريق، وقال انه لملء للمدافعين عن الجرحى وانتهى به الأمر في نهاية المطاف يلعب بشكل منتظم ككناسة / مدافع. تيريم لعب لمدة 11 عاما لنادي إسطنبول. ومع ذلك، خلال الفترة التي قضاها مع غلطة سراي، ان النادي لم يكن قادرا على الفوز في كأس البطولة في الدوري التركي. وقد توج تيريم إلى صفوف المنتخب الوطني التركي 51 مرة منذ عام 1974 حتى عام 1985، وكان كابتن المنتخب الوطني لمدة 35 مباراة دولية، وإنشاء سجل وطني لكلتا الفئتين في وقته. أنهى مسيرته الكروية في فريق غلطة سراي في عام 1985.\n\nGegic عبد الله، وهو مدرب كرة القدم الأسطوري مع بارتيزان بلغراد (يوغوسلافيا السابقة) وEskişehirspor (من تركيا)، وعرف تيريم من أيامه في مركز قلب الدفاع، ووصف تيريم بصفته مدافعا ذكي مع بيكنباور مثل الصفات. Gegic عزا تيريم النجاحات التي حققها كمدرب لفهمه فريدة من اللعبة التي وضعت خلال فترة وجوده كلاعب وسط مدافع\nمسيرتة بالدوري الإيطالي\n\nالنجاح الذي حققه مع فريق غلطة سراي يؤدي تيريم إلى دوري الدرجة الأولى، التوقيع على عقد لمدة سنة واحدة مع فيورنتينا، وإيطاليا.\n\nان عدوانية وهجومية على غرار كرة القدم، وعلاقاته المتوترة مع رئيس النادي وصاحب الزئبقي فيتوريو Cecchi غوري التي تيريم المفضلة في اوساط مشجعي فيورنتينا. في فيورنتينا، تيريم كانت بداية هامة، بفوزه على آ سي ميلان (4-0)، وعقد ليوفنتوس بالتعادل 3-3 أمام مثيرة، والقضاء على ميلان 4-2 بركلات الكلي للوصول إلى المباراة النهائية لكأس إيطاليا. ومع ذلك، في منتصف موسم 2000-2001، تيريم أعلن أنه لن يمدد عقده مع النادي منذ Cecchi غوري لا تنوي القيام بالاستثمارات انه طلب. بعد إعلانه، أداء الفريق تراجع بشكل ملحوظ، واستمراره في اشتباكات مع رئيس النادي حثه على الاستقالة قبل نهاية الموسم. أسطورة كرة القدم الرومانية جورجي هاجي واشاد بعمله في فلورنسا، "وخلال خمسة أشهر التي بناها على الجانب الهائل في فيورنتينا. الاسم لي أجنبي آخر قادر على ذلك، فهو غير عادية -- انه يمكن ان مدرب أي طرف".\n\nفي صيف عام 2001، عين مدربا لميلان الإيطالي رفض عروضا من أندية أخرى مثل برشلونة ونادي ليفربول على الفور انه وقع روي كوستا وأوميت دافالا إلى النادي. انه تحول لاعب ميلانو الإيطالي النظام، واللعب مع نظام مشابه جدا لأسلوب كرة القدم من إجمالي Rinus مايكلز، لعب 4-3-1-2 مع روي كوستا لاعب رئيسي. تيريم بنى ميلان عالية هجومية وعدوانية، ولكن خلال هذه الفترة ميلان معروفة لكونها ضعيفة في الخلف، وتلقت شباكه هدفا والرسم ضد فرق أقل. بعد النتائج المخيبة للآمال عدة، تم إنهاء التعاقد معه وجعل له ميلان الوظيفي فقط 5 أشهر الماضية\n.العودة إلى تركيا\n\nفي صيف عام 2002 عاد إلى غلطة سراي التركي. نظرا للمشاكل الداخلية داخل غلطة سراي التركي في الإدارة، والصعوبات المالية التي تواجه النادي، وفشل سياساته نقل، كان لديه الأداء المخيب للآمال. خسارته امام منافسه اللدود فنربخشة 6-0 في مناسبة واحدة. هذا أدى به إلى الاستقالة، وتأخذ استراحة له في إدارة الحياة الوظيفية في مارس 2004. في غضون ذلك مثل أندية انتر ميلان وروما حاول استمالة تيريم العودة إلى الدوري الإيطالي، ولكن دون نجاح. في صيف عام 2005، سئل تيريم لإدارة الفريق الوطني التركي، مرة أخرى، حيث قاد بنجاح تركيا إلى الدور نصف النهائي من كأس الأمم الأوروبية 2008 حيث خسرت أمام ألمانيا في نهاية المطاف. بعد وقت قصير من نجاح في كأس الأمم الأوروبية 2008، أوصى انه من السابق نيوكاسل يونايتد بوبي روبسون المدير الفني لنيوكاسل managerical الموقف، لكنه رفض هذا المنصب. بعد فترة مخيبة للآمال في التصفيات المؤهلة لنهائيات كأس العالم 2010، حيث تركيا فشلت في الاستفادة إلى التأهل الآلي أو مباراة فاصلة ل، تيريم استقال من هذا المنصب.\nمشوارة في كأس الامم ألاوروبية 2008\n\nتيريم وتركيا وطنه وأشاد الجانب باسم "ملوك العودة". تركيا بدأت مع هزيمة كأس الأمم الأوروبية 2008 في البرتغال. سويسرا وتركيا متأخرا في الشوط الثاني، تيريم في تغييرات تكتيكية كانت حافزا. تركيا ومضى لانتزاع الفوز في الدقيقة الثانية من الوقت المحتسب بدل الضائع. في النهائي الفائز يأخذ كل شيء لعبة فريق ضد الجمهورية التشيكية، والذين كانوا يركبون مريحة تؤدي الهدف الثاني، وتركيا صدمت العالم لكرة القدم عن طريق العودة وبتسجيله ثلاثة اهداف في ربع الساعة الأخير. خلال ربع النهائي مع كرواتيا، وكان تيريم صعوبة بالغة في العثور على الخيارات الهجومية، بعد أن تم تعليق العديد من المعاقين والجرحى\n\n. كما بدا ان المباراة تتجه إلى ركلات الترجيح، تريم، وتركيا في حالة من الذهول عندما كرواتيا في الدقيقة 119th من الوقت الاضافي لشبه المؤكد أن يفوز بها. تيريم لم تسمح لاعبيه للتخلي عنها. تركيا مرة أخرى بطريقة ما تمكنت من هدف التعادل، وارسال اللعبة إلى ركلات الترجيح. تركيا في وقت لاحق حصل تبادل لإطلاق النار وتقدم إلى الدور نصف النهائي. في النهاية خسرت أمام ألمانيا في نصف النهائي مع 13 لاعبا المتاحة، تيريم أنهى حملته في البطولة فيما سجل الإحصائية مدهشة—من أصل 490 دقيقة من اللعب في الوقت المقدر، وتركيا، إلا أن تؤدي إلى 13 منهم. تيريم الذي جرى تمديد العقد حتى عام 2012 في ختام البطولة، رغم تكهنات الثقيلة بان بإمكانه العودة إلى إيطاليا أو الذهاب إلى إنجلترا لإدارة على مستوى الاندية\nأخفاقة في تصفيلت كأس العالم 2010\n\nمنذ خروجها من بطولة كأس الأمم الأوروبية في الدور نصف النهائي تيريم واصلت لإدارة المنتخب الوطني التركي، وبعد الكثير من التكهنات، وحاليا لم يهزم. في تصفيات كأس العالم 2010 المرحلة، فقد فاز 2، لفت 2 وخسر 2 مباريات، وترك لهم بفارق 4 نقاط عن صاحب المركز الثاني البوسنة والهرسك حتى نيسان / أبريل 2009. هذا وشهدت تركيا نقل ما يصل إلى موقف 10th في التصنيف العالمي للفيفا. يوم 11 أكتوبر 2009 أعلن استقالته من وظيفته، لعبة في 14 تشرين الأول 2009 هي اخر مباراة له في منصب رئيس م\n\nمدرب منتخب تركيا لكرة القدم', 'NO', '2016-05-25 10:45:18', '2016-05-24 08:36:50'),
(29, 'فلاديمير بيتكوفيتش', '1963-08-15', 'Vladimir Petković', '', '', '', 'مدير فنى', 132, 786, '1464094741', 'ولد بتكوفيتش في سراييفو في عام 1963. وهو كرواتي بوسني ويحمل السويسرية، الكرواتية، وجوازات السفر البوسنة. كلا من والديه عمل كعمال التعليمي حتى أنها غيرت الكثير انتقلت المدارس وبسبب تلك العائلة في كثير من الأحيان. الأولى كانوا يعيشون في Vrelo Bosne و ثم من عندما كان عمره 5 سنوات، في هادزيتشي بالقرب من سراييفو', 'NO', '2016-05-24 08:59:01', '2016-05-24 08:59:01'),
(35, ' يان كوزاك', '1954-04-17', 'Ján Kozák', '', '', '', 'مدير فنى', 88, 236, '1464098345', 'هو لاعب كرة القدم السابق ومدرب فريق سلوفاكيا لكرة القدم. أثيرت في فريقك هو FC لوكوموتيفا كوسيتش، لعبت أيضا ل دوكلا براغ . خلال مسيرته، لعب 55 مباراة ممثل والذي سجل 9 أهداف في جمهورية التشيك وسلوفاكيا . شارك في بطولة الامم الاوروبية عام 1980 و كأس العالم 1982 ، والجزء الأكبر من مسيرته التدريبية، لعبت في كوسيتش . FC كأول ناد السلوفاكية الفوز وصولا إلى المرحلة الرئيسية من دوري أبطال أوروبا . MFK منذ 2005 . ابنه جون هو لاعب خط الوسط لكرة القدم تيميشوارا .\r\n\r\nومن المعروف أيضا عن طبيعته المضطربة. أكثر من نصف المباراة في الثالثة جولة من دوري ابطال اوروبا 2009/10 ضد نادي نيترا (0: 1) يهاجم مدرب الخصم حارس المرمى إيجور Mesároš ، مما تسبب له الإصابة لمدة أربعة أسابيع من العلاج \r\n', 'NO', '2016-05-24 09:59:05', '2016-05-24 09:59:05'),
(36, 'أنطونيو كونتي', '1969-07-31', 'Antonio Conte', '', '', '', 'مدير فنى', 97, 796, '1464098729', 'لاعب كرة قدم إيطالي سابق، ومدرب منتخب إيطاليا لكرة القدم حالياً[1] بدأ مسيرته الكروية مع نادي ليتشي في عام 1985، وشارك معهم حتى عام 1992، ولعب معهم 89 مباراة وسجل هدف واحد، وفي عام 1992 انتقل إلى نادي يوفنتوس، ولعب معهم حتى عام 2004، وشارك معهم في 295 مباراة وسجل 29 هدف. و قد لعب مع منتخب إيطاليا لكرة القدم بين عامي 1994 و2000، وشارك معهم في 20 مباراة وسجل هدفين.\nبدأ مسيرته التدريبية في عام 2007 بعدما درب نادي باري، ثم انتقل في موسم 2009-10 لتدريب نادي أتالانتا لموسمين. بعدما درب نادي سيينا في موسم واحد 2010–2011، وحط الرحال بعدها في نادي يوفنتوس لثلاث مواسم حقق خلالها 3 بطولات دوري والعديد من البطولات المحلية. يدرب كونتي حاليا منتخب إيطاليا لكرة القدم.\nكمدرب، عرف كونتي باستخدام (3-5-2)، باستخدام اثنين من المهاجمين المدعومين من قبل لاعب خط وسط مهاجم ولاعبي وسط في المحور وثلاث مدافعين في الخلف مع لاعبين فقط على الأطراف.', 'NO', '2016-05-25 10:50:49', '2016-05-24 10:05:29'),
(37, 'ليونيد سلوتسكي', '1971-05-04', 'Leonid Slutski', '', '', '', 'مدير فنى', 89, 511, '1464101015', 'كان سلوتسكي مدرب نادي موسكو 14 يوليو 2005  حتى نهاية موسم 2007 صاحب المباراة النهائية كما كان مدربا لموسكو بعد فوزه 3-1 ضد لوش-انيرجيا فلاديفوستوك في 11 نوفمبر 2007. ] كان سلوتسكي مدرب كريليا سوفيتوف بين 1 يناير 2008  حتى 26 أكتوبر 2009  عندما حل محل خواندي راموس لتصبح مدرب سيسكا موسكو .  في ديسمبر 2009،\n. - وصلت سسكا على طرق مرحلة  ( اوت ) من دوري ابطال اوروبا للمرة الاولى في تاريخ النادي،  قبل خروجه من مورينيو انتر ميلان في الدور ربع النهائي.\nسنتين في وقت لاحق وقد تكرر هذا الإنجاز، عندما هزم سسكا انتر ميلان في سان سيرو في المباراة الأخيرة من مرحلة المجموعات. [9]\n\nنحو 2012/13 موسم سلوتسكي تعزيز دفاع الفريق وإعادة تنظيمها الهجوم، مما ساعد على تعيين الفريق رقما قياسيا من 15 مباراة دون أن سجل ضد، والفوز في جميع المباريات حيث سجل الفريق الأول، مما أدى إلى اللقب. [10]\n\nفي 7 أغسطس 2015، أعلن أن سلوتسكي سيتولى تدريب منتخب روسيا لكرة القدم بدلا من المستقيل فابيو كابيلو .  والعقد حتى نهاية يورو 2016 تصفيات . سلوتسكي فاز كل من له تصفيات الألعاب وحصلت روسيا في يورو \n2016 .  \nيوم 21 مايو عام 2016، فاز سيسكا روبين كازان 1-0 ليتوج باللقب قبل المنافسين مفاجأة روستوف. هذا أعطى سلوتسكي اللقب الثالث له في أربع سنوات مع النادي موسكو.\nوصفه البعض بجوزيه مورينيو الروسي في بداية مشواره بسبب عمله وهو في سن مبكرة وبعد ذلك طور الرجل قدراته وخبراته حتى أصبح أفضل مدرب روسي.\n\nوحقق سلوتسكي (44 عاما) - الذي توقفت مسيرته كحارس مرمى مبكرا بعد سقوطه من على شجرة - نجاحا كبيرا كمدرب مع تشسكا موسكو على مدار ست سنوات وأحرز لقب الدوري الروسي الممتاز مرتين.\n\nوجمع سلوتسكي بين تدريب تشسكا وقيادة منتخب روسيا ونال دعما كبيرا من اللاعبين والنقاد وكذلك المشجعين. ويشتهر سلوتسكي بالتفكير مليا في الأساليب الخططية وسيخوض النهائيات بعدما حقق نسبة النجاح الكاملة في مشواره في المباريات الرسمية مع روسيا.', 'NO', '2016-05-25 11:08:28', '2016-05-24 10:43:35'),
(38, ' مايكل أونيل', '1969-07-05', 'Michael O''Neill', '', '', '', 'مدير فنى', 91, 48, '1464101343', 'ابتداء من حياته في بلده الاصلي من أيرلندا الشمالية انتقل اونيل إلى انكلترا حيث امضى معضم حياته في اللعب مع نادي نوتنغهام فورست ولعب مع نادي مانشستر سيتي ونوريتش سيتي وفولهام الذي حصل على كاس ابطال الاندية الاوربية ودرب اونيل اندية ويكومبي وندررز، ليستر سيتي، نوريتش سيتي، سيلتيك، · وقد حصل مع سيلتيك ثلاث القاب للدوري ووصل لنهائي كاس الاتحاد الاوربي · وقد مثل منتخب أيرلندا الشماية الوطني وكان الكابتن في كاس العالم في إسبانيا عام 1982 عندما هزموا الدولة المضيفة في فالنسيا حقق الدوري الإنجليزي مرتان كلاعب ·\n_________________________________________________________\nكما أعلن اتحاد ايرلندا الشمالية لكرة القدم عن تمديد تعاقده مع المدير الفني للمنتخب الأول مايكل اونيل حتى عام 2020 بعد التأهل التاريخي لنهائيات بطولة أمم أوروبا 2016 بفرنسا.\nقال أونيل من خلال بيان أصدره الاتحاد الايرلندي لكرة القدم: "إنه لفخر كبير أن أكون مدربا لايرلندا الشمالية، لقد استمتعت بعملي كثيرا خلال السنوات الأربع الأخيرة، توقيع عقد جديد يحمل معه الاستقرار للجهاز الفني وللاعبين، الآن نأمل في الاستمرار في صناعة التاريخ خلال البطولة الأوروبية هذا الصيف".\n\nوأعرب جيم شو رئيس اتحاد ايرلندا الشمالية لكرة القدم عن شكره وامتنانه للنجاحات المتتالية التي حققها أونيل: "الكثيرون اعتقدوا أن مشاركة ايرلندا في بطولة أخرى كبيرة هو بمثابة حلم، ولكن مايكل حول هذه الأحلام إلى حقيقة".\n\nوتلعب ايرلندا الشمالية في المجموعة الثالثة لبطولة أمم أوروبا القادمة بجانب منتخبات ألمانيا وبولندا وأوكرانيا.\n\nوتقام البطولة الأوروبية في الفترة ما بين يومي 10 يونيو و10 يوليو المقبلين بفرنسا.\nوتأهلت ايرلندا للمرة الأولى في تاريخها إلى نهائيات بطولة أمم أوروبا تحت قيادة أونيل، مستغلة في تحقيق ذلك زيادة عدد المنتخبات المشاركة في البطولة إلى 24 فريقا.\n\nوتعتبر البطولة الأوروبية القادمة هي البطولة الأكبر التي يشارك بها المنتخب الإيرلندي منذ آخر مشاركة له في بطولة كأس العالم عام 1986.\n\nوتلعب ايرلندا الشمالية في المجموعة الثالثة لبطولة أمم أوروبا القادمة بجانب منتخبات ألمانيا وبولندا وأوكرانيا. وتقام البطولة الأوروبية في 10 يونيو المقبل بفرنسا.', 'NO', '2016-05-25 10:58:59', '2016-05-24 10:49:03'),
(39, 'آدم ناكاوكا', '1957-10-23', 'Adam Nawałka', '', '', '', 'مدير فنى', 92, 740, '1464102048', 'Nawałka يأتي من عائلة كرة القدم. والده، آدم، لعب لفريق محلي Orlęta [خروج نسور] Rudawa. بدأت Nawałka حياته المهنية في عام 1969 مع فيسلا كراكوف. وكان اول ظهور له في ''اكستراكلاسا "يوم 21 مايو 1975. ولعب 190 مباراة في أعلى فئة من كرة القدم البولندية، وسجل 9 أهداف. في عام 1985 غادر فيسلا للانضمام إلى النادي الولايات المتحدة الأمريكية، النسور البولندية الأمريكية. ولعب معظم حياته المهنية ل فيسلا كراكوف . بدأ وجود إصابات متكررة في خريف عام 1978، وعلى الرغم من العمليات الجراحية المتكررة، كان عليه أن يتقاعد من كرة القدم عام 1984. وفي عام 1985 هاجر إلى الولايات المتحدة حيث لعب كرة القدم شبه الموالية في النسور البولندية الأميركية، وكذلك أداء وظائف العمالة اليدوية (مثل تقليم الأشجار حول خطوط الكهرباء ذات الجهد العالي). وفي عام 1990، عاد الى بولندا (التي أطلقت سراح نفسها فقط من الشيوعية) وبدأت في بيع ترابانت (ألمانيا الشرقية) السيارات ذات المحركات فولكس واجن حتى حصل على مؤهلات التدريب في عام 1995.\nالمنتخب الوطني\nولعب لل منتخب البولندي (34 مباراة) [1] وكان أحد المشاركين في كأس العالم لكرة القدم 1978 . في سن ال 19، ولعب 90 دقيقة من كل مباراة (باستثناء 1) أن الفريق البولندي لعب. وفي نهاية البطولة، تم اختياره لفريق من نهائيات كأس العالم 1978 (أعلى 11 لاعبين). في خريف عام 1978، التي Nawalka وجود إصابات المتكررة التي ألغت قريبا له من المنتخب الوطني وتقصير مسيرته الكروية\nبعد تلقي مؤهلات التدريب له انه درب المنتخب البولندي III-الثالث في الدوري SWIT كرشيشوفيتسي، وبعد ذلك شغل مناصب عديدة في نادي مسقط رأسه فيسلا كراكوف، بما في ذلك رئيس الكشفية والرياضية مدير، فضلا عن كونه المدرب المؤقت عدة مرات. وتابع لإدارة كاتوفيتشي في وقت لاحق كورنيك زابرزي. في 26 تشرين الأول 2013، الرئيس البولندي الاتحاد الانجليزي زبيغنيو بونيك ، وأعلن أن Nawałka سيحل محل فالديمار Fornalik مديرا جديدا لل منتخب البولندي . [2] وفي وقت الموعد، فريقه كورنيك زابرزي كان يركب في دوري البولندية . وبقي مع زابرزي حتى 1 نوفمبر، وركز على المنتخب الوطني بعد المباراة ضد Cracovia . يوم 11 أكتوبر عام 2014، كان قد سجل مفاجأة بفوزه على ألمانيا مع 2-0 في هم الوطن يورو 2016 تصفيات .\n', 'NO', '2016-05-25 11:58:40', '2016-05-24 11:00:48'),
(40, 'فرناندو سانتوس', '1954-10-10', 'Fernando Santos', '', '', '', 'مدير فنى', 109, 360, '1464104141', 'فيرناندو مانويل فيرنانديس دا كوستا سانتوس (10 أكتوبر 1954 في لشبونة، البرتغال) لاعب كرة قدم برتغالي سابق كان يجيد اللعب في مركز الظهير الأيمن وحاليا مدرب منتخب البرتغال.', 'NO', '2016-05-24 11:35:41', '2016-05-24 11:35:41'),
(41, 'أنغيل يوردانيسكو', '1950-05-04', 'Anghel Iordănescu', '', '', '', 'مدير فنى', 86, 86, '1464104763', 'هو المدرب الحالي لل فريق الوطني لكرة القدم من رومانيا ، كونها فترة ولاية ثالثة في فرق رأس CEST. في 5 سبتمبر 1994 تمت ترقيته إلى العام (MAN) وتقاعد إلى هذه الدرجة في 15 يوليو تموز عام 1998.', 'NO', '2016-05-24 11:46:03', '2016-05-24 11:46:03'),
(42, 'مارتن أونيل', '1952-03-01', 'Martin O''Neill', '', '', '', 'مدير فنى', 107, 791, '1464106076', 'مارتن هيو مايكل اونيل، لاعب كرة قدم أيرلندي شمالي سابق، ومدرب كرة قدم حالي، من موليد 1 مارس 1952 في كلرا في أيرلندا الشمالية ·\nابتداء من حياته في بلده الاصلي من أيرلندا الشمالية انتقل اونيل إلى انكلترا حيث امضى معضم حياته في اللعب مع نادي نوتنغهام فورست ولعب مع نادي مانشستر سيتي ونوريتش سيتي وفولهام الذي حصل على كاس ابطال الاندية الاوربية ودرب اونيل اندية ويكومبي وندررز، ليستر سيتي، نوريتش سيتي، سيلتيك، · وقد حصل مع سيلتيك ثلاث القاب للدوري ووصل لنهائي كاس الاتحاد الاوربي · وقد مثل منتخب أيرلندا الشماية الوطني وكان الكابتن في كاس العالم في إسبانيا عام 1982 عندما هزموا الدولة المضيفة في فالنسيا حقق الدوري الإنجليزي مرتان كلاعب ·', 'NO', '2016-05-24 12:07:56', '2016-05-24 12:07:56'),
(45, 'ديدييه ديشامب', '1968-10-15', 'Didier Deschamps', '', '', '', 'مدير فنى', 81, 152, '1464190544', 'كان قائد منتخب فرنسا الفائز بكأس العالم لكرة القدم 1998، كما كان قائد المنتخب الفرنسي الفائز ببطولة أوروبا 2000، يلعب في خط الوسط. انضم إلى إدارة كرة القدم. وقد كان مدرب لنادي موناكو في الدوري الفرنسي الأول حتى استقال في 19 سبتمبر 2005 بعد بدايته السيئة للموسم.\r\n\r\nمشاركته على صعيد الأندية\r\nيدي ديشامب اللاعب الدولي السابق للمنتخب الفرنسي والمدرب السابق لنادي موناكو وأيضاًً يوفنتوس تورينو الإيطالي. بدأ مسيرته الكروية مع نادي نانت في الأشبال حيث لعب مع نادي الكناري للأشبال موسمني من 1983 إلى 1985. وبعدما صعد ديشامب إلى الأكابر ولعب أربعة مواسم مع نادي نانت لعب فيها 199 مباراة وسجل (6 اهداف) هدا المستوى الكبير الدي ظهر به ديشامب مع نادي نانت لفت انظار العديد من الأندية الفرنسية من بينها نادي اولمبيك مارسيليا الدي اسرع مسؤولوه من اجل خطف هدا العصفور النادر واللاعب صاحب المستوى الكبير والكبير جدا لنتقل في موسم 1989 / 1990 إلى النادي الجنوبي لفرنسااولمبيك مارسيليا ولم يلعب كثيرا ديشامب مع مارسيليا في هدا الموسم حيث لعب سوى (25 مباراة) سجل من خلالها 4 اهداف لكن ديشامب استطاع أن يفوز بأول لقب له في مسيرته الكروية حيث فاز مع مارسيليا بقلب الدوري الفرنسي وبعد هدا الموسم مع مارسيليا انتقل إلى نادي جيروندان بوردو اين أدى موسم جيد في هدا النادي لكنه سرعان ما عاد إلى نادي اولمبيك مارسيليا اين حقق في هاته العودة العديد والعديد من الأشياء الممتازة حيث خلال الـ 3 سنوات التي لعبها مند عودته إلى نادي اولمبيك مارسيليا استطاع هدا اللاعب الكبير ان يلعب 122 مباراة وأيضا تسجيل 5 اهداف وحقق العديد من الألقاب الغالية مع النادي الفرنسي.\r\nحيث عاد من جديد لصبح بطل الدوري الفرنسي لمرتين متتاليتين في موسم 1992 وأيضا 1993 وأيضا تمكن من الفوز بأحسن لقب أوروبي والدي يتمناه كبار اللاعبين وهو رابطة ابطال أوروبا وهو الإنجاز التاريخي لنادي اولمبيك مارسيليا وقبل رحيله للعب خارج فرنسا تلقى ديشامب العديد من التشجيعات من طرف انصار اولمبيك مارسيليا الدين لم يتعرضوا طريق اللاعب ابدا في الاحتراف خارج فرنسا وشجعوه كثيرا وكان أحد اساطير النادي وكل مشجعي مارسيليا ما زالوا يتدكرون جيدا فضل هدا اللاعب الكبير على النادي الأزرق فهو الدي قدم كل ما لديه للأولمبيين وقدم مستوى ممتاز وممتاز جدا مع النادي وكان الكابتن الحقيقي في مارسيليا.. وبعد مسيرته الناجحة بأتم معنى الكلمة مع نادي اولمبيك مارسيليا انتقل ديدي ديشامب إلى النادي الإيطالي يوفنتوس تورينو في موسم 1994 وبقى معهم مدة خمس سنوات كانت كلها ناجحة فقد لعب 188 مباراة وسجل 4 اهداف أيضا فاز بالعديد من الألقاب مع النادي الإيطالي وهي بطل إيطاليا لثلاثة مواسم 1995، 1997، 1998 أيضا كأس إيطاليا 1995 ورابطة ابطال أوروبا سنة 1996.. لينتقل بعدها إلى النادي الإنجليزي تشيلسي اين لعب موسم واحد فقط مع النادي اللندني وفاز معه بلقب كأس إنجلترا وانتهى مسيرته الكروية سنة 2001 مع نادي فالينسيا الإسباني.\r\n\r\nبعد خروج منتخب فرنسا من الدور الثاني في كأس الأمم الأوربية الماضية في بولندا وأوكرانيا مع المدرب لوران بلان تعاقد الإتحاد الفرنسي مع زميله ديديه ديشامب في الثامن من يوليو 2012 لانتشال السفينة الكروية من الغرق معتمداً على سجله الجيد خلال مسيرته كمدرب.\r\nولد ديشامب في الخامس عشر من أكتوبر عام 1968 وبدأ مسيرته الاحترافية كلاعب  وسط مدافع منتصف الثمانينات مع نانت ثم لعب خمس مواسم مع مارسليا عملاق الجنوب الفرنسي ومنه لبوردو على سبيل الإعارة حتى عام 1994 عندما خاض مسيرته الاحترافية الأولي خارج الأرض الفرنسية مع يوفنتوس الإيطالي حتى 1999 ثم انتقل للدوري الإنجليزي عبر بوابة تشيلسي موسم 99/2000 ومنه للدوري الإسباني صحبة فالنسيا الذي اعتزل في صفوفه عام 2001.\r\nدولياً خاض ديشامب مسيرة رائعة مع منتخب بلاده في الفترة من 1989 وحتى 2000 حيث لعب 103 مباراة دولية وسجل 4 أهداف, أما مسيرته كمدرب فقد بدأت مع موناكو عام 2001 وحتى 2005  ومنه شد الرحال مجدداً لإيطاليا لقيادة "السيدة العجوز" كمدير فني موسم 2006 /2007 ,قبل أن يتولى مهمة تدريب مارسليا من 2009 وحتى 2012 وحقق معه 6 ألقاب منها  لقب الدوري الفرنسي بعد غياب 18 عاماً.\r\nفي أولى مبارياته التحضيرية للمونديال حقق المنتخب الفرنسي تحت قيادة مدربه الواعد  فوزاً ثميناً على نظيره الهولندي بهدفي بن زيمة وماتويدي في الخامس من مارس الماضي ويلعب الفريق ثلاث مواجهات أخرى قبل خوض غمار النهائيات, مع النرويج في 27 مايو وبارجواي وجامايكا في الأول والثامن من يونيو.\r\n\r\nفاجئ ديدي ديشامب الجميع في موسم 2001 حيث فور قرار اعتزاله لعب كرة القدم عندما كان في نادي فالينسيا الإسباني مباشرة اتجه إلى تدريب نادي الإمارة الفرنسية نادي موناكو فرغم أن ديدي ديشامب لاعب كبير جدا وكل المشجعين الفرنسيين يحبونه ويعتبرون من بين احسن اللاعبين الدين مروا على المنتخب الفرنسي وأيضا الدوري الفرنسي لكن لا أحد كان ينتظر ان ينجح بهاته الطريقة مع نادي موناكو فهو كان بنظر الكثير غير مكتسب لخبرة التدريب رغم أنه قضى العديد من المواسم في الميادين الأوروبية وفاز بالعديد من الألقاب ولعب في أقوى الدوريات العالمية (الإيطالية والإنجليزية والإسبانية والفرنسية) حيث قضى ديدي ديشامب اربع سنوات مع نادي الإمارة موناكو من 2001 إلى غاية 2005 حيث كان ديدي ديشامب ناجح في نادي موناكو حيث استطاع أن يبني نادي قوي وينافس على كل الجبهات وكان أول لقب لـ ديدي ديشامب في مسيرته كمدرب في سنة 2003 لقب كأس فرنسا وكان آنداك نادي موناكو مكون بالعديد والعديد من اللاعبين الممتازين جدا في صفوفه خاصة بدكر لاعبين من حجم الحارس الإيطالي فلافيو روما وأيضا جولي كابتن النادي في دلك الوقت وروتين لاعب باريس سان جيرمان وأيضا المهاجم الكرواتي الممتاز دادو بيرشو بدون نسيان المهاجم الإسباني الكبير والرائع موريانتيس.\r\nو في موسم 2004 كان احسن موسم في تاريخ نادي موناكو على الإطلاق حيث أدى موسم ممتاز جدا في رابطة ابطال أوروبا واستطاع أن يقهر العديد من الأندية الكبيرة جدا في دلك الوقت مثل ريال مدريد نادي القرن كما يسميه البعض وأيضا نادي تشيلسي المدعم بترسانة كبيرة من اللاعبين الممتازين لكن للأسف في المباراة النهائية اصطدم نادي موناكو بنادي بورتو البرتغالي الدي كان هو الآخر مدعم بلاعبين ممتازين جدا مثل ريكاردو كارفالهو المدافع الحالي لنادي ريا مدريد وديكو لاعب تشيلسي بدون نسيان انه كان تحت قيادة المدرب الداهية واحسن مدربي العالم جوزي مورينهو فكانت خسارة موناكو كبيرة في هاته المباراة النهائية (3 - 0). وفي موسم 2005 توقف ديدي ديشامب.\r\nمع نادي موناكو ولم يدرب أي نادي آخر إلى غاية موسم 2006 حين تولى قيادة النادي الإيطالي الكبير والكبير جداً يوفنتوس الإيطالي الذي كان لاعب فيه قبل أن يصبح مدرب فيه وكان نادي يوفنتوس قد اُسقط إلى القسم الثاني الإيطالي بسبب شراء المباريات وشهد النادي الإيطالي في دلك الموسم هجرة جماعية من أبرز لاعبي الفريق الذين اثبتوا بأنهم كانوا يريدون مصلحتهم فقط وحتى العديد من المدربين رفضوا تدريب نادي يوفنتوس قبل أن يتولى ديشامب مهمة تدريب النادي واستطاع في موسمه الأول ان يحقق الصعود مع النادي إلى حضيرة الكبار رغم أن نادي يوفنتوس كان معاقب أيضا في الدرجة الثانية بحرمانه من النقاط حتى في حالة الفوز لكن ديشامب كان أكثر من ممتاز وقاد اليوفي إلى الصعود وبعدها مواصلة المسيرة رغم الحاح الأنصار من اجل مواصلة ديشامب معهم كيف لا وهو صاحب الفضل الكبير عليهم سواء كلاعب مع النادي أو كمدرب.\r\nوسيتولى ديدي ديشامب قيادة ناديه السابق في الدوري الفرنسي نادي أولمبيك مارسيليا بعدما قرر المدرب البلجيكي ايريك غريتيس مغادرة النادي واستقبل أنصار اولمبيك مارسيليا تعيين ديشامب مدرب للنادي المارسيلي خلفا للبجيكي غريتيس بارتياح كبير حيث اعرب الكثير من الأنصار واللاعبين عن فرحهم الشديد بعد هدا القرار لأن كل الأنصار واللاعبين لا يزالون يتدكرون هدا الأسطورة الكبيرة واحد احسن اللاعبين الذين مروا على نادي مارسيليا.\r\n\r\n', 'NO', '2016-05-25 11:35:44', '2016-05-25 11:34:26'),
(46, 'بافل فيربا', '1963-12-06', 'Pavel Vrba', '', '', '', 'مدير فنى', 94, 814, '1464190472', 'هو التشيكي لكرة القدم مدير واللاعب السابق. فيربا يدرب حاليا المنتخب التشيكي . ومن المعروف انه لتطبيق فلسفة كرة القدم الهجومية في فرق انه المدربين. \r\n\r\nكلاعب، فيربا لعب لعدة اندية من بينها بانيك اوسترافا. كمدرب قاد عدة التشيكية والسلوفاكية الأندية، بما في ذلك الدوري الاسباني Gambrinus سجل خمسة مواسم في تهمة من نادي فيكتوريا بلزن ، الذي قاد إلى لقبين في الدوري، لقب كوب واحد، وثلاثة فصول متتالية من المشاركة في الدوري الأوروبي بالضربة القاضية المرحلة - وهو رقم قياسي بالنسبة لأي ناد التشيكي \r\n', 'NO', '2016-05-25 11:34:32', '2016-05-25 11:34:32');

-- --------------------------------------------------------

--
-- Table structure for table `commentors`
--

CREATE TABLE `commentors` (
  `id` int(11) NOT NULL,
  `name` varchar(150) CHARACTER SET utf8 NOT NULL,
  `birth_date` date DEFAULT NULL,
  `country_id` int(11) NOT NULL,
  `city_id` int(11) DEFAULT NULL,
  `flag` varchar(150) CHARACTER SET utf8 DEFAULT NULL,
  `nationality` varchar(255) COLLATE utf8_unicode_ci NOT NULL,
  `addition_info` text COLLATE utf8_unicode_ci,
  `updated_at` timestamp NOT NULL DEFAULT CURRENT_TIMESTAMP,
  `created_at` timestamp NOT NULL DEFAULT '0000-00-00 00:00:00'
) ENGINE=InnoDB DEFAULT CHARSET=utf8 COLLATE=utf8_unicode_ci;

--
-- Dumping data for table `commentors`
--

INSERT INTO `commentors` (`id`, `name`, `birth_date`, `country_id`, `city_id`, `flag`, `nationality`, `addition_info`, `updated_at`, `created_at`) VALUES
(1, 'خالد الغول', '0000-00-00', 144, 838, '1464529661', 'اردني', NULL, '2016-05-29 13:48:30', '2016-05-29 12:47:41'),
(2, 'فهد العتيبي', '0000-00-00', 145, 840, '1464530080', 'سعودي', NULL, '2016-05-29 13:49:24', '2016-05-29 12:54:40'),
(3, 'عصام الشوالي', '0000-00-00', 81, 62, '1464530501', 'تونسي', NULL, '2016-05-29 13:48:52', '2016-05-29 13:01:41'),
(4, 'حماد العنزي', '0000-00-00', 145, 840, '1464530939', 'سعودي', NULL, '2016-05-29 13:48:17', '2016-05-29 13:08:59'),
(5, 'يوسف سيف', '0000-00-00', 147, 843, '1464531205', 'قطري', NULL, '2016-05-29 13:49:33', '2016-05-29 13:13:25'),
(7, 'علي محمد علي', '0000-00-00', 150, 846, '1464533279', 'مصري', NULL, '2016-05-29 13:47:59', '2016-05-29 13:47:59'),
(8, 'رؤوف خليف', '0000-00-00', 81, 55, '1464533481', 'تونسي', NULL, '2016-05-29 13:51:21', '2016-05-29 13:51:21'),
(9, ' عبدلله النهدي', '0000-00-00', 145, 840, '1464594818', 'سعودي', NULL, '2016-05-30 06:53:38', '2016-05-30 06:53:38'),
(10, 'احمد عبده ', '0000-00-00', 150, 846, '1464594982', 'مصري', NULL, '2016-05-30 06:56:22', '2016-05-30 06:56:22');

-- --------------------------------------------------------

--
-- Table structure for table `corners`
--

CREATE TABLE `corners` (
  `id` int(11) NOT NULL,
  `team_id` int(11) DEFAULT NULL,
  `player_id` int(11) NOT NULL,
  `match_id` int(11) NOT NULL,
  `time` timestamp NOT NULL DEFAULT CURRENT_TIMESTAMP ON UPDATE CURRENT_TIMESTAMP,
  `addition_info` text COLLATE utf8_unicode_ci,
  `type` text COLLATE utf8_unicode_ci NOT NULL,
  `updated_at` timestamp NOT NULL DEFAULT '0000-00-00 00:00:00',
  `created_at` timestamp NOT NULL DEFAULT '0000-00-00 00:00:00'
) ENGINE=InnoDB DEFAULT CHARSET=utf8 COLLATE=utf8_unicode_ci;

-- --------------------------------------------------------

--
-- Table structure for table `countries`
--

CREATE TABLE `countries` (
  `id` int(11) NOT NULL,
  `name` varchar(150) CHARACTER SET utf8 NOT NULL,
  `flag` varchar(150) CHARACTER SET utf8 DEFAULT NULL,
  `updated_at` timestamp NOT NULL DEFAULT CURRENT_TIMESTAMP ON UPDATE CURRENT_TIMESTAMP,
  `created_at` timestamp NOT NULL DEFAULT '0000-00-00 00:00:00'
) ENGINE=InnoDB DEFAULT CHARSET=utf8 COLLATE=utf8_unicode_ci;

--
-- Dumping data for table `countries`
--

INSERT INTO `countries` (`id`, `name`, `flag`, `updated_at`, `created_at`) VALUES
(81, 'فرنسا ', '31OmGYE+lOL._SY300_.jpg', '2016-05-17 02:51:35', '2016-05-11 07:37:49'),
(85, 'سويسرا', 'images.jpg', '2016-05-16 04:55:19', '2016-05-16 04:55:19'),
(86, 'رومانيا', 'download.jpg', '2016-05-16 04:59:28', '2016-05-16 04:59:28'),
(87, 'انجلترا', 'alm-britania-arshy-pic-09345.jpg', '2016-05-16 05:01:32', '2016-05-16 05:01:32'),
(88, 'سلو فاكيا', '4fe45c1aea2b6de40158936806110c55.png', '2016-05-16 05:03:32', '2016-05-16 05:03:32'),
(89, 'روسيا', 'bandeira_de_russia_adesivo-r713528c3b16949f09c3123fa32c1c036_v9waf_8byvr_324.jpg', '2016-05-16 05:05:03', '2016-05-16 05:05:03'),
(90, 'ويلز', 'images (1).jpg', '2016-05-16 05:08:39', '2016-05-16 05:08:39'),
(91, 'ايرلندا الشمالية', 'image.jpg', '2016-05-16 05:12:35', '2016-05-16 05:12:35'),
(92, 'بولندا', 'polish flag.jpg', '2016-05-16 05:13:54', '2016-05-16 05:13:54'),
(94, 'التشيك', 'tchek.png', '2016-05-16 05:21:34', '2016-05-16 05:16:53'),
(95, 'تركيا', 'turkia.jpg', '2016-05-16 05:22:09', '2016-05-16 05:17:33'),
(96, 'كرواتيا', 'kroatia.jpg', '2016-05-16 05:22:56', '2016-05-16 05:18:51'),
(97, 'ايطاليا', 'italian.png', '2016-05-16 05:24:50', '2016-05-16 05:24:50'),
(99, 'هولندا', '31OmGYE+lOL._SY300_.jpg', '2016-05-16 05:27:37', '2016-05-16 05:27:37'),
(104, 'بلجيكا', '1463655345', '2016-05-19 03:55:45', '2016-05-16 05:31:07'),
(107, 'ايرلندا', '1463655325', '2016-05-19 03:55:25', '2016-05-16 05:53:02'),
(108, 'النمسا', '1463655301', '2016-05-19 03:55:01', '2016-05-16 05:54:34'),
(109, 'البرتغال', '1463655205', '2016-05-19 03:53:25', '2016-05-16 05:56:24'),
(111, 'ايسلندا', '1463655334', '2016-05-19 03:55:34', '2016-05-16 06:11:35'),
(113, 'اوكرانيا', '1463655313', '2016-05-19 03:55:13', '2016-05-17 03:13:13'),
(114, 'بوروندي', '1463655494', '2016-05-19 03:58:14', '2016-05-19 02:56:28'),
(115, 'جامايكا', '1463655461', '2016-05-19 03:57:41', '2016-05-19 03:14:08'),
(116, 'غانا', '1463662128', '2016-05-19 05:48:48', '2016-05-19 05:48:48'),
(117, 'الولايات المتحدة الامريكية ', '1463663385', '2016-05-19 06:09:45', '2016-05-19 06:09:45'),
(118, 'ساحل العاج', '1463666250', '2016-05-19 06:57:30', '2016-05-19 06:57:30'),
(123, 'كاراكاس', '1464013069', '2016-05-23 10:17:49', '2016-05-23 10:17:49'),
(124, 'انغولا', '1464013449', '2016-05-23 10:24:09', '2016-05-23 10:24:09'),
(125, 'الراس الاخضر', '1464013690', '2016-05-23 10:28:10', '2016-05-23 10:28:10'),
(126, 'البرازيل ', '1464014322', '2016-05-23 10:38:42', '2016-05-23 10:38:42'),
(127, 'تشيكوسلوفاكيا', '1464014621', '2016-05-23 10:43:41', '2016-05-23 10:43:41'),
(128, 'باكستان ', '1464018721', '2016-05-23 11:52:01', '2016-05-23 11:52:01'),
(129, 'السويد', '1464020356', '2016-05-23 12:19:16', '2016-05-23 12:19:16'),
(132, 'البوسنه والهرسك ', '1464085830', '2016-05-24 06:30:30', '2016-05-24 06:30:30'),
(136, 'صربيا', '1464267903', '2016-05-26 11:05:03', '2016-05-26 11:05:03'),
(138, 'سلوفينيا', '1464269166', '2016-05-26 11:26:06', '2016-05-26 11:26:06'),
(139, 'الولايات المتحدة ', '1464514490', '2016-05-29 07:34:50', '2016-05-29 07:34:50'),
(140, 'بلغراد', '1464516752', '2016-05-29 08:12:32', '2016-05-29 08:12:32'),
(142, 'بريشتينا', '1464528733', '2016-05-29 12:32:13', '2016-05-29 12:32:13'),
(144, 'فلسطين', '1464529414', '2016-05-29 12:43:34', '2016-05-29 12:43:34'),
(145, 'السعودية', '1464530018', '2016-05-29 12:53:38', '2016-05-29 12:53:38'),
(146, 'تونس', '1464530404', '2016-05-29 13:00:04', '2016-05-29 13:00:04'),
(147, 'قطر', '1464531163', '2016-05-29 13:12:43', '2016-05-29 13:12:43'),
(149, 'مقدونيا', '1464532257', '2016-05-29 13:30:57', '2016-05-29 13:30:57'),
(150, 'مصر', '1464533208', '2016-05-29 13:46:48', '2016-05-29 13:46:48'),
(151, 'روسيا البيضاء ( بيلا روسيا ) ', '1464683966', '2016-05-31 07:39:26', '2016-05-31 07:39:26'),
(152, 'كندا', '1464687852', '2016-05-31 08:44:12', '2016-05-31 08:44:12'),
(153, 'بوروندي', '1464701368', '2016-05-31 12:29:28', '2016-05-31 12:29:28'),
(155, 'المجر', '1464773711', '2016-06-01 08:35:11', '2016-06-01 08:35:11'),
(156, 'صربيا', '1464775149', '2016-06-01 08:59:09', '2016-06-01 08:59:09'),
(157, 'غينيا بيساو', '1464793936', '2016-06-01 14:12:16', '2016-06-01 14:12:16'),
(158, 'الدنمارك', '1464879731', '2016-06-02 14:02:11', '2016-06-02 14:02:11'),
(160, 'روسيا السيوفيتيه  ', '1465295835', '2016-06-07 09:37:15', '2016-06-07 09:37:15'),
(161, 'زائير', '1465382008', '2016-06-08 09:33:28', '2016-06-08 09:33:28'),
(162, 'جمهورية الكونغو الديمقراطية', '1465465264', '2016-06-09 08:41:04', '2016-06-09 08:41:04'),
(163, 'شيردان شاكيري', '1468741264', '2016-07-17 04:41:04', '2016-07-17 04:41:04');

-- --------------------------------------------------------

--
-- Table structure for table `discussions`
--

CREATE TABLE `discussions` (
  `id` int(11) NOT NULL,
  `match_id` int(11) NOT NULL,
  `analysis` varchar(2000) CHARACTER SET utf8 NOT NULL,
  `Author` varchar(100) CHARACTER SET utf8 NOT NULL,
  `analysis_date` datetime NOT NULL,
  `updated_at` timestamp NOT NULL DEFAULT CURRENT_TIMESTAMP ON UPDATE CURRENT_TIMESTAMP,
  `created_at` timestamp NOT NULL DEFAULT '0000-00-00 00:00:00'
) ENGINE=InnoDB DEFAULT CHARSET=utf8 COLLATE=utf8_unicode_ci;

--
-- Dumping data for table `discussions`
--

INSERT INTO `discussions` (`id`, `match_id`, `analysis`, `Author`, `analysis_date`, `updated_at`, `created_at`) VALUES
(1, 3, 'سيسس', 'alaa', '2016-04-02 03:05:00', '2016-10-11 15:07:40', '2016-10-11 15:07:18');

-- --------------------------------------------------------

--
-- Table structure for table `errors`
--

CREATE TABLE `errors` (
  `id` int(11) NOT NULL,
  `player_id` int(11) NOT NULL,
  `team_id` int(11) DEFAULT NULL,
  `time` timestamp NOT NULL DEFAULT CURRENT_TIMESTAMP ON UPDATE CURRENT_TIMESTAMP,
  `addition_info` text COLLATE utf8_unicode_ci,
  `updated_at` timestamp NOT NULL DEFAULT '0000-00-00 00:00:00',
  `created_at` timestamp NOT NULL DEFAULT '0000-00-00 00:00:00',
  `match_id` int(11) NOT NULL
) ENGINE=InnoDB DEFAULT CHARSET=utf8 COLLATE=utf8_unicode_ci;

-- --------------------------------------------------------

--
-- Table structure for table `expections`
--

CREATE TABLE `expections` (
  `id` int(11) NOT NULL,
  `question_text` text NOT NULL,
  `ans1` text NOT NULL,
  `ans2` text NOT NULL,
  `ans3` text,
  `ans4` text,
  `count1` int(11) DEFAULT '0',
  `count2` int(11) DEFAULT '0',
  `count3` int(11) DEFAULT '0',
  `count4` int(11) DEFAULT '0',
  `date` date NOT NULL,
  `created_at` timestamp NOT NULL DEFAULT CURRENT_TIMESTAMP ON UPDATE CURRENT_TIMESTAMP,
  `updated_at` timestamp NOT NULL DEFAULT '0000-00-00 00:00:00'
) ENGINE=InnoDB DEFAULT CHARSET=utf8;

--
-- Dumping data for table `expections`
--

INSERT INTO `expections` (`id`, `question_text`, `ans1`, `ans2`, `ans3`, `ans4`, `count1`, `count2`, `count3`, `count4`, `date`, `created_at`, `updated_at`) VALUES
(2, 'ما توقعاتك للأهلي والزمالك في دوري أبطال إفريقيا؟', 'فوز الاهلى', 'فوز الزمالك', 'تعادل الفريقين', '', 101, 34, 28, 19, '2016-10-14', '2016-10-17 06:37:48', '2016-10-17 13:37:48');

-- --------------------------------------------------------

--
-- Table structure for table `goals`
--

CREATE TABLE `goals` (
  `id` int(11) NOT NULL,
  `player_id` int(11) NOT NULL,
  `match_id` int(11) NOT NULL,
  `championship_id` int(11) DEFAULT NULL,
  `team_id` int(11) DEFAULT NULL,
  `inteam_id` int(11) NOT NULL,
  `time` timestamp NOT NULL DEFAULT CURRENT_TIMESTAMP ON UPDATE CURRENT_TIMESTAMP,
  `type` varchar(150) CHARACTER SET utf8 NOT NULL,
  `flag` text COLLATE utf8_unicode_ci,
  `vedio_url` text COLLATE utf8_unicode_ci,
  `addition_info` text COLLATE utf8_unicode_ci,
  `updated_at` timestamp NOT NULL DEFAULT '0000-00-00 00:00:00',
  `created_at` timestamp NOT NULL DEFAULT '0000-00-00 00:00:00'
) ENGINE=InnoDB DEFAULT CHARSET=utf8 COLLATE=utf8_unicode_ci;

-- --------------------------------------------------------

--
-- Table structure for table `groups`
--

CREATE TABLE `groups` (
  `id` int(11) NOT NULL,
  `name` varchar(255) COLLATE utf8_unicode_ci NOT NULL,
  `championship_id` int(11) NOT NULL,
  `addition_info` text COLLATE utf8_unicode_ci,
  `no_matches` int(11) DEFAULT NULL,
  `updated_at` timestamp NOT NULL DEFAULT CURRENT_TIMESTAMP ON UPDATE CURRENT_TIMESTAMP,
  `created_at` timestamp NOT NULL DEFAULT '0000-00-00 00:00:00'
) ENGINE=InnoDB DEFAULT CHARSET=utf8 COLLATE=utf8_unicode_ci;

--
-- Dumping data for table `groups`
--

INSERT INTO `groups` (`id`, `name`, `championship_id`, `addition_info`, `no_matches`, `updated_at`, `created_at`) VALUES
(2, 'A المجموعه', 10, 'ssss', 10, '2016-09-06 13:24:04', '2016-09-06 13:24:04');

-- --------------------------------------------------------

--
-- Table structure for table `g_albums`
--

CREATE TABLE `g_albums` (
  `id` int(11) NOT NULL,
  `title` text CHARACTER SET utf8 NOT NULL,
  `category_id` int(11) NOT NULL,
  `created_at` timestamp NOT NULL DEFAULT CURRENT_TIMESTAMP ON UPDATE CURRENT_TIMESTAMP,
  `updated_at` timestamp NOT NULL DEFAULT '0000-00-00 00:00:00'
) ENGINE=InnoDB DEFAULT CHARSET=utf8 COLLATE=utf8_unicode_ci;

--
-- Dumping data for table `g_albums`
--

INSERT INTO `g_albums` (`id`, `title`, `category_id`, `created_at`, `updated_at`) VALUES
(1, 'مصر', 11, '2016-10-12 11:44:33', '2016-10-12 18:44:33');

-- --------------------------------------------------------

--
-- Table structure for table `g_album_photos`
--

CREATE TABLE `g_album_photos` (
  `id` int(11) NOT NULL,
  `g_album_id` int(11) NOT NULL,
  `flag` text CHARACTER SET latin1 NOT NULL,
  `alt` text CHARACTER SET utf8,
  `created_at` timestamp NOT NULL DEFAULT CURRENT_TIMESTAMP ON UPDATE CURRENT_TIMESTAMP,
  `updated_at` timestamp NOT NULL DEFAULT '0000-00-00 00:00:00'
) ENGINE=InnoDB DEFAULT CHARSET=utf8 COLLATE=utf8_unicode_ci;

--
-- Dumping data for table `g_album_photos`
--

INSERT INTO `g_album_photos` (`id`, `g_album_id`, `flag`, `alt`, `created_at`, `updated_at`) VALUES
(20, 1, '1476271944', '1475578369', '2016-10-12 11:32:24', '2016-10-12 18:32:24'),
(21, 1, '1476271800', '1475578390', '2016-10-12 11:30:00', '2016-10-12 18:30:00'),
(22, 1, '1476271960', '1475578412', '2016-10-12 11:32:40', '2016-10-12 18:32:40'),
(23, 1, '1476271970', '1475578464', '2016-10-12 11:32:50', '2016-10-12 18:32:50'),
(24, 1, '1476272033', '1475578466', '2016-10-12 11:33:53', '2016-10-12 18:33:53'),
(25, 1, '1476272016', '1475578467', '2016-10-12 11:33:36', '2016-10-12 18:33:36'),
(26, 1, '1476271992', '1475653329', '2016-10-12 11:33:12', '2016-10-12 18:33:12'),
(27, 1, '1476273859', '1476273747', '2016-10-12 12:04:19', '2016-10-12 19:04:19');

-- --------------------------------------------------------

--
-- Table structure for table `jminutes`
--

CREATE TABLE `jminutes` (
  `id` int(11) NOT NULL,
  `match_id` int(11) NOT NULL,
  `body` text CHARACTER SET utf8 NOT NULL,
  `min` text COLLATE utf8_unicode_ci NOT NULL,
  `created_at` timestamp NOT NULL DEFAULT '0000-00-00 00:00:00',
  `updated_at` timestamp NOT NULL DEFAULT CURRENT_TIMESTAMP
) ENGINE=InnoDB DEFAULT CHARSET=utf8 COLLATE=utf8_unicode_ci;

--
-- Dumping data for table `jminutes`
--

INSERT INTO `jminutes` (`id`, `match_id`, `body`, `min`, `created_at`, `updated_at`) VALUES
(11, 3, '["hhh","nnbn"]', '[10,90]', '2016-08-28 07:23:11', '2016-08-28 07:23:11'),
(12, 3, '["sadddderferfg"]', '[2]', '2016-08-28 07:52:03', '2016-08-28 07:52:03'),
(13, 16, '["hhuiu"]', '[50]', '2016-08-28 07:52:10', '2016-08-28 07:52:10');

-- --------------------------------------------------------

--
-- Table structure for table `managers`
--

CREATE TABLE `managers` (
  `id` int(11) NOT NULL,
  `name` varchar(150) CHARACTER SET utf8 NOT NULL,
  `from_date` date NOT NULL,
  `to_date` date NOT NULL,
  `role` varchar(150) CHARACTER SET utf8 NOT NULL,
  `job` varchar(150) CHARACTER SET utf8 DEFAULT NULL,
  `salary` int(11) DEFAULT NULL,
  `selection_type` varchar(150) CHARACTER SET utf8 NOT NULL,
  `flag` varchar(150) CHARACTER SET utf8 DEFAULT NULL,
  `city_id` int(11) DEFAULT NULL,
  `country_id` int(11) NOT NULL,
  `updated_at` timestamp NOT NULL DEFAULT CURRENT_TIMESTAMP ON UPDATE CURRENT_TIMESTAMP,
  `created_at` timestamp NOT NULL DEFAULT '0000-00-00 00:00:00',
  `team_id` int(11) DEFAULT NULL,
  `addition_info` text COLLATE utf8_unicode_ci
) ENGINE=InnoDB DEFAULT CHARSET=utf8 COLLATE=utf8_unicode_ci;

--
-- Dumping data for table `managers`
--

INSERT INTO `managers` (`id`, `name`, `from_date`, `to_date`, `role`, `job`, `salary`, `selection_type`, `flag`, `city_id`, `country_id`, `updated_at`, `created_at`, `team_id`, `addition_info`) VALUES
(1, 'alaa', '0000-00-00', '0000-00-00', 'kkk', 'vvvvvvvvvvvvvvvvvvvvvvv', 44, 'Elected', '1471359332', 31, 109, '2016-08-16 12:55:45', '2016-08-16 12:55:32', NULL, NULL);

-- --------------------------------------------------------

--
-- Table structure for table `managment_championships`
--

CREATE TABLE `managment_championships` (
  `id` int(11) NOT NULL,
  `team_id` int(11) NOT NULL,
  `manager_id` int(11) NOT NULL,
  `from_date` date NOT NULL,
  `to_date` date DEFAULT NULL,
  `contract` int(11) NOT NULL,
  `addition_info` text COLLATE utf8_unicode_ci,
  `updated_at` timestamp NOT NULL DEFAULT '0000-00-00 00:00:00',
  `created_at` timestamp NOT NULL DEFAULT '0000-00-00 00:00:00'
) ENGINE=InnoDB DEFAULT CHARSET=utf8 COLLATE=utf8_unicode_ci;

-- --------------------------------------------------------

--
-- Table structure for table `matches`
--

CREATE TABLE `matches` (
  `id` int(11) NOT NULL,
  `team1_id` int(11) DEFAULT NULL,
  `team2_id` int(11) DEFAULT NULL,
  `match_date` datetime NOT NULL,
  `date` date NOT NULL,
  `match_period` int(11) DEFAULT '90',
  `team1_goals` int(11) DEFAULT '0',
  `team2_goals` int(11) DEFAULT '0',
  `team1_corners` int(11) DEFAULT '0',
  `team2_corners` int(11) DEFAULT '0',
  `team1_offsides` int(11) DEFAULT '0',
  `team2_offsides` int(11) DEFAULT '0',
  `team1_errors` int(11) DEFAULT '0',
  `team2_errors` int(11) DEFAULT '0',
  `team1_cards` int(11) DEFAULT '0',
  `team2_cards` int(11) DEFAULT '0',
  `team1_psessions` int(11) DEFAULT '0',
  `team2_psessions` int(11) DEFAULT '0',
  `team1_penalties` int(11) DEFAULT '0',
  `team2_penalties` int(11) DEFAULT '0',
  `group_id` varchar(111) CHARACTER SET utf8 DEFAULT NULL,
  `champion_id` int(11) DEFAULT NULL,
  `stadium_id` int(11) NOT NULL,
  `addition_info` varchar(1000) COLLATE utf8_unicode_ci DEFAULT NULL,
  `role` int(11) DEFAULT NULL,
  `type` text COLLATE utf8_unicode_ci,
  `updated_at` timestamp NOT NULL DEFAULT CURRENT_TIMESTAMP ON UPDATE CURRENT_TIMESTAMP,
  `created_at` timestamp NOT NULL DEFAULT '0000-00-00 00:00:00'
) ENGINE=InnoDB DEFAULT CHARSET=utf8 COLLATE=utf8_unicode_ci;

--
-- Dumping data for table `matches`
--

INSERT INTO `matches` (`id`, `team1_id`, `team2_id`, `match_date`, `date`, `match_period`, `team1_goals`, `team2_goals`, `team1_corners`, `team2_corners`, `team1_offsides`, `team2_offsides`, `team1_errors`, `team2_errors`, `team1_cards`, `team2_cards`, `team1_psessions`, `team2_psessions`, `team1_penalties`, `team2_penalties`, `group_id`, `champion_id`, `stadium_id`, `addition_info`, `role`, `type`, `updated_at`, `created_at`) VALUES
(3, 8, 4, '2016-09-05 18:13:00', '2016-09-27', 90, 0, 0, 0, 0, 0, 0, 0, 0, 1, 0, 0, 0, 1, 0, NULL, 10, 26, NULL, NULL, NULL, '2016-09-27 15:05:32', '0000-00-00 00:00:00'),
(16, 16, 4, '2001-04-18 02:00:00', '2016-08-28', 90, 0, 0, 0, 0, 0, 0, 0, 0, 0, 0, 0, 0, 0, 0, NULL, 10, 23, 'aaa', NULL, NULL, '2016-09-27 15:05:39', '2016-08-21 10:00:59'),
(17, 32, 33, '2003-10-16 10:50:00', '2003-10-16', 90, 0, 0, 0, 0, 0, 0, 0, 0, 0, 0, 0, 0, 0, 0, 'الاسبوع1', 10, 22, 'rrrr', NULL, 'دورى', '2016-09-27 15:05:42', '2016-09-04 06:13:53');

-- --------------------------------------------------------

--
-- Table structure for table `match_channels`
--

CREATE TABLE `match_channels` (
  `id` int(11) NOT NULL,
  `match_id` int(11) NOT NULL,
  `channel_id` int(11) NOT NULL,
  `addition_info` text COLLATE utf8_unicode_ci,
  `updated_at` timestamp NOT NULL DEFAULT CURRENT_TIMESTAMP ON UPDATE CURRENT_TIMESTAMP,
  `created_at` timestamp NOT NULL DEFAULT '0000-00-00 00:00:00'
) ENGINE=InnoDB DEFAULT CHARSET=utf8 COLLATE=utf8_unicode_ci;

-- --------------------------------------------------------

--
-- Table structure for table `match_commentors`
--

CREATE TABLE `match_commentors` (
  `id` int(11) NOT NULL,
  `match_id` int(11) NOT NULL,
  `commentor_id` int(11) NOT NULL,
  `addition_info` text COLLATE utf8_unicode_ci,
  `updated_at` timestamp NOT NULL DEFAULT CURRENT_TIMESTAMP ON UPDATE CURRENT_TIMESTAMP,
  `created_at` timestamp NOT NULL DEFAULT '0000-00-00 00:00:00'
) ENGINE=InnoDB DEFAULT CHARSET=utf8 COLLATE=utf8_unicode_ci;

-- --------------------------------------------------------

--
-- Table structure for table `match_referees`
--

CREATE TABLE `match_referees` (
  `id` int(11) NOT NULL,
  `match_id` int(11) NOT NULL,
  `referee_id` int(11) NOT NULL,
  `addition_info` text COLLATE utf8_unicode_ci,
  `updated_at` timestamp NOT NULL DEFAULT CURRENT_TIMESTAMP ON UPDATE CURRENT_TIMESTAMP,
  `created_at` timestamp NOT NULL DEFAULT '0000-00-00 00:00:00'
) ENGINE=InnoDB DEFAULT CHARSET=utf8 COLLATE=utf8_unicode_ci;

--
-- Dumping data for table `match_referees`
--

INSERT INTO `match_referees` (`id`, `match_id`, `referee_id`, `addition_info`, `updated_at`, `created_at`) VALUES
(7, 16, 2, NULL, '2016-08-21 10:00:59', '2016-08-21 10:00:59'),
(8, 17, 2, NULL, '2016-09-04 06:13:53', '2016-09-04 06:13:53');

-- --------------------------------------------------------

--
-- Table structure for table `match_sponsors`
--

CREATE TABLE `match_sponsors` (
  `id` int(11) NOT NULL,
  `match_id` int(11) NOT NULL,
  `sponsor_id` int(11) NOT NULL,
  `updated_at` timestamp NOT NULL DEFAULT CURRENT_TIMESTAMP ON UPDATE CURRENT_TIMESTAMP,
  `created_at` timestamp NOT NULL DEFAULT '0000-00-00 00:00:00'
) ENGINE=InnoDB DEFAULT CHARSET=utf8 COLLATE=utf8_unicode_ci;

--
-- Dumping data for table `match_sponsors`
--

INSERT INTO `match_sponsors` (`id`, `match_id`, `sponsor_id`, `updated_at`, `created_at`) VALUES
(1, 3, 1, '2016-08-16 09:46:48', '2016-08-16 09:46:48'),
(2, 3, 3, '2016-08-16 09:46:48', '2016-08-16 09:46:48'),
(3, 3, 4, '2016-08-16 09:46:48', '2016-08-16 09:46:48'),
(4, 3, 2, '2016-08-16 12:32:15', '2016-08-16 12:32:15'),
(5, 3, 3, '2016-08-16 12:32:16', '2016-08-16 12:32:16'),
(6, 3, 6, '2016-08-16 12:32:16', '2016-08-16 12:32:16');

-- --------------------------------------------------------

--
-- Table structure for table `members`
--

CREATE TABLE `members` (
  `id` int(11) NOT NULL,
  `username` varchar(150) CHARACTER SET utf8 NOT NULL,
  `email` varchar(200) CHARACTER SET latin1 NOT NULL,
  `password` varchar(500) CHARACTER SET latin1 NOT NULL,
  `image` varchar(255) COLLATE utf8_unicode_ci NOT NULL,
  `updated_at` timestamp NOT NULL DEFAULT CURRENT_TIMESTAMP ON UPDATE CURRENT_TIMESTAMP,
  `created_at` timestamp NOT NULL DEFAULT '0000-00-00 00:00:00'
) ENGINE=InnoDB DEFAULT CHARSET=utf8 COLLATE=utf8_unicode_ci;

--
-- Dumping data for table `members`
--

INSERT INTO `members` (`id`, `username`, `email`, `password`, `image`, `updated_at`, `created_at`) VALUES
(59, 'Amera', 'amera@amera.com', '123456', '1474554239', '2016-09-22 12:23:59', '2016-09-22 12:23:59'),
(60, 'ass', 'amera@amera.com', '123456', '1474719462', '2016-09-24 10:17:42', '2016-09-24 10:17:42'),
(61, 'asden', 'asden@asden.com', '123456', '1474719533', '2016-09-24 10:18:53', '2016-09-24 10:18:53'),
(62, 'بلبقثا', 'alaa@yahoo.com', '123456', '1475503212', '2016-10-03 21:00:12', '2016-10-03 21:00:12');

-- --------------------------------------------------------

--
-- Table structure for table `migrations`
--

CREATE TABLE `migrations` (
  `migration` varchar(255) COLLATE utf8_unicode_ci NOT NULL,
  `batch` int(11) NOT NULL
) ENGINE=InnoDB DEFAULT CHARSET=utf8 COLLATE=utf8_unicode_ci;

--
-- Dumping data for table `migrations`
--

INSERT INTO `migrations` (`migration`, `batch`) VALUES
('2014_10_12_000000_create_users_table', 1),
('2014_10_12_100000_create_password_resets_table', 1);

-- --------------------------------------------------------

--
-- Table structure for table `minutes`
--

CREATE TABLE `minutes` (
  `id` int(11) NOT NULL,
  `match_id` int(11) NOT NULL,
  `body` text CHARACTER SET utf8 NOT NULL,
  `updated_at` timestamp NOT NULL DEFAULT CURRENT_TIMESTAMP ON UPDATE CURRENT_TIMESTAMP,
  `created_at` timestamp NOT NULL DEFAULT '0000-00-00 00:00:00',
  `minute` int(11) NOT NULL
) ENGINE=InnoDB DEFAULT CHARSET=utf8 COLLATE=utf8_unicode_ci;

-- --------------------------------------------------------

--
-- Table structure for table `nation_history_coachs`
--

CREATE TABLE `nation_history_coachs` (
  `id` int(11) NOT NULL,
  `nation_id` int(11) NOT NULL,
  `coach_id` int(11) NOT NULL,
  `from_date` date NOT NULL,
  `to_date` date DEFAULT NULL,
  `contract` int(11) DEFAULT NULL,
  `updated_at` timestamp NOT NULL DEFAULT CURRENT_TIMESTAMP ON UPDATE CURRENT_TIMESTAMP,
  `created_at` timestamp NOT NULL DEFAULT '0000-00-00 00:00:00',
  `role` varchar(255) COLLATE utf8_unicode_ci NOT NULL,
  `addition_info` text COLLATE utf8_unicode_ci
) ENGINE=InnoDB DEFAULT CHARSET=utf8 COLLATE=utf8_unicode_ci;

-- --------------------------------------------------------

--
-- Table structure for table `offsides`
--

CREATE TABLE `offsides` (
  `id` int(11) NOT NULL,
  `player_id` int(11) NOT NULL,
  `team_id` int(11) DEFAULT NULL,
  `match_id` int(11) NOT NULL,
  `time` timestamp NOT NULL DEFAULT CURRENT_TIMESTAMP ON UPDATE CURRENT_TIMESTAMP,
  `addition_info` text COLLATE utf8_unicode_ci,
  `updated_at` timestamp NOT NULL DEFAULT '0000-00-00 00:00:00',
  `created_at` timestamp NOT NULL DEFAULT '0000-00-00 00:00:00'
) ENGINE=InnoDB DEFAULT CHARSET=utf8 COLLATE=utf8_unicode_ci;

--
-- Dumping data for table `offsides`
--

INSERT INTO `offsides` (`id`, `player_id`, `team_id`, `match_id`, `time`, `addition_info`, `updated_at`, `created_at`) VALUES
(2, 4, 3, 4, '0000-00-00 00:00:00', NULL, '2016-05-26 06:47:42', '2016-05-26 06:47:42');

-- --------------------------------------------------------

--
-- Table structure for table `password_resets`
--

CREATE TABLE `password_resets` (
  `email` varchar(255) COLLATE utf8_unicode_ci NOT NULL,
  `token` varchar(255) COLLATE utf8_unicode_ci NOT NULL,
  `created_at` timestamp NOT NULL DEFAULT '0000-00-00 00:00:00'
) ENGINE=InnoDB DEFAULT CHARSET=utf8 COLLATE=utf8_unicode_ci;

-- --------------------------------------------------------

--
-- Table structure for table `pcomments`
--

CREATE TABLE `pcomments` (
  `id` int(11) NOT NULL,
  `post_id` int(11) NOT NULL,
  `person_id` int(11) NOT NULL,
  `role` varchar(255) COLLATE utf8_unicode_ci NOT NULL,
  `comment` text CHARACTER SET utf8 NOT NULL,
  `date` date NOT NULL,
  `created_at` timestamp NOT NULL DEFAULT '0000-00-00 00:00:00',
  `updated_at` timestamp NOT NULL DEFAULT '0000-00-00 00:00:00'
) ENGINE=InnoDB DEFAULT CHARSET=utf8 COLLATE=utf8_unicode_ci;

--
-- Dumping data for table `pcomments`
--

INSERT INTO `pcomments` (`id`, `post_id`, `person_id`, `role`, `comment`, `date`, `created_at`, `updated_at`) VALUES
(2, 9, 62, 'member', 'ععع', '2016-10-03', '2016-10-03 21:04:10', '2016-10-03 21:04:10'),
(3, 21, 62, 'member', 'asd', '2016-10-05', '2016-10-05 17:33:24', '2016-10-05 17:33:24'),
(4, 22, 62, 'member', 'kk', '2016-10-05', '2016-10-05 17:46:10', '2016-10-05 17:46:10'),
(5, 22, 62, 'member', 'hh', '2016-10-05', '2016-10-05 17:52:00', '2016-10-05 17:52:00'),
(6, 22, 62, 'member', 'frre', '2016-10-05', '2016-10-05 17:53:33', '2016-10-05 17:53:33'),
(7, 22, 62, 'member', 'kk', '2016-10-05', '2016-10-05 17:53:38', '2016-10-05 17:53:38'),
(8, 22, 62, 'member', 'rtty5t', '2016-10-05', '2016-10-05 17:53:55', '2016-10-05 17:53:55'),
(9, 22, 62, 'member', 'ggg', '2016-10-05', '2016-10-05 17:55:03', '2016-10-05 17:55:03'),
(10, 22, 62, 'member', 'ttt', '2016-10-05', '2016-10-05 17:56:50', '2016-10-05 17:56:50'),
(11, 22, 62, 'member', 'hh', '2016-10-05', '2016-10-05 17:57:18', '2016-10-05 17:57:18'),
(12, 22, 62, 'member', 'ggg', '2016-10-05', '2016-10-05 17:58:31', '2016-10-05 17:58:31'),
(13, 22, 62, 'member', 'jg', '2016-10-05', '2016-10-05 17:59:41', '2016-10-05 17:59:41'),
(14, 22, 62, 'member', 'hh', '2016-10-05', '2016-10-05 18:00:54', '2016-10-05 18:00:54'),
(15, 22, 62, 'member', 'hhh', '2016-10-05', '2016-10-05 18:01:48', '2016-10-05 18:01:48');

-- --------------------------------------------------------

--
-- Table structure for table `penlties`
--

CREATE TABLE `penlties` (
  `id` int(11) NOT NULL,
  `player_id` int(11) NOT NULL,
  `match_id` int(11) NOT NULL,
  `time` timestamp NOT NULL DEFAULT CURRENT_TIMESTAMP ON UPDATE CURRENT_TIMESTAMP,
  `team_id` int(11) DEFAULT NULL,
  `addition_info` text COLLATE utf8_unicode_ci,
  `updated_at` timestamp NOT NULL DEFAULT '0000-00-00 00:00:00',
  `created_at` timestamp NOT NULL DEFAULT '0000-00-00 00:00:00'
) ENGINE=InnoDB DEFAULT CHARSET=utf8 COLLATE=utf8_unicode_ci;

--
-- Dumping data for table `penlties`
--

INSERT INTO `penlties` (`id`, `player_id`, `match_id`, `time`, `team_id`, `addition_info`, `updated_at`, `created_at`) VALUES
(1, 219, 3, '0000-00-00 00:00:00', 8, NULL, '2016-08-23 09:59:12', '2016-08-23 09:59:12');

-- --------------------------------------------------------

--
-- Table structure for table `players`
--

CREATE TABLE `players` (
  `id` int(11) NOT NULL,
  `name` varchar(150) CHARACTER SET utf8 NOT NULL,
  `nickname` varchar(150) CHARACTER SET utf8 DEFAULT NULL,
  `birth_date` date DEFAULT NULL,
  `flag` varchar(150) CHARACTER SET utf8 NOT NULL,
  `city_id` int(11) DEFAULT NULL,
  `country_id` int(11) NOT NULL,
  `prefered_foot` varchar(150) CHARACTER SET utf8 DEFAULT NULL,
  `weight` int(11) DEFAULT NULL,
  `height` int(11) DEFAULT NULL,
  `facebook` varchar(150) CHARACTER SET latin1 DEFAULT NULL,
  `twitter` varchar(150) CHARACTER SET latin1 DEFAULT NULL,
  `instagram` varchar(150) CHARACTER SET latin1 DEFAULT NULL,
  `speed` int(11) DEFAULT NULL,
  `updated_at` timestamp NOT NULL DEFAULT CURRENT_TIMESTAMP ON UPDATE CURRENT_TIMESTAMP,
  `created_at` timestamp NOT NULL DEFAULT '0000-00-00 00:00:00',
  `num` int(11) NOT NULL,
  `position` varchar(255) COLLATE utf8_unicode_ci NOT NULL,
  `addition_info` varchar(1000) COLLATE utf8_unicode_ci DEFAULT NULL,
  `nationality` varchar(255) COLLATE utf8_unicode_ci NOT NULL,
  `team_id` int(11) DEFAULT NULL,
  `team_number` int(11) NOT NULL,
  `best` varchar(50) COLLATE utf8_unicode_ci NOT NULL DEFAULT 'NO'
) ENGINE=InnoDB DEFAULT CHARSET=utf8 COLLATE=utf8_unicode_ci;

--
-- Dumping data for table `players`
--

INSERT INTO `players` (`id`, `name`, `nickname`, `birth_date`, `flag`, `city_id`, `country_id`, `prefered_foot`, `weight`, `height`, `facebook`, `twitter`, `instagram`, `speed`, `updated_at`, `created_at`, `num`, `position`, `addition_info`, `nationality`, `team_id`, `team_number`, `best`) VALUES
(3, 'هوجو لوريس ', 'Hugo Lloris', '1986-12-26', '1463902188', 1044, 81, 'Right', 73, 188, '', '', '', 25, '2016-06-08 09:30:26', '2016-05-19 03:37:42', 1, 'حارس مرمى', 'هوجو لوريس ولد في 26 ديسمبر 1986، حارس مرمى فرنسي، يلعب حالياً لصالح نادي توتنهام الإنجليزي.لعب هوجو لوريس لنادي نيس الفرنسي عام 2005، ليشارك في 72 مباراة، ثم انتقل إلى نادي ليون الفرنسي مقابل 8.5 مليون يورو عام 2008، ليشارك في 146 مباراة، بعد ذلك انتقل هوجو لوريس إلى نادي توتنهام الإنجليزي مقابل 10 مليون يورو عام 2012 ليشارك مع الفريق في 64 مباراة.\r\nتم ترشيح لوريس في عام 2011 للانتقال إلى ريال مدريد بعد خلافات جوزيه مورينيو المسربة إلى الصحافة مع الحارس إيكر كاسياس، لكن إدارة النادي الإسباني تجنبت الصدام مع الجماهير.\r\nانضم هوجو لوريس إلى قائمة المنتخب الفرنسي عام 2008، وقد شارك في 55 مباراة حتى تاريخ 1/6/2014. حقق هوجو لوريس مع نادي ليون لقبين: بطولة كأس فرنسا مرة واحدة، بطولة كأس الأبطال الفرنسي مرة واحدة\r\nاكد الفرنسي هوجو لوريس حارس مرمى فريق توتنهام هوتسبور الإنجليزي بأنه فضل البقاء في صفوف الفريق عندما علم بأن الأرجنتيني ماوريسيو بوكيتينو سيتولى تدريب النادي اللندني.\r\nوكان الحارس الفرنسي قد وقع على عقد لمدة خمسة سنوات مع فريقه توتنهام عام 2014، لثقته الكاملة في المدرب بوكيتينو على', 'فرنسا', 4, 0, 'NO'),
(4, 'ميكايل لاندرو ', 'Mickael Landreau', '1979-05-14', '1463900919', 150, 81, 'Right and Left', 80, 184, '', '', '', 27, '2016-10-17 08:21:05', '2016-05-19 03:51:23', 23, 'حارس مرمى', 'ميكايل لاندرو يجعل مشواره مع الاحتراف في 2 اكتوبر تشرين الاول عام 1996 ضد باستيا في سن 17 عاما و 141 يوما. فإنه يدل حاسم إيقاف عقوبة ضرب من قبل السلوفاكية وبومير Moravcik . حارس مرمى الشباب والناشئة بسرعة حيث أصبح حارس المرمى وكابتن الفريق الأول بدءا من سن 19 عاما. بل هو أيضا عنصرا أساسيا في الفريق الذي فاز في بطولة فرنسا في 2001 و كأس فرنسا في 1999 و 2000 .\r\n\r\nال اكتوبر تشرين الاول 11 عام 2003 وهي مصنوعة من الغضروف المفصلي ، وهذا هو أول إصابة خطيرة في حياته المهنية.\r\n\r\nال أبريل 17 عام 2004 خلال كأس دوري وجه سوشو ، وقال انه يحاول على بانينكا في اجتماع تسديدة على المرمى ولكن توقف تيدي ريشير . هذا تسديدة على المرمى قد أعطت الفوز لفريقه، نانت يخسر في نهاية المطاف المباراة النهائية .\r\n\r\nال 30 يوليو عام 2005 بمناسبة مباراة الدوري الفرنسي 1 بين نانت انس ، كان يحتفل به ال300 مباراة في الدوري لسنوات فقط 26.\r\n\r\nوأعلن عن نيته ترك ناديه الأول قبل نهاية موسم 2005-2006 . في آخر مباراة له في ملعب Beaujoire لل 6 مايو عام 2006 حصل على إشادة من المشجعين الذين نحيي التزامه والولاء للنادي لمدة ثلاثة عشر ', 'فرنسي', 4, 0, 'NO'),
(5, 'ستيفان روفير ', 'ستيفان روفير ', '0000-00-00', '1463903790', 152, 81, 'Right', 93, 188, '', '', '', 27, '2016-06-01 11:22:40', '2016-05-19 03:55:17', 16, 'حارس مرمى', 'قام ستيفان روفييه حارس فريق "سان ايتيان" الفرنسي بسلوك وصف بالاستفزازي، اتجاه لاعب شاب من فريق "راون ليتاب"، إثر تصدي الحارس المذكور لركلة جزاء نفذها اللاعب ويلفريد روذر .(حيث قال له : عد الي منزلك ايها المهرج ولاتنسي ان تشغل التلفاز وتشاهدني يوم الخميس في مباراة الاوربا ليغ )\r\nوانتقدت الصحف الفرنسية هذا التصرف ووصفته بالغير مقبول وهو ما خلق موجه من السخرية في مواقع التواصل الاجتماعي \r\n', 'فرنسي', 4, 0, 'NO'),
(7, 'باكاري سانيا ', 'Bacary Sagna', '1983-02-14', '1463902340', 154, 81, 'Right', 72, 176, '', '', '', 26, '2016-10-17 08:21:05', '2016-05-19 04:17:09', 19, 'مدافع', 'الديانة : مسلم\r\nزوجته : لودوفيني كادري\r\nسانيا يودع ارسنال في رسالة عاطفية تمهيداً لانتقاله إلى السيتي في 2014 \r\nوكان قد نشر بكاري سانيا ظهير آرسنال الانجليزي رسالة عاطفية عبر مواقع التواصل الاجتماعي يودع فيها المدفعجية ويؤكد رحيله عند الانتقال لمانشيستر سيتي\r\nوشكر سانيا مدربه فينجر وجميع العاملين في ارسنال على مساعدته خلال الفترة الماضية مؤكداً على مساهمتهم في تطوير مستواه الفني.\r\nوقال سانيا في الرسالة "في الحقيقة لا أجد ما أقوله لكن أريد شكر آرسنال الذي كان بمثابة المنزل والعائلة بالنسبة لي، النادي الذي قضيت في ربوعه سبعة سنوات وساهم في تطوير مستواي يوماً بعد يوم".\r\nوتابع حديثه قائلاً "آرسنال وثق بقدراتي وجعلني أتحول من طفل إلى رجل ناضج، أنا سعيد لأنني قدمت 200 % من قدراتي في كل مباراة لعبتها".\r\nوتابع سانيا شكره قائلاً "أشكر الكادر الفني بشكل كامل والجماهير التي جعلتني أشعر وكأنني بعائلتي، وزملائي في الفريق الذين تعلمت منهم الكثير".\r\nووجه الظهير الأيمن شكر خاص لمدربه فينجر قائلاً "أقدم شكر خاص لمدربي فينجر الذي وثق بقدراتي وغير حياتي بشكل كامل. هذا الوقت المناسب بالنسبة لي للرحيل وأود', 'فرنسا', 4, 0, 'YES'),
(8, 'إلياكويم مانغالا', 'Eliaquim Mangala', '1991-02-13', '1464534172', 185, 81, 'Left', 81, 188, '', '', '', 27, '2016-06-09 07:08:09', '2016-05-19 04:42:50', 13, 'مدافع', 'النادي:	مانشستر سيتي - إنجلترا	\r\nرقم اللاعب في النادي:   20', 'فرنسي', 4, 0, 'NO'),
(9, 'لوران كوتشيلني ', 'Laurent Koscielny', '1985-09-10', '1464534339', 62, 81, 'Right', 75, 185, '', '', '', 28, '2016-06-09 07:11:37', '2016-05-19 04:49:08', 21, 'مدافع', 'لوران كوتشيلني ولد يوم 10 سبتمبر 1985، هو لاعب كرة قدم فرنسي يلعب حالياً لنادي أرسنال الإنجليزي.\r\nبدأ لوران كوتشيلني مسيرته الاحترافية مع نادي غينغان الفرنسي عام 2004، ليشارك في 41 مباراة، ثم انتقل إلى نادي تور الفرنسي عام 2007، ليشارك في 67 مباراة ويحرز 6 أهداف. بعد ذلك انتقل لوران كوتشيلني إلى نادي لوريان الفرنسي عام 2009، ليشارك في 35 مباراة ويحرز 3 أهداف، وأخيراً ينتقل لوران كوتشيلني إلى نادي أرسنال الإنجليزي عام 2010، ليشارك في 120 مباراة ويحرز 8 أهداف.\r\nانضم لوران كوتشيلني إلى قائمة المنتخب الفرنسي الأول عام 2011، ليشارك في 120 مباراة ويحرز 8 أهداف.\r\nحقق لوران كوتشيلني مع نادي أرسنال بطولة كأس الاتحاد الإنجليزي مرة واحدة.	دخل كوتشيليني في مرحلة صعبة من حياته، عندما تسبب بضياع لقب كأس الاتحاد الانجليزي على فريقه عام 2011 أمام بيرمنجهام، وهو ما جعله تحت ضغط كبير حتى استعاد عافيته فيما بعد وأثبت ميزاته كمدافع كبير.\r\nالنادي:	آرسنال - إنجلترا\r\nرقم اللاعب في النادي:   6', 'فرنسا', 4, 0, 'NO'),
(10, 'لوكاس دينى ', 'Lucas Digne', '1993-07-20', '1464534444', 62, 81, 'Left', 74, 178, '', '', '', 27, '2016-06-01 11:25:51', '2016-05-19 04:57:49', 17, 'مدافع', ' لوران كوسيلني (النطق الفرنسي: [loʁɑ kosjɛlɲi)؛ ولد 10 سبتمبر 1985) هي الفرنسية لاعب كرة القدم الذي يلعب في مركز المدافع عن ارسنال و المنتخب الفرنسي . يلعب في المقام الأول باعتباره مركز العودة لكنه يمكن أن تلعب أيضا على حق العودة ، وهو موقف حيث بدأ حياته المهنية. [3] وقد وصف بأنه أحد، قوي، مدافع سريع والكرة لعب العدوانية. [4]\r\n\r\nولد كوسيلني في مدينة تول وبدأ مسيرته الكروية لعب لمجموعة من الأندية الهواة والشباب مثل بريف ، تول كوريز و ليموج . في عام 2003 انتقل إلى غانغان ، حيث قدم مشواره مع الاحتراف في العام التالي. انضم كوسيلني جولات الإفصاح عن قيمة الصفقة للعب في الدرجة الثالثة من الدوري الفرنسي في عام 2007 ويتمتع الترويج مع فريقه الجديد قبل أن يعين في الدوري الفرنسي 2 فريق من الموسم الحملة التالية. [4] وفي عام 2009، الصاعد حديثا الدوري الفرنسي 1 الجانب لوريان وقع كوسيلني لنحو 1.7 مليون €، وأدائه اشتعلت عين مدرب ارسنال ارسين فينجر ، الذي وقع عليه في عام 2010. مشجعي ارسنال صوتت لوران كوسيلني كما توقيع فينغر الأكثر فعالية من 2010-11 بعد حملة لاول مرة مثيرة للإعجاب. [ 5]\r\n\r\nودعا كوسيلني ح', 'فرنسي', 4, 0, 'NO'),
(11, 'مامادو ساكو ', 'Mamadou Sakho', '1990-02-13', '1464534505', 34, 81, 'Right and Left', 83, 187, '', '', '', 27, '2016-06-01 11:51:04', '2016-05-19 05:04:32', 5, 'مدافع', ' مامادو ساكو (من مواليد 13 فبراير 1990) هو المهنية الفرنسية لاعب كرة القدم الذي يلعب لنادي اللغة الإنجليزية ليفربول و منتخب فرنسا باعتبارها المدافع . ومن المعروف انه لقدرته العرقلة وله دقة عابرة. ومن المعروف أيضا ساخو لتسريحات الشعر غريب الأطوار أنه كثيرا ما يعرض أثناء اللعب، مما أدى فيه الحصول على لقب الوحش. [3]\r\n\r\nساخو بدأ حياته المهنية في باريس FC قبل أن ينتقل إلى باريس سان جيرمان نظام الشباب الصورة في عام 2002. وفي أكتوبر 2007، على موقعه في الدوري لاول مرة، أصبح أصغر لاعب من أي وقت مضى إلى قبطان الدوري الفرنسي 1 النادي. جعل ساخو أكثر من 200 مباراة مع النادي، وفاز كل أربعة البطولات المحلية . في عام 2013 وقال انه نقل الى ليفربول مقابل 18 مليون £.\r\n\r\nساخو هو كبير الدولية الذي حصل سابقا والقبعات و قاد الأمة على جميع المستويات الشباب. منذ ان يتقدم كبار لاول مرة في عام 2010 ضد انكلترا ، ساخو لديها أكثر من 25 مباراة دولية وممثلة فرنسا في كأس العالم 2014 لكرة القدم . ولد ساخو في باريس لأبوين السنغالي وكان الطفل الرابع من عائلة مكونة من سبعة أطفال. [4] وكان أثار في الحي الشمالي من جوت الذهب', 'فرنسي', 4, 0, 'NO'),
(12, 'ماتيو دوبوشي ', 'Mathieu Debuchy', '1985-07-25', '1464535615', 45, 81, 'Right', 76, 176, '', '', '', 27, '2016-06-01 11:30:09', '2016-05-19 05:09:22', 2, 'مدافع', '\r\n', 'فرنسي', 4, 0, 'NO'),
(13, 'باتريس إيفرا ', '', '1981-05-15', '1464535684', 48, 81, 'Left', 74, 174, '', '', '', 26, '2016-06-08 09:48:48', '2016-05-19 05:12:13', 3, 'مدافع', 'النادي:	يوفنتوس - إيطاليا	\r\nرقم اللاعب في النادي:   33', 'فرنسي', 4, 0, 'NO'),
(14, 'رافايل فاران ', 'Raphael Varane', '1993-04-25', '1464535802', 52, 81, 'Right', 78, 191, '', '', '', 27, '2016-06-01 11:24:16', '2016-05-19 05:18:16', 4, 'مدافع', 'رافائيل فاران ولد في 25 أبريل 1993، هو لاعب كرة قدم فرنسي يلعب حالياً لفريق ريال مدريد، بعد توصية من اللاعب الفرنسي السابق زين الدين زيدان، يلعب فاران في مركز قلب الدفاع وكذلك يستطيع اللعب في مركز الوسط الدفاعي. مثّل سامي خضيرة وألونسو.\r\nفاران يمتاز بطول فارع -1.91 متر-لديه بنيان قوي وقدرة على التفكير بسرعة وذكاء لتغطية مركزه بشكل جيد، ارتقاؤه ممتاز في الكرات العالية وقدرته جيدة في المواجهات المباشرة، يستطيع رافائيل فاران اللعب كمحور في وسط ميدان دفاعي أيضاً فهذا هو مركزه الأساسي قبل أن يعيد المدرب جان غاي واليم اكتشافه في مركز قلب الدفاع.\r\n\r\nلعب رافائيل لنادي لانس الفرنسي 23 مباراة وأحرز هدفين عام 2010، ثم خاض مع نادي ريال مدريد 38 مباراة وأحرز هدف وحيد عام 2011.\r\nانضم فاران إلى المنتخب الفرنسي عام 2013 وشارك في 5 مباريات.\r\n\r\nاشتهر فاران بشكل كبير في ذهاب نصف نهائي كأس اسبانيا ضد برشلونة، حيث تألق يومها بشكل ملفت وسجل هدف التعادل لفريقه برأسية متقنة، واستطاع يومها الحد من خطورة ليونيل ميسي بشكل كبير.\r\nحقق رافائيل فاران مع نادي ريال مدريد أربعة ألقاب تمثلت في: بطولة الدوري الإسباني مرة', 'فرنسي', 4, 0, 'NO'),
(15, 'انتوان غريزمان', '', '1993-03-21', '1464535924', 225, 81, 'Left', 72, 175, '', '', '', 27, '2016-06-01 11:42:37', '2016-05-19 05:24:10', 11, 'خط وسط', 'انطوان جريزمان من مواليد 21 مارس 1991 في فرنسا، هو لاعب كرة قدم فرنسي يلعب لنادي ريال سوسيداد ومنتخب فرنسا لكرة القدم فئة الشباب كلاعب وسط.\r\nلعب انطوان جريزمان لنادي ريال سوسيداد الإسباني 179 مباراة منذ عام 2009 وأحرز خلالها 49 هدف حتى صيف 2014.\r\nيوم 2 سبتمبر 2009، كانت أولى مشاركات انطوان جريزمان مع ريال سوسيداد حيث شارك في ضد نادي رايو فاليكانو كبديل في الدقيقة 77و قد خسر الفريق بنتيجة "2/0". \r\nوبعد أربعة أيام، شارك انطوان جريزمان كبديل أمام ريال مورسيا وقد انتهت المباراة بالتعادل السلبي.\r\nيوم 27 سبتمبر 2009، أحرز أنطوان جريزمان هدفه الأول أمام هويسكا وقاد فريقه للفوز بنتيجة " 2/0 ".\r\nفي نوفمبر 2012، حرم أنطوان جريزمان من المشاركة مع منتخب فرنسا لأسباب تأديبية حتى يوم 31 ديسمبر 2013، وكان السبب هو السهر حتى وقت متأخر قبل التدريبات.\r\nوقد تلقى أنطوان جريزمان يوم 27 فبراير 2014 الاستدعاء الأول بعد حرمانه عن طريق ديدييه ديشامب المدير الفني للمنتخب الفرنسي، من أجل المشاركة في مباراة ودية أمام المنتخب الهولندي.\r\nوتألق جريزمان بشكل ملفت مع سوسيداد في موسمين، وقادهم للعب دوري أبطال أوروبا 20', 'فرنسي', 4, 0, 'NO'),
(16, 'بليس ماتويدي ', '', '1987-04-09', '1464536000', 62, 81, 'Left', 70, 175, '', '', '', 26, '2016-06-09 07:27:43', '2016-05-19 05:28:33', 14, 'خط وسط', 'عن مسيرة بليس ماتويدي\r\nبليس ماتويدي من مواليد 9 أبريل 1987 في تولوز – فرنسا، لاعب كرة قدم فرنسي في مركز الوسط المدافع يلعب حالياً لصالح نادي باريس سان جيرمان منذ 2011.\r\nلعب لنادي تروا الفرنسي عام 2004 وشارك في 67 مباراة أحرز أربعة أهداف، ثم انتقل إلى نادي سانت إيتيان ميتروبول باسكيت الفرنسي عام 2007 وشارك في 132مباراة وأحرز 3 أهداف.\r\nوأخيراً انتقل بليس ماتويدي إلى نادي باريس سان جيرمان عام 2011 وشارك في 102 مباراة وأحرز 11 هدف.\r\nانضم بليس ماتويدي إلى المنتخب الفرنسي الأول عام 2010 وشارك في 20 مباراة وأحرز هدف واحد.\r\nأحرز بليس ماتويدي مع نادي باريس سان جيرمان ثلاثة ألقاب تمثلت في: بطولة الدوري الفرنسي مرة واحدة، بطولة الكأس الفرنسي مرة واحدة، بطولة كأس الأبطال الفرنسي مرة واحدة.\r\n', 'فرنسا', 4, 0, 'NO'),
(17, 'ماثيو فالبوينا ', '', '1984-09-28', '1464536076', 226, 81, 'Right and Left', 58, 167, '', '', '', 26, '2016-06-01 11:30:32', '2016-05-19 05:50:12', 8, 'خط وسط', 'ماثيو فالبوينا (النطق الفرنسي: [ma.tjø val.bwe.na] ؛ ولد 28 سبتمبر 1984) هو لاعب كرة القدم الدولي الفرنسي الذي يلعب ل دوري الدرجة 1 نادي ليون و منتخب فرنسا . يلعب باعتباره اعب خط الوسط المهاجم و الجناح وكما هو معروف لسرعته، والقدرة الفنية، وأسلوب عنيد من اللعب. [3] هو وصفت من قبل مدربه السابق في ليبورن سان Seurin ديدييه Tholot بأنه "لاعب ناسفة القادر اتخاذ بسرعة اثنين من المعارضين خارج اللعبة لخلق مساحة، قبل كل شيء بسبب مهارات المراوغة له. " [4] نظرا لمكانته صغيرة، والملقب ب فالبوينا لو بوتي VELO، والتي تترجم إلى" الدراجة الصغيرة ". [5] هذا هو اللعب على حجم فالبوينا وحقيقة أن أرض الوطن مرسيليا يسمى ستاد فيلودروم .\r\n\r\nبدأت فالبوينا مسيرته في ناد محترف بوردو . وأطلق سراحه من النادي بعد موسمين وانضم في وقت لاحق نادي الهواة في Langon-Castets في الفرقة الخامسة في كرة القدم الفرنسية. في عام 2004، انضم فالبوينا ليبورن سان Seurin في الدوري الفرنسي الدرجة الوطنية ، والمستوى الثالث من كرة القدم الفرنسية. وكان لاعب خط وسط جيد موسم 2005-06 مع النادي وقعت مع الدوري الفرنسي 1 النادي مرسيليا، قبل موس', 'فرنسي', 4, 0, 'NO'),
(18, 'مورجان شنايدرلين ', '', '1989-08-11', '1464536187', 227, 81, 'Right', 75, 181, '', '', '', 27, '2016-06-09 07:25:31', '2016-05-19 05:57:19', 12, 'خط وسط', 'مورجان شنايدرلين  لاعب كرة القدم الذي يلعب في مركز لاعب الوسط المدافع لنادي اللغة الإنجليزية مانشستر يونايتد و المنتخب الوطني فرنسا .\r\n               النادي:مانشستر يونايتد - إنجلترا\r\nرقم اللاعب في النادي:   28          \r\nبدأت Schneiderlin مسيرته مع ستراسبورغ ، قبل أن ينتقل إلى إنجلترا للانضمام ساوثامبتون في يونيو 2008. وقدم 260 مباراة في جميع المسابقات في سبعة مواسم في النادي، وكان في فرق التي حصل الترقيات متتالية للوصول إلى الدوري الممتاز . انضم مانشستر يونايتد مقابل 27 مليون المحتملين £ رسوم في يوليو 2015.\r\n\r\nبعد يمثلون الأمة على جميع المستويات من تحت 16 عاما فصاعدا، جعل Schneiderlin أول مباراة دولية له العليا في عام 2014، وفي وقت لاحق من ذلك العام لعبت لفرنسا في كأس العالم . \r\n ولد في تسلفيلر ، الألزاس ، التي Schneiderlin لعب كرة القدم مع أصدقائه في ريال ملعب لكرة القدم تسلفيلر المحلية، [5] ولكن بدأت في وقت لاحق مسيرته مع النادي إقليمي رئيسي ستراسبورغ صفوف الشباب الصورة في عام 1995، بعد أحضره من أفراد عائلته إلى واحدة من الدورات الكشفية النادي عندما كان في الخامسة عشرة من العمر. بع', 'فرنسا', 4, 0, 'NO'),
(19, 'موسى سيسوكو ', '', '1989-08-16', '1464603783', 228, 81, 'Right', 92, 187, '', '', '', 28, '2016-06-09 07:29:07', '2016-05-19 06:02:14', 18, 'خط وسط', 'ولد سيسوكو في لو بلان ميسنيل ، سين سان دوني، إلى مالي الآباء. والده هو عامل بناء والدته هي ربة منزل . [9] سيسوكو هو الأكبر لأربعة أطفال، مع ثلاث شقيقات أصغر سنا. انه انجذب لكرة القدم في سن مبكرة جدا، وقال: "أدركت بسرعة أن كرة القدم يمكن أن يؤدي بي إلى الحصول على حياة أفضل". [9] وفي سن السادسة، انضم سيسوكو أكاديمية الشباب من الترجي أولني، ومقرها في مكان قريب أولني سو بوا وهي ضاحية في شمال شرق باريس. وقال انه تدرب ثلاث مرات في الأسبوع في النادي تحت إشراف المدرب أداما دييه، الذي يعمل الآن مراسلا لنادي كرة الصالات فريق. يصف سيسوكو دياي باعتبارها مرشدا هاما في تطوره قائلا "أنا هنا اليوم بسببه". [9] وفي يوليو عام 1999، انتقل سيسوكو ل سان أوين للانضمام النجم الاحمر FC . قضى سيسوكو عامين في النادي وكان اعضاء الفريق مع بولوني لاعب خط الوسط يانيس Salibur . في سبتمبر 2001، عاد إلى أولني لمدة سنتين أخريين النامية قبل السعي إلى الانتقال إلى ناد محترف.\r\n', 'فرنسا', 4, 0, 'NO'),
(20, 'نبيل فيكير ', '', '1993-07-18', '1464536320', 53, 81, 'Left', 72, 173, '', '', '', 25, '2016-06-01 11:42:43', '2016-05-19 06:11:31', 7, 'خط وسط', '\r\n', 'فرنسي', 4, 0, 'NO'),
(21, 'نغولو كانتي ', '', '1991-03-29', '1464536430', 48, 81, 'Right', 68, 169, '', '', '', 25, '2016-06-09 07:21:46', '2016-05-19 06:14:31', 5, 'خط وسط', 'يقدم اللاعب مستوى مميز في القدرة على الاعتراضات و التدخلات الناجحة على جميع المستويات الدفاعية فهو رابع أكثر لاعب قطعا للتمريرات هذا الموسم 29 مرة و صاحب ثاني أكبر رقم في التدخلات الناجحة 64 مرة و هو صاحب الرقم الأكبر في البريميرليغ في الاعتراضات 66 مرة .\r\nيمتلك الفرنسي امكانيات رائعة في الاعتراضات و افتكاك الكرة من الخصم بالاضافة القدرة على ارسال البينيات و خلق الفرص لكنه بحاجة الى التطوير في التمريرات و تحسين دقتها بالاضافة ضعفه في الثنائيات الهوائية .\r\nتوضح المخططات الحرارية للاعب مركزه و الذي يتمثل في تواجده في خط الوسط المدافع بالاضافة الى تميزه في الضغط الدفاعي على مفاتيح لعب الخصم و تأقلمه مع أسلوب اللعب و تعليمات رانييري ففي مباراة سوانزي اعتمد على ايقاف الجبهة اليسرى الهجومية للفريق و كذلك الأمر بالنسبة لمواجهة مانشستر يونايتد فكانت المهمة ايقاف عملية البناء الهجومي من الجهة اليسرى أو من العمق و العمل على تكسيرها و كذلك في مباراة تشيلسي و الضغط على الخصم في نصف ملعبهم أمام لاعبي خط الوسط للبلوز .\r\nيمكن استنتاج بأن اللاعب لديه مقدرة على التمرير الأمامي و بناء الهجمات بالاضافة ا', 'فرنسي', 4, 0, 'NO'),
(22, 'بول بوجبا ', '', '1993-03-15', '1464536520', 231, 81, 'Right', 84, 191, '', '', '', 26, '2016-06-09 07:28:28', '2016-05-19 06:21:02', 15, 'خط وسط', 'عن مسيرة بول بوجبا\r\nولد بوغبا في15 مارس في فرنسا وهو لاعب كرة قدم فرنسي يلعب في الخط الوسط مع نادي يوفنتوس الإيطالي الذي يلعب في الكالشيو.\r\nبداياته	بدأ بوغبا حياته الكروية في السادسة من عمره، مع نادي يو إس لبري رواسي، الذي يبعد أميالاً قليلة عن مسقط رأسه، وفي تلك الفئة أمضى سبعة مواسم، قبل أن يصبح قائد فريق تحت 13 سنة. وبعد موسم واحد بدأ بوغبا مسيرته مع نادي لوهافر، وكان في موسمه الثاني هناك قائداً لفئة تحت 16 سنة، ووصل معه إلى المرحلة النهائية من البطولة الوطنية لفئة تحت 16 سنة. تم استدعاء بوغبا في ذلك الوقت ليشارك مع منتخب تحت 16 سنة، و انتقل ليلعب مع واحد من أكبر أندية العالم، وهو مانشستر يونايتد.\r\nيوفنتوس	في يوليو 2012، أكد أليكس فيرغسون أن بوغبا قد غادر النادي بعد عدم تجديد عقده، وقال السير أليكس فيرغسون "اتجه بوغبا إلى يوفنتوس ومنذ وقت طويل حسب الأخبار التي تصلنا." وعلى موقعه الرسمي، أكد اليوفي أن بوغبا خضع للفحوص الطبية في النادي وفي أغسطس اكتملت عملية الانتقال للنادي الإيطالي.\r\nمسيرته الدولية	شارك بوجبا مع جميع الفئات السنية للمنتخب، وكان قائداً لفئة تحت 16 سنة، ولعب 23 مباراة ', 'فرنسا', 4, 0, 'NO'),
(23, 'ريمي كابيلا ', '', '1990-08-03', '1464536599', 53, 81, 'Right and Left', 68, 171, '', '', '', 27, '2016-06-01 11:27:07', '2016-05-19 06:26:09', 7, 'خط وسط', 'أعلن فريق أولمبيك مارسيليا الفرنسى، تعاقده رسميا مع ريمى كابيلا صانع ألعاب فريق نيوكاسل الإنجليزى، على سبيل الإعارة لمدة موسم واحد مع إمكانية شرائه بصفة نهائية مقابل 8 ملايين يورو. توصل اللاعب الفرنسى لاتفاق مع إدارة النادى الفرنسى، على الانضمام لصفوفه، ليعود بذلك لمنافسات الدورى الفرنسى مرة أخرى بعدما كان لاعبا فى صفوف مونبيلييه. ووفقا للموقع الرسمى للنادى الفرنسى تعاقد مارسيليا مع كابيلا فى صفقة تبادلية مع نيوكاسل، انتقل بموجبها فلوريان توفين لصفوف الماكبايس بعقد يمتد لمدة 5 مواسم مقابل ما يقرب من 17 مليون يورو. ', 'فرنسي', 4, 0, 'NO'),
(24, 'ريو مافوبا ', '', '1984-03-08', '1464536657', 232, 81, 'Right', 74, 172, '', '', '', 0, '2016-06-01 11:26:48', '2016-05-19 06:37:08', 12, 'خط وسط', 'والده مافويلا (ريكي) مافوبا لاعب شهير شارك في صفوف منتخب زائير (حاليا منتخب جمهورية الكونغو الديمقراطية) في بطولة كأس العالم لكرة القدم 1974 التي أقيمت في ألمانيا الغربية.', 'فرنسي', 4, 0, 'NO'),
(25, 'يوهان كاباي ', '', '1986-01-14', '1464536727', 233, 81, 'Right', 71, 174, '', '', '', 27, '2016-06-09 07:22:47', '2016-05-19 06:45:51', 6, 'خط وسط', 'تعاقد نادي كريستال بالاس المنافس في دوري الدرجة الممتازة الانجليزي لكرة القدم، انه تعاقد مع لاعب الوسط الفرنسي يوهان كاباي من باريس سان جيرمان بطل فرنسا مقابل عشرة ملايين جنيه إسترليني (15.44 مليون دولار) وهو مبلغ قياسي على مستوى النادي اللندني.\r\nوكان كاباي (29 عاما) انضم إلى سان جيرمان قادما من نيوكاسل يونايتد الانجليزي مقابل 19 مليون جنيه إسترليني في يناير/ كانون الثاني 2014، لكنه لم يحصل على مكان في التشكيلة الدائمة للنادي الباريسي وشارك من البداية في 13 مباراة فقط في الموسم الماضي.\r\nويدرب كريستال بالاس حاليا الآن باردو مدرب نيوكاسل السابق والذي كان تعاقد مع كاباي في 2011، وخلال وجوده مع نيوكاسل حقق كاباي نجاحا كبيرا إذ أحرز 18 هدفا في 93 مباراة.\r\n\r\nونقل موقع كريستال بالاس على الانترنت عن كاباي قوله: "أردت القدوم واللعب مع كريستال بالاس بسبب وجود عدد من اللاعبين الجيدين في الفريق، لقد أنهى الفريق الموسم الماضي في مركز جيد وأعتقد أن بوسعه المنافسة للحصول على مكان بين الثمانية الأوائل في القائمة".\r\n', 'فرنسا', 4, 0, 'NO'),
(26, 'الكسندر لاكازيتي ', '', '1991-05-28', '1464536786', 53, 81, 'Right', 73, 175, '', '', '', 27, '2016-06-01 11:39:13', '2016-05-19 06:49:52', 19, 'مهاجم', 'نال ألكسندر لاكازيت مهاجم أولمبيك ليون جائزة لاعب العام فى فرنسا بعدما تصدر قائمة الهدافين برصيد 27 هدفا بينما حصل لوران بلان مدرب باريس سان جيرمان على جائزة أفضل مدرب.\r\nولعب لاكازيت الذى أشارت تكهنات إلى احتمال انتقاله فى صفقة ضخمة للدورى الإنجليزى الممتاز هذا الصيف دورا محوريا مع ليون وصيف بطل الدورى الفرنسى، الذى نافس باريس سان جيرمان على اللقب وتأهل لدورى الأبطال.\r\nوقال اللاعب البالغ من العمر24 عاما: “مجرد ترشيحى للجائزة أمر رائع فما بالكم الفوز بها، والعودة بهذه الجائزة بعد منافسة قوية مع لاعبين من عينة خافيير باستورى وماركو فيراتى وزلاتان إبراهيموفيتش يسعدنى كثيرا”.\r\nوكان إبراهيموفيتش فاز بالجائزة فى 2013 و2014 مع باريس سان جيرمان الذى احتفظ باللقب قبل مباراة من النهاية يوم السبت بعد فوزه 2-1 على مونبلييه.\r\nاعترف ألكسندر لاكازيت، مهاجم الفريق الأول لكرة القدم بنادي ليون الفرنسي، برغبته في الانتقال إلى الدوري الإنجليزي، ولكن في الصيف المقبل\r\n\r\nوقال لاكازيت في تصريحات نقلتها صحيفة تيليغراف الإنجليزية في يناير 2016 : "نعم، أنا أفكر في الانتقال إلى البريميرليج، هو جذب جدًا لي، ولكني ', 'فرنسي', 4, 0, 'NO'),
(27, 'انتوني مارتيال ', '', '1995-12-05', '1464536900', 234, 81, 'Right', 76, 181, '', '', '', 25, '2016-06-09 07:35:13', '2016-05-19 06:53:25', 7, 'مهاجم', 'النادي: مانشستر يونايتد - إنجلترا	\r\nرقم اللاعب في النادي:   9\r\nمن المحتمل أن يكون "أنتوني مارتيال" خامس أغلى لاعب على الإطلاق بعد إنتقاله الى مانشستر يونايتد في صفقة تضاربت الأنباء والتقارير عن قيمتها بين 50 -80 مليون يورو وعلى الرغم من الخلاف بين الصحفيين الإنجليز و الفرنسيين على القيمة الحقيقية للصفقة إلا إنهم أتفقوا جميعا على المستقبل الرائع للاعب الفرنسي الشاب لكن القضية هنا ليست فقط في موهبة اللاعب أو الحديث عن المستقبل الكبير له، فحتى أفضل لاعبي العالم يعانون في بعض الاوقات عند التأقلم مع الأجواء الجديدة و مثال على ذلك إدينسون كافانى مع باريس سان جيرمان و روبرتو سولدادو مع توتنهام و ليفاندوفسكي مع بايرن ميونخ فمارتيال لم يصل بعد لمستوى اللاعبين المذكورين بل إنه حتى لم يحصل على مقعد أساسي مع فريقه السابق (موناكو) إلا في النصف الثاني من الموسم الماضي \r\nفي الموسم الماضي قدم مارتيال سلسلة من المستويات الرائعة في المراحل الاخيرة من الدوري الفرنسي بإحراز 8 اهداف في 9 مباريات مما ساعد موناكو كثيرا في اللحاق بمارسيليا و إزاحته من المركز الثالث والمؤهل لدوري الابطال، وهذا بالتأكيد شيء رائ', 'فرنسا', 4, 0, 'NO'),
(28, 'ديميتري بايت ', '', '1987-03-23', '1464536972', 235, 81, 'Right and Left', 77, 175, '', '', '', 27, '2016-06-09 07:24:02', '2016-05-19 07:00:06', 8, 'خط وسط', 'النادي:	وست هام يونايتد - إنجلترا	\r\nرقم اللاعب في النادي:   27', 'فرنسا ', 4, 0, 'NO'),
(29, 'كريم بنزيما ', '', '1987-12-19', '1464537036', 53, 81, 'Right and Left', 79, 187, '', '', '', 0, '2016-06-01 11:39:57', '2016-05-19 07:02:52', 10, 'مهاجم', 'ولد بنزيما في 19 ديسمبر 1987 وهو من أصول جزائرية، حيث هاجر جده دا آيات بن زيما في خمسينيات القرن الماضي إلى مدينة ليون الفرنسية التي ولد فيها هو ووالده.\r\nيلعب كريم في خط الهجوم في نادي ريال مدريد الإسباني وكذلك مع المنتخب الفرنسي، وقد أتى من أكاديمية الشباب في ليون، وبعد ذلك صعد إلى الفريق الأساسي، وشارك في كأس أوروبا 2008 وفاز بجائزة هداف الدوري الفرنسي في موسم 2007-2008، وذلك بعد ثلاثة مواسم من بدايته الاحترافية، وكان ذلك الموسم يعتبر أفضل موسم له مع ليون حيث حقق فيه الكثير من الإنجازات وكذلك وقع على عقد جديد مع النادي ليكون واحداً من أصحاب أعلى رواتب لاعبي كرة قدم في فرنسا. وفي 1 يوليو 2009 أعلن بأن نادي ليون توصله لاتفاق مع نادي ريال مدريد الإسباني من أجل انتقال اللاعب، وصفقة الانتقال كانت تقدر ب35 مليون يورو مع احتمال رفعها إلى 41 مليون يورو في حالة تحقيق بعض النقاط التي تم تحديدها في الصفقة بين الطرفين. وفي 9 يوليو، أكمل بنزيما انتقاله إلى ريال مدريد بعد أن أنهى الفحص الطبي ووقع عقداً يمتد لست سنوات.\r\nتدرب بنزيما و تأهل من أكاديمية نادي أولمبيك ليون قبل الانضمام إلى نادي ليون، وت', 'فرنسي', 4, 0, 'NO'),
(32, 'لويك ريِمي ', '', '1987-01-02', '1464537127', 31, 81, 'Right', 80, 185, '', '', '', 25, '2016-06-01 11:26:53', '2016-05-19 07:07:05', 20, 'حارس مرمى', 'بدأ ريمي مسيرته الرياضية ناشئا في أكاديمية نادي ليون للناشئين سنة 2003 وبعد 3 سنوات تم تصعيده إلى الفريق الأول حيث شارك في أول مباراة رسمية أمام نادي سانت إتيان في 14 أكتوبر 2006. لم يستطع ريمي اثبات جدارته في التشكيلة الأساسية في نادي ليون فوافق على الانتقال بعقد إعارة إلى نادي لنس في النصف الثاني من موسم 2007-2008. في 5 يونيو 2008 وافق نادي ليون على التخلي عن ريمي لصالح نادي نيس حيث وقع على عقد يمتد لأربع مواسم’ في 19 اغسطس 2010 انتقل إلى نادي مرسيليا بعقد لمدة 5 سنوات. ثم انتقل إلى كوينز بارك رينجرز الإنجليزي وقضى فيه موسم واحد قبل ان ينتقل إلى نيوكاسل الإنجليزي لعام واحد على سبيل الاعارة , في سنة 2014 انتقل إلى نادي تشيلسي الإنجليزي بعقد مدته 5 سنوات قدره 9 مليون يورو .\r\n\r\n', 'فرنسي', 4, 0, 'NO'),
(34, 'اوليفيه جيرو ', '', '1986-09-03', '1464537204', 237, 81, 'Right', 88, 192, '', '', '', 27, '2016-06-01 11:47:24', '2016-05-19 07:14:56', 9, 'مهاجم', 'كشف أوليفييه جيرو، مهاجم آرسنال الإنجليزي، عن أول إصابة تعرض لها في بداية مسيرته الكروية، بعد شفائه من الإصابة التي تعرض لها مؤخرا مع فريقه.\r\n\r\nقال جيرو في تصريحات للموقع الرسمي للنادي الإنجليزي: "عانيت من مشكلة في الغضروف المفصلي، في بداية حياتي المهنية، عندما كان عمري 19 عاما، واستغرق مني العودة ثلاثة أشهر، وكان الألم لا يزال متواجد، ولكن لم اتعرض للإصابة بعدها لمدة 10 سنوات".\r\n\r\nوأضاف المهاجم الفرنسي: "من الصعب أن تجلس وتشاهد فريقك يلعب دون مشاركتك، وبعد إصابة إيفرتون، بذلت جهدا كبيرا لاستعادة لياقتي البدنية والذهنية، وأتمنى أن لا اتعرض للإصابة مجددا".\r\n\r\nوكان جيرو، تعرض لإصابة بكسر في القدم اليسرى، بعد تسجيله هدف التعادل لفريقه في اللحظات القاتلة أمام إيفرتون في أغسطس قبل  الماضي، ليغيب بعدها 3 شهور عن الملاعب\r\n', 'فرنسي', 4, 0, 'NO'),
(35, 'رومان بوركي ', '', '1990-11-14', '1463662507', 262, 85, 'Right', 83, 187, '', '', '', 27, '2016-06-09 07:52:38', '2016-05-19 07:55:07', 21, 'حارس مرمى', ' السويسري الدوري\r\n\r\nبدأت بركي مسيرته في 2007 مع الفريق الاحتياطي ل يونغ بويز . في عام 2009، انتقل إلى نادي ثون ، وبعد عام ونصف العام إلى FC شافهاوزن . في صيف عام 2010 عاد إلى يونغ بويز، ومرة أخرى بعد عام ونصف العام تم نقله إلى الجندب نادي زيوريخ . لأول مرة، وقال انه كان حارس مرمى احتياطي، في وقت لاحق أول حارس مرمى. وكان على سبيل الاعارة حتى عام 2013، عندما اشترى له الجنادب الحقوق.\r\nفرايبورغ\r\n\r\nيوم 24 مايو عام 2014، وقع عقدا مع فرايبورغ . [2] لموسم 2014/15 من الدوري الالماني التي تعهدت بها فرايبورغ خلفا ل اوليفر باومان [3] في فرايبورغ بركي لعبت في جميع المباريات 34، لكنه كولدن '' تي منع الفريق من يجري انزالها إلى 2. الدوري الالماني .\r\nبوروسيا دورتموند\r\n\r\nيوم 14 يونيو عام 2015، وقع عقدا مع بوروسيا دورتموند . [4] وقال انه لدوري الدرجة الاولى الالماني لاول مرة يوم السبت 15 أغسطس ضد بوروسيا مونشنغلادباخ الذي فاز دورتموند 4-0.\r\nالمنتخب الوطني\r\n\r\nرومان بوركي لعب ل سويسرا تحت 21 سنة على بطولة تحت 21 عاما كأس الأمم الأوروبية 2011 . منذ عام 2013 انه دعا الى سويسرا وكان في تشكيلة الفريق ل كأس العا', 'سويسرا', 11, 0, 'NO'),
(36, 'مارفين هيتز', '', '1987-09-18', '1463662858', 350, 85, 'Right and Left', 86, 193, '', '', '', 25, '2016-06-01 11:31:30', '2016-05-19 08:00:58', 0, 'حارس مرمى', '\r\nرقم اللاعب في النادي:    35', 'سويسرى', 11, 0, 'NO'),
(37, 'ايفون Avon Mvogo ', '', '1994-06-06', '1463663303', 275, 85, 'Right and Left', 88, 188, '', '', '', 26, '2016-06-01 11:46:28', '2016-05-19 08:08:23', 0, 'حارس مرمى', '  \r\n  نادي:   يانج بويز', 'سويسرى', 11, 0, 'NO'),
(38, 'يان سومير ', '', '1988-12-17', '1463663739', 281, 85, 'Right', 79, 183, '', '', '', 28, '2016-06-09 07:48:17', '2016-05-19 08:10:27', 1, 'حارس مرمى', 'النادي:	بوروسيا مونشنغلادباخ - ألمانيا\r\nرقم اللاعب في النادي:   1 \r\n', 'سويسرا', 11, 0, 'NO'),
(39, 'فابيان ليوستينبيرغير ', '', '1988-05-02', '1463664047', 287, 85, 'Right', 70, 180, '', '', '', 26, '2016-06-01 11:32:54', '2016-05-19 08:18:59', 0, 'مدافع', 'النادي:هيرتا برلين - ألمانيا\r\nرقم اللاعب في النادي:    28', 'سويسرى', 11, 0, 'NO'),
(40, 'فرانسوا موباندجى ', '', '1990-06-21', '1463664201', 292, 85, 'Left', 180, 74, '', '', '', 26, '2016-06-09 07:54:09', '2016-05-19 08:22:19', 3, 'مدافع', 'النادي:	تولوز - فرنسا\r\n', 'سويسرا', 11, 0, 'NO'),
(41, 'فيليب سيندروس ', '', '1985-02-14', '1463664807', 299, 85, 'Right', 84, 190, '', '', '', 27, '2016-06-01 11:45:20', '2016-05-19 08:33:27', 4, 'مدافع', 'النادي:	جراسهوبرز - سويسرا', 'سويسرى', 11, 0, 'NO'),
(42, 'ريكاردو رودريجيز ', '', '1992-08-25', '1463665056', 75, 85, 'Left', 72, 181, '', '', '', 28, '2016-06-01 11:27:47', '2016-05-19 08:37:36', 13, 'مدافع', 'النادي:	فولفسبورج - ألمانيا	\r\nرقم اللاعب في النادي:   34\r\n', 'سويسرى', 11, 0, 'NO'),
(44, 'يوهان جورو ', 'يوهان جورو ', '1987-01-18', '1463667342', 308, 85, 'Right', 87, 191, '', '', '', 27, '2016-06-01 11:20:31', '2016-05-19 09:15:42', 0, 'مدافع', 'النادي:	هامبورج – ألمانيا\r\nرقم اللاعب في النادي:   5 \r\n', 'سويسرى', 11, 0, 'NO'),
(45, 'ستيفان ليشتستاينر', '', '1984-01-16', '1463667590', 306, 85, 'Right', 75, 182, '', '', '', 25, '2016-06-09 07:53:18', '2016-05-19 09:19:50', 2, 'مدافع', 'النادي:	يوفنتوس - إيطاليا\r\nرقم اللاعب في النادي:   26    \r\nرقم اللاعب في المنتخب: 2\r\n', 'سويسرا', 11, 0, 'NO'),
(47, 'ستيف فون بيرغن ', '', '1983-06-10', '1463668274', 333, 85, 'Right and Left', 79, 182, '', '', '', 26, '2016-06-09 07:59:39', '2016-05-19 09:28:09', 5, 'مدافع', 'النادي:	بي أس سي يونج بويز - سويسرا \r\nرقم اللاعب في المنتخب: 5\r\nرقم اللاعب في النادي:   5\r\n', 'سويسر1', 11, 0, 'NO'),
(50, 'جيلسون فيرنانديز ', '', '1986-09-02', '1463669541', 339, 85, 'Right and Left', 70, 179, '', '', '', 26, '2016-06-01 11:52:53', '2016-05-19 09:52:21', 16, 'خط وسط', 'النادي:	رين - فرنسا	\r\nرقم اللاعب في المنتخب: 16\r\nرقم اللاعب في النادي:   6\r\n', 'سويسرى', 11, 0, 'NO'),
(51, 'جوخان إنلير ', '', '1984-06-26', '1463669785', 345, 85, 'Right and Left', 77, 182, '', '', '', 27, '2016-06-01 11:56:58', '2016-05-19 09:56:25', 8, 'خط وسط', 'النادي:	ليستر سيتي - إنجلترا	\r\nرقم اللاعب في المنتخب: 8\r\nرقم اللاعب في النادي:   33\r\n', 'سويسرى ', 11, 0, 'NO'),
(52, 'باتيم كاسامي ', '', '1992-06-02', '1463901632', 348, 85, 'Left', 90, 188, '', '', '', 27, '2016-06-01 11:45:53', '2016-05-22 02:17:59', 0, 'خط وسط', 'النادي:	أوليمبياكوس - اليونان	\r\nرقم اللاعب في النادي:   11\r\n', 'سويسري', 11, 0, 'NO'),
(53, ' لوريس بنيتو       ', '', '1992-07-01', '1463901844', 63, 85, 'Right and Left', 80, 184, '', '', '', 24, '2016-06-01 10:56:36', '2016-05-22 02:24:04', 0, 'مدافع', '', 'سويسرى', 11, 0, 'NO'),
(54, 'ترانكييو بارنيتا ', '', '1985-05-22', '1464518352', 350, 85, 'Right', 70, 178, '', '', '', 26, '2016-06-01 11:48:18', '2016-05-22 02:28:39', 7, 'خط وسط', 'النادي:	فيلادلفيا يونيون - الولايات المتحدة الأمريكية\r\nرقم اللاعب في النادي:   10                          ', 'سويسرى', 11, 0, 'NO'),
(56, 'شيردان شاكيري ', '', '1991-10-10', '1463903060', 353, 85, 'Left', 72, 169, '', '', '', 26, '2016-06-09 08:50:28', '2016-05-22 02:44:20', 23, 'خط وسط', 'النادي:	ستوك سيتي – إنجلترا \r\nرقم اللاعب في النادي:    22	\r\nعن مسيرة شيردان شاكيري\r\nشيردان شاكيري من مواليد 10 أكتوبر 1991، لاعب كرة قدم سويسري يلعب حالياً لصالح نادي ستوك سيتي الانجليزي.\r\nبدأ شيردان شاكيري مسيرته الاحترافية عام 2009 مع نادي بازل السويسري ليشارك في 92 مباراة ويحرز 18 هدف، ثم انتقل إلى نادي بايرن ميونخ عام 2012 ليشارك في 43 مباراة ويحرز 10 أهداف، ومع انطلاق موسم 2015 انضم لفريق ستوك سيتي الانجليزي.\r\nانضم شيردان شاكيري إلى منتخب سويسرا الأول عام 2010 وشارك في 30 مباراة وأحرز 8 أهداف.\r\nحقق شيردان شاكيري مع نادي بازل السويسري 5 ألقاب تمثلت في: بطولة الدوري السويسري ثلاث مرات، بطولة الكأس السويسري مرتين.\r\nبينما حقق مع نادي بايرن ميونخ 8 ألقاب تمثلت في: بطولة الدوري الألماني مرتين، بطولة الكأس الألماني مرتين، بطولة السوبر الألماني مرة واحدة، بطولة دوري أبطال أوروبا مرة واحدة، بطولة السوبر الأوروبي مرة واحدة، بطولة كأس العالم للأندية مرة واحدة.\r\n\r\nانتقل لموسم واحد إلى انتر ميلان الايطالي 2014-2015، ومنه بصفقة قياسية لنادي ستوك سيتي الانجليزي بلغت 12 مليون جنيه استرليني بداية ', 'سويسر1', 11, 0, 'NO'),
(58, 'جاك بوتلاند', 'Jack Butland', '1993-03-10', '1464529629', 246, 87, 'Right and Left', 94, 196, '', '', '', 25, '2016-06-01 11:53:25', '2016-05-26 10:32:57', 1, 'حارس مرمى', 'بدأت Butland مسيرته مع برمنغهام سيتي ، واول مباراة له في دوري كرة القدم في سبتمبر 2011 بينما على سبيل الاعارة ل دوري الدرجة الثانية نادي تشلتنهام . أنشئت Butland نفسه كأول الحارس في سانت أندرو في 2012-13 وتم نقله إلى نادي الدوري الممتاز ستوك سيتي في يناير 2013 مقابل رسم قدره 3300000 £. كان اعاره إلى برمنغهام وذهب للعب في كل مباراة في الدوري في 2012-13. ثم قضى Butland الوقت على سبيل الاعارة في بارنسلي قبل اتخاذ اول ظهور له في الدوري الممتاز في يناير كانون الثاني عام 2014. وكان لديه نوبات القرض مع ليدز يونايتد و ديربي كاونتي في عام 2014 قبل أن يصبح عدد ستوك واحد في 2015-16 .\r\n\r\nعلى المستوى الدولي، وقال انه يمثل انكلترا على جميع المستويات الفئة العمرية، ولعب ل فريق تحت 17 عاما الذي فاز في بطولة أوروبا 2010 ول تحت 20S في كأس العالم تحت 20 سنة FIFA 2011 . وكان ضمن تشكيلة منتخب انجلترا في كأس الأمم الأوروبية 2012 ، وكان في وقت لاحق من ذلك العام الحارس الأول ل بريطانيا العظمى فريق في البطولة الأولمبية . أصبح أصغر حارس مرمى للعب ل فريق كبير انكلترا عندما لعب لاول مرة في شهر أغسطس عام 2012. [3]', 'انجليزي', 15, 0, 'NO'),
(59, 'فريزر فورستر', 'Fraser Forster', '1988-03-17', '1464529987', 194, 87, 'Right', 73, 201, '', '', '', 26, '2016-06-01 11:49:09', '2016-05-26 11:11:03', 21, 'حارس مرمى', 'فريزر جيرارد فورستر، من مواليد 17 مارس 1988 في هكسهام في إنجلترا، لاعب كرة قدم إنجليزي.\r\nبدأ مسيرته الكروية مع نادي نيوكاسل يونايتد في عام 2006 وأعير إلى ستوكبورت كونتي وبريستول روفرز ونورويتش سيتي وسلتيك ثم انتقل إلى سلتيك. يلعب حاليًا مع نادي ساوثهامبتون.', 'انجليزي', 15, 0, 'NO'),
(60, 'ميشيل لانج ', '', '1991-02-08', '1464514799', 831, 85, 'Right', 79, 185, '', '', '', 27, '2016-06-01 11:45:05', '2016-05-29 07:39:59', 0, 'مدافع', 'النادي:	بازل - سويسرا	\r\nرقم اللاعب في النادي:   5\r\n', 'سويسرى', 11, 0, 'NO'),
(61, 'سيلفان فيدمير ', '', '1993-05-03', '1464515521', 63, 85, 'Right and Left', 79, 182, '', '', '', 27, '2016-06-01 11:15:03', '2016-05-29 07:52:01', 0, 'مدافع', 'النادي:	أودينيزي - إيطاليا', 'سويسرى', 11, 0, 'NO'),
(63, 'بليريم دزيمايلي', '', '1986-04-12', '1464516688', 63, 85, 'Right', 73, 179, '', '', '', 27, '2016-06-01 11:37:45', '2016-05-29 08:11:28', 15, 'خط وسط', 'رقم اللاعب في النادي:   31\r\nالنادي:	جنوى - إيطاليا	\r\n', 'سويسري', 11, 0, 'NO'),
(64, 'بن فوستر', 'Ben Foster', '1983-04-03', '1464530100', 833, 87, 'Left', 90, 193, '', '', '', 25, '2016-06-01 11:36:41', '2016-05-29 08:12:38', 13, 'حارس مرمى', 'بنيامين أنتوني فورستر، من مواليد 3 ابريل 1983 في ليمنغتون سبا في إنجلترا، لاعب كرة قدم إنجليزي.\r\nبدأ مسيرته الكروية مع نادي ستوك سيتي في عام 2002، ولعب معهم حتى عام 2005، وفي عام 2002 أعير إلى نادي بريستول سيتي، وفي موسم 2002/2003 أعير إلى نادي تيفيرتون تاون، ولعب معهم 16 مباراة، وفي عام 2004 أعير إلى نادي ستافورد رينجرز، ولعب معهم مباراة واحدة، وفي عام 2004 أعير إلى نادي كيردمينستر هارييرز، ولعب معهم مباراتين، وفي عام 2005 أعير إلى نادي وركسهام، ولعب معهم 17 مباراة، ومنذ عام 2005 وهو يلعب مع نادي مانشستر يونايتد، وفي موسم 2005/2006 أعير إلى نادي واتفورد، ولعب معهم 44 مباراة، وفي موسم 2006/2007 أعير إلى نادي واتفورد، ولعب معهم 29 مباراة. عاد إلى مانشستر يونايتد في موسم 2008/2009 وكان سبباً في حصد لقب الكارلنج كب في ذلك الموسم. في موسم 2009/2010 بدأ الموسم حارساً أساسياً لحين عودة الحارس فان دير سار من الإصابة ، وعندما عاد تضاءلت فرص بن فوستر في اللعب أساسياً مع الفريق الأول. لذا في شهر مايو 2010 انتقل بن فوستر إلى صفوف نادي برمنغهام سيتي الإنجليزي في صفقة انتقال دائمة ، من الأجل اللعب ', 'انجليزي ', 15, 0, 'NO'),
(65, 'جرانيت تشاكا ', '', '1992-09-27', '1464517683', 67, 85, 'Left', 82, 185, '', '', '', 28, '2016-06-09 08:28:35', '2016-05-29 08:28:03', 10, 'خط وسط', 'النادي:	بوروسيا مونشنغلادباخ - ألمانيا	\r\nرقم اللاعب في النادي:   34', 'سويسر1', 11, 0, 'NO'),
(66, 'فالون بيهرامي', '', '1985-04-19', '1464527877', 63, 85, 'Right', 78, 185, '', '', '', 26, '2016-06-09 08:29:51', '2016-05-29 12:17:57', 11, 'خط وسط', 'النادي:	واتفورد - إنجلترا	\r\nرقم اللاعب في النادي:   8', 'سويسرا', 11, 0, 'NO'),
(68, 'ادمير محمدى', '', '1991-03-16', '1464529669', 355, 85, 'Right', 80, 183, '', '', '', 26, '2016-06-09 08:58:52', '2016-05-29 12:47:49', 18, 'مهاجم', 'النادي:	باير ليفركوزن - ألمانيا	\r\nرقم اللاعب في النادي:   14', 'سويسرى', 11, 0, 'NO'),
(70, 'هاريس سيفيروفيتش ', '', '1993-02-22', '1464530269', 841, 85, 'Left', 85, 185, '', '', '', 25, '2016-06-09 08:54:07', '2016-05-29 12:57:49', 9, 'مهاجم', 'النادي:	آينتراخت فرانكفورت - ألمانيا	\r\nرقم اللاعب في النادي:   9\r\n', 'سويسرا', 11, 0, 'NO'),
(71, 'جوزيب دراميتش ', '', '1992-08-08', '1464530479', 63, 85, 'Right and Left', 80, 181, '', '', '', 27, '2016-06-01 11:56:38', '2016-05-29 13:01:19', 19, 'مهاجم', 'عن مسيرة جوزيب دراميتش\r\nجوزيب دراميتش ولد في 8 أغسطس 1992، هو لاعب كرة قدم سويسري يلعب لنادي بايرن ليفركوزن الألماني في مركز الهجوم.\r\nقبل أن ينضم جوزيب دراميتش لنادي بايرن ليفركوزن لعب في صفوف كل من زيوريخ السويسري وسيلبيتل باسكيتس نورنبيرغ الألماني وشارك معهم في 95 مباراة وأحرز 35 هدف.\r\nانضم جوزيب دراميتش إلى المنتخب السويسري الأول عام 2012 وشارك في 5 مباريات وأحرز هدفين\r\nانتقالات جوزيب دراميتش\r\n', 'سويسرى', 11, 0, 'NO'),
(72, 'ماركو شونباشلير ', '', '1990-01-11', '1464530692', 842, 85, 'Right', 67, 171, '', '', '', 28, '2016-06-01 11:37:44', '2016-05-29 13:04:52', 10, 'مهاجم', 'رقم اللاعب في المنتخب: 10\r\nالنادي:	زيوريخ - سويسرا	\r\n', 'سويسرى', 11, 0, 'NO'),
(73, ' روب جرين', 'Rob Green', '1980-01-18', '1464530719', 247, 87, 'Right', 93, 191, '', '', '', 24, '2016-06-01 10:55:20', '2016-05-29 13:05:19', 1, 'حارس مرمى', 'روبرت بول غرين (مواليد 18 يناير 1980) هو لاعب كرة قدم إنجليزي في مركز حراسة المرمى. يلعب حاليًا لصالح نادي كوينز بارك رينجرز', 'انجليزي', 15, 0, 'NO'),
(74, 'مايكل فري ', '', '1994-07-19', '1464530951', 262, 85, 'Right', 86, 188, '', '', '', 27, '2016-06-01 11:49:21', '2016-05-29 13:09:11', 0, 'مهاجم', 'النادي:	إف سي - لوزيرين سويسرا', 'سويسرى', 11, 0, 'NO'),
(75, 'جو هارت', 'Joe Hart', '1987-04-19', '1464531075', 191, 87, 'Right', 89, 196, '', '', '', 25, '2016-06-01 11:56:39', '2016-05-29 13:11:15', 1, 'حارس مرمى', 'جوسيف هارت، من مواليد 19 أبريل 1987 في شروزبوري في إنجلترا، لاعب كرة قدم إنجليزي, في مركز حارس مرمى, لعب في نادي شروزبوري تاون بين علمي 2003, 2006, ويلعب منذ 2006 وحتى الآن في نادي مانشستر سيتي, ولعب في أندية ترانمير روفرز, بلاكبول, برمنغهام سيتي على سبيل الإعارة.', 'انجليزي', 15, 0, 'NO'),
(76, 'توم هيتون', 'Tom Heaton', '1986-04-15', '1464533295', 242, 87, 'Right and Left', 85, 188, '', '', '', 23, '2016-06-01 11:51:48', '2016-05-29 13:48:15', 1, 'حارس مرمى', 'توماس هيتون، من مواليد 15 أبريل 1986 في تشيستر في إنجلترا، لاعب كرة قدم إنجليزي.\r\nبدأ مسيرته الكروية مع نادي مانشستر يونايتد في عام 2005، وهو يلعب معهم حتى الآن، وفي موسم 2005/2006 أعير إلى نادي سويندون تاون، ولعب معهم 14 مباراة.', 'انجليزي', 15, 0, 'NO'),
(77, ' ليتون بينز', 'Leighton Baines', '1984-12-11', '1464534082', 198, 87, 'Left', 70, 170, '', '', '', 25, '2016-06-01 10:55:59', '2016-05-29 13:55:48', 3, 'مدافع', 'ليتون باينز (مواليد 11 ديسمبر 1984 في كيركبي - إنجلترا) لاعب كرة قدم إنجليزي يلعب حاليا لصالح نادي الدرجة الممتازة إيفرتون الإنجليزي منذ 2007 في مركز الظهير الأيسر .', 'انجليزي', 15, 0, 'NO'),
(78, 'ريان برتراند', 'Ryan Bertrand', '1989-08-05', '1464534497', 243, 87, 'Right', 85, 179, '', '', '', 27, '2016-06-01 11:28:24', '2016-05-29 14:08:17', 3, 'مدافع', 'ريان برتراند هو لاعب كرة قدم إنجليزي ولد في 5 أغسطس عام 1989 في لندن بإنجلترا، ويلعب في مركز المدافع الأيسر.\r\nبدأ في نادي جيلينغهام قبل أن ينتقل إلى نادي تشيلسي اللندني في عام 2005. لعب في الفريق الوطني الإنجليزي تحت 19 عام. بعد أن تطور مستواه مع تشيلسي، أعير إلى نادي بورتسموث في موسم 2006-2007 ، ثم أعير مرة أخرى لنادي "أولد هام أثيليتك" ليكتسب الخبرة. وهو الآن في إعارة لنادي ريدينغ.\r\nأيقونة بوابةبوابة عقد 2010 أيقونة بوابةبوابة ألعاب أولمبية ', 'انجليزي', 15, 0, 'NO'),
(79, 'غاري كاهيل', 'Gary Cahill', '1985-12-19', '1464534878', 241, 87, 'Right and Left', 86, 193, '', '', '', 24, '2016-06-01 11:11:40', '2016-05-29 14:14:38', 5, 'مدافع', 'غاري جايمس كاهيل، من مواليد 19 ديسمبر 1985 في شفيلد في إنجلترا، لاعب كرة قدم إنجليزي.\r\nبدأ مسيرته الكروية مع نادي أستون فيلا في عام 2004، وهو يلعب في مركز قلب الدفاع وفي موسم 2004/2005 أعير إلى نادي بيرنلي، وشارك معهم في 27 مباراة وسجل هدف واحد وأنتقل في بداية 2012 إلى تشيلسي الإنجليزي بـ 7 مليون يورو..', 'انجليزي', 15, 0, 'NO'),
(80, 'كالوم تشامبرز', 'Calum Chambers', '1995-01-20', '1464535310', 248, 87, 'Right', 66, 182, '', '', '', 24, '2016-06-01 11:44:40', '2016-05-29 14:21:50', 2, 'مدافع', 'كالوم تشامبيرس Calum Chambers هو لاعب كرة قدم إنجليزي في مركز الدفاع ولد في يوم 20 يناير 1995 في بلدة بيترسفايلد في إنجلترا، يلعب حالياً مع نادي أرسنال وسبق له اللعب مع نادي ساوثهامبتون، كما لعب مع منتخب إنجلترا لكرة القدم ', 'انجليزي', 15, 0, 'NO'),
(81, 'ناثانييل كلاين', 'Nathaniel Clyne', '1991-04-05', '1464535994', 244, 87, 'Right', 67, 175, '', '', '', 25, '2016-06-01 11:43:29', '2016-05-29 14:33:14', 2, 'مدافع', 'ناثانيال إدوين كلاين (بالإنجليزية: Nathaniel Edwin Clyne) (ولد في 5 أبريل 1991) هو لاعب كرة قدم إنجليزي يلعب في مركز الظهير الأيمن لنادي ليفربول. بدأ مسيته في نادي كريستال بالاس، ولعب معهم أربع مواسم في دوري البطولة الإنجليزية قبل أن ينتقل إلى نادي ساوثهامبتون حيث لعب ثلاث مواسم في البريميرليغ. إنتقل لنادي ليفربول في يوليو 2015 بعقد يمتد لخمس سنوات بقيمة £12.5 مليون. كلاين بدأ مسيرته الدولية مع المنتخب الإنجليزي الأول في نوفمبر 2014.', 'انجليزي', 15, 0, 'NO'),
(82, 'كيران غيبس', 'Kieran Gibbs', '1989-09-26', '1464536351', 257, 87, 'Right', 64, 178, '', '', '', 24, '2016-06-01 11:37:19', '2016-05-29 14:39:11', 2, 'مدافع', '\r\nكيران جيبس ، من مواليد 26 سبتمبر 1989 في لندن في إنجلترا ، لاعب كرة قدم إنجليزي يلعب لنادي آرسنال الأنجليزي .', 'انجليزي', 15, 0, 'NO'),
(83, 'فيل جاغيلكا', 'Phil Jagielka', '1982-08-17', '1464536640', 196, 87, 'Right', 87, 180, '', '', '', 24, '2016-06-01 11:46:27', '2016-05-29 14:44:00', 6, 'مدافع', 'فيل جاغيلكا (مواليد 17 أغسطس 1982 في سال - إنجلترا) لاعب كرة قدم إنجليزي يلعب حاليا لصالح نادي الدرجة الممتازة إيفرتون الإنجليزي منذ 2007 في مركز قلب الدفاع كما يجيد اللعب في مركز الوسط المحوري .\r\n◄ ع ن ت\r\nنادي إيفرتون – التشكيلة الحالية\r\n', 'انجليزي', 15, 0, 'NO'),
(84, 'فيل جونز', 'Phil Jones', '1992-02-21', '1464537427', 848, 87, 'Right', 71, 180, '', '', '', 23, '2016-06-01 11:46:08', '2016-05-29 14:57:07', 16, 'مدافع', 'فيل جونز (مواليد 21 فبراير 1992 في برستون - إنجلترا) لاعب كرة قدم إنجليزي يلعب حاليا لصالح نادي مانشستر يونايتد الإنجليزي بعدما انتقل للنادي الشمالي بصفقه تبلغ 22 مليون يورو و بدا جونز في نادي بلاكبيرن روفرز من عام 2002 في مركز قلب الدفاع و الظهير الايمن و المحور الدفاعي .', 'انجليزي', 15, 0, 'NO'),
(85, 'داني روز', 'Danny Rose', '1990-07-02', '1464538051', 849, 87, 'Right', 72, 173, '', '', '', 24, '2016-06-01 11:49:53', '2016-05-29 15:07:31', 4, 'مهاجم', 'دانيال "داني" لي روز (بالإنجليزية: Danny Rose) (ولد في 2 يوليو 1990 دونكاستر، جنوب يوركشاير) هو لاعب كرة قدم إنجليزي يلعب لنادي توتنهام هوتسبر.\r\nبدء مشوار حيه مع نادى ليدز يونايتد قي قطاع الناشئين حتى انتقله إلى نادى توتنهام\r\nيوم 25 يوليو 2007، وقعت روز توتنهام عن قيمة الصفقة في منطقة £ 1,000,000. في مارس 2009 داني روز أعير إلى نادي واتفورد للفترة المتبقية من الموسم 2008-09. يوم 29 سبتمبر 2009، وانضم روز إلى نادى بيتربرو على سبيل الاعارة حتى يناير 2010. روز عاد إلى توتنهام في 11 نوفمبر 2009. لعب روز مبارة كامله لاول مرة لتوتنهام في كأس الاتحاد الإنجليزي (2-2) ضد ناديه السابق ليدز يونايتد. واستهجن روز من قبل مشجعي ناديه السابق. قدم روز لاول مرة في الدوري الممتاز ضد ارسنال، وسجل الهدف الأول في المباراة بعد عشر دقائق حيث فاز توتنهام 2-1 في الدوري الإنجليزي الممتاز يوم 14 أبريل 2010 ووصف الهدف بأنه "من تسديدة مدوية حتى يتسنى لك سماع صوت حزاءه فوق ضجيج صاخب من الجمهور " في صحيفة التايمز واستشهد بها كواحد من أهداف الموسم من قبل المعلق اندي غراي.\r\n▼ ع ن ت\r\nتوتنهام هوتسبر – التشكيلة الحالية\r\n1', 'انجليزي', 15, 0, 'NO'),
(87, 'لوك شاو', 'Luke Shaw', '1995-07-12', '1464538506', 222, 115, 'Right', 75, 185, '', '', '', 0, '2016-06-01 11:33:26', '2016-05-29 15:15:06', 23, 'مدافع', 'لوك شاو (ولد 12 يوليو 1995) هو لاعب كرة قدم إنجليزي محترف و يلعب كظهير أيسر في مانشستر يونايتد والمنتخب الوطني لإنجلترا. نشأ في أكاديمية نادي ساوثامبتون.\r\nلعب شاو اول مبارة مع الفريق الأول لساوثامبتون في يناير 2012 ثم وقع أول عقد له احترافي في مايو من ذلك العام.', 'انجليزي', 15, 0, 'NO'),
(90, ' كريس سمالينج', 'Chris Smalling', '1989-11-22', '1464597864', 195, 87, 'Right', 81, 192, '', '', '', 26, '2016-06-01 10:55:41', '2016-05-30 07:44:24', 12, 'مدافع', 'كريس سمولينغ (مواليد 22 نوفمبر 1989 في غرينيتش، إنجلترا) هو لاعب كرة قدم إنجليزي يلعب لصالح نادي مانشستر يونايتد الإنجليزي في مركز قلب الدفاع قادمًا من نادي فولهام الإنجليزي.', 'انجليزي', 15, 0, 'NO'),
(91, 'جون ستونز', 'John Stones', '1994-05-28', '1464598226', 171, 87, 'Right', 70, 188, '', '', '', 25, '2016-06-01 11:55:50', '2016-05-30 07:50:26', 5, 'حارس مرمى', 'جون ستونس John Stones وهو لاعب كرة قدم إنجليزي في مركز الدفاع ولد في يوم 28 مايو 1994 في بارنزلي في إنجلترا , وهو يلعب حالياً مع نادي إيفرتون وسبق له اللعب مع نادي بارنسلي ولعب مع منتخب إنجلترا لكرة القدم ', 'انجليزي', 15, 0, 'NO'),
(97, 'كايل ووكر', 'Kyle Walker', '1990-05-28', '1464599677', 241, 87, 'Right', 70, 178, '', '', '', 24, '2016-06-01 11:43:59', '2016-05-30 08:14:37', 2, 'مدافع', 'كايل ووكار (بالإنجليزية: Kyle Walker) (مواليد 28 مايو 1990) هو لاعب كرة قدم إنجليزي. يلعب في الدوري الإنجليزي الممتاز مع نادي أستون فيلا على سبيل الإعارة من توتنهام هوتسبر.', 'انجليزي', 15, 0, 'NO'),
(98, 'ديلي ألي', 'Dele Alli', '1996-04-11', '1464601741', 853, 87, 'Right', 73, 188, '', '', '', 25, '2016-06-01 11:48:49', '2016-05-30 08:49:01', 10, 'خط وسط', 'باميدين جيرماين ألي (بالإنجليزية: Bamidele Jermaine Alli) هو لاعب كرة قدم إنجليزي من مواليد 11 أبريل 1996 بمدينة ملتن كينز في إنجلترا.[1] يلعب في مركز الوسط، ويلعب حالياً مع نادي توتنهام سبيرز، وقد سبق له اللعب مع نادي ميلتون كاينس دونس. كما لعب بدأ اللعب مع منتخب إنجلترا لكرة القدم في 2015 ويبلغ طوله 188 سم.[2]', 'انجليزي', 15, 0, 'NO'),
(100, ' روس باركلي', 'Ross Barkley', '1993-12-05', '1464602624', 155, 87, 'Right', 76, 189, '', '', '', 24, '2016-06-01 10:55:30', '2016-05-30 09:03:44', 20, 'خط وسط', 'روس باركلي لاعب كرة قدم إنجليزي ولد في مدينة ليفربول الإنجليزية،يلعب مع نادي إيفرتون بعد نشأته في فئات الشباب للنادي،يلعب مع منتخب إنجلترا لكرة القدم و كان ضمن تشكيلة كأس العالم لكرة القدم 2014 في البرازيل،حيث خرج منتخبه من دور المجموعات.', 'انجليزي', 15, 0, 'NO'),
(110, 'مايكل كاريك', 'Michael Carrick', '1981-07-28', '1464603395', 250, 87, 'Right', 74, 188, '', '', '', 25, '2016-06-01 11:48:52', '2016-05-30 09:16:35', 22, 'خط وسط', 'مايكل أدريان كاريك، من مواليد 28 يوليو 1981 في ويلسيند في إنجلترا، لاعب كرة قدم إنجليزي.\r\nبدأ مسيرته الكروية مع نادي وست هام يونايتد في عام 1998، ولعب معهم حتى عام 2004، وشارك معهم في 136 مباراة وسجل 6 أهداف، وفي عام 1999 أعير إلى نادي سويندون تاون، ولعب معهم 6 مباريات وسجل هدفين، وفي عام 2000 أعير إلى نادي برمنغهام سيتي، ولعب معهم 5 مباريات، وفي عام 2004 انتقل إلى نادي توتنهام هوتسبر، ولعب معهم حتى عام 2006، وشارك معهم في 64 مباراة وسجل هدفين، ومنذ عام 2006 وهو يلعب مع نادي مانشستر يونايتد.', 'انجليزي', 15, 0, 'NO'),
(118, 'توم كليفرلي', 'Tom Cleverley', '1989-08-12', '1464604605', 251, 87, 'Right', 67, 175, '', '', '', 25, '2016-06-01 11:51:29', '2016-05-30 09:36:45', 15, 'خط وسط', 'توم كليفرلي (مواليد 12 اغسطس 1989 في بيسنغ ستوك - إنجلترا) لاعب كرة قدم إنجليزي يلعب الآن الدرجة الممتازة في نادي ايفرتون قادماً من نادي مانشستر يونايتد في يونيو 2015. انتقل عام2005 إلى مانشستر يونايتد قادما من نادي برادفورد سيتي، اللاعب اثار اعجاب السير إليكس فيرغسون هذا العام وتحديدا بمباراة الدرع الخيرية ضد نادي مانشستر سيتي، ومركزه مع الفريق صانع العاب.[1]', 'انجليزي', 15, 0, 'NO'),
(133, 'جاك كولباك', 'Jack Colback', '1989-10-24', '1464612489', 858, 87, 'Right', 75, 177, '', '', '', 25, '2016-06-01 11:53:40', '2016-05-30 11:48:09', 4, 'خط وسط', 'جاك ريمون كولباك (من مواليد 24 أكتوبر 1989) هو المهنية الإنجليزية لاعب كرة القدم الذي يلعب في الدوري الانجليزي الممتاز ل نيوكاسل يونايتد باعتباره لاعب خط الوسط المركزي .\r\n\r\nبدأت كولباك حياته المهنية في سندرلاند في عام 2008، بعد أن تخرج من أكاديمية بهم ، واقتحم الفريق بعد القروض في إبسويتش تاون من بطولة . بعد 115 الدوري الممتاز مباراة مع سندرلاند، انتهى عقده وانتقل للجدل لأكبر منافس، ونيوكاسل يونايتد.\r\n\r\nلعب مرة واحدة لمنتخب انجلترا في كيل مستوى 20 في عام 2009، واستدعي لل منتخب كبير لأول مرة في أغسطس 2014', 'انجليزي', 15, 0, 'NO'),
(134, 'فابيان ديلف', 'Fabian Delph', '1989-11-21', '1464612966', 253, 87, 'Left', 60, 174, '', '', '', 0, '2016-06-01 11:07:33', '2016-05-30 11:56:06', 8, 'خط وسط', 'فابيان ديلف (مواليد 21 نوفمبر 1989 في برادفورد - إنجلترا) لاعب كرة قدم إنجليزي يلعب حاليا لصالح نادي الدرجة الممتازة مانشستر سيتي الإنجليزي منذ 2015 في مركز الوسط المحوري.', 'انجليزي', 15, 0, 'NO'),
(136, 'اندري بياتوف', '', '1975-06-29', '1464615594', 860, 113, 'Right', 82, 184, '', '', '', 26, '2016-06-07 08:16:46', '2016-05-30 12:39:54', 12, 'حارس مرمى', '', 'اوكرانى', 6, 0, 'NO'),
(139, 'ماكسوم كوفال ', '', '1992-12-09', '1464616295', 639, 113, 'Right', 86, 189, '', '', '', 26, '2016-06-01 11:51:24', '2016-05-30 12:51:35', 0, 'حارس مرمى', 'ظهر لأول مرة على مقاعد البدلاء للفريق الأول في 26 يوليو 2009. وكان هناك لمجرد 5 مباريات قبل أن تعطى فرصة له. ويرجع ذلك أساسا إلى عدد من الغائبين، وبدا أنه في هدف للجولة 12 من دوري الأوكراني الممتاز في 1 نوفمبر. انه حافظ على نظافة شباكه في الفوز 3-0. بعد أداء جيد، ولكنه احتفظ مكانه لالمباراتين المقبلتين، والحفاظ على ورقتين أكثر نظيفة في هذه العملية. حتى عندما لم تتنازل، كان فقط هدف واحد في فخ التعادل 1-1 مع دينامو كييف ، في المباراة التي كان أيضا حفظ ال94 دقيقة ركلة جزاء من أرتيم ميليفسكي ، وتوفير نقطة.  وارتفع شكل ميتالورغ ل، و احتفظ مكانه منذ ذلك الحين. و0-4 هزيمة من قبل ميتاليست كانت صورة على شاشة الحقيقية الوحيدة على أدائه مواسم. انتهى مع 6 شباكه نظيفة، وبعد أن لم يدخل مرماه سوى 23 في 19 مباراة.\r\n\r\n2010-11\r\nكوفال في أول مشاركة له مع اياكس لويس سواريز .\r\n\r\nبعد موسم واحد لاول مرة على ما يرام، بدءا حين انه كان يبلغ من العمر فقط 16، دينامو كييف أبدى اهتماما. تكرست هذه بعد أداء رائع ضدهم خلال الموسم. انه وقع لهم فقط 3 مباريات في موسم 2010-11.\r\n\r\nلعب لاول مرة لدينامو في دوري أبطال أوروبا ', 'اوكرانى', 6, 0, 'NO');
INSERT INTO `players` (`id`, `name`, `nickname`, `birth_date`, `flag`, `city_id`, `country_id`, `prefered_foot`, `weight`, `height`, `facebook`, `twitter`, `instagram`, `speed`, `updated_at`, `created_at`, `num`, `position`, `addition_info`, `nationality`, `team_id`, `team_number`, `best`) VALUES
(141, 'بوهدان بوتكو', '', '1991-01-13', '1464616627', 642, 113, 'Right', 72, 182, '', '', '', 26, '2016-06-07 08:26:03', '2016-05-30 12:57:07', 2, 'مدافع', '', 'اوكرانى', 6, 0, 'NO'),
(142, 'الكسندر كوتشر', '', '1982-10-22', '1464616832', 269, 113, 'Right', 77, 184, '', '', '', 26, '2016-06-01 11:38:55', '2016-05-30 13:00:32', 5, 'حارس مرمى', '', 'اوكرانى', 6, 0, 'NO'),
(143, 'تاراس ميخاليك ', '', '1983-10-28', '1464617282', 861, 113, 'Right and Left', 83, 185, '', '', '', 26, '2016-06-01 11:28:21', '2016-05-30 13:06:27', 17, 'مدافع', '', 'اوكرانى', 6, 0, 'NO'),
(146, 'فياشسلاف شيفشيوك', '', '1979-05-13', '1464617966', 269, 113, 'Right and Left', 79, 184, '', '', '', 26, '2016-06-01 11:46:45', '2016-05-30 13:14:31', 13, 'مدافع', '', 'اوكرانى', 6, 0, 'NO'),
(148, 'ياروسلاف راكيتسكي', '', '1989-08-03', '1464618640', 863, 113, 'Left', 70, 180, '', '', '', 25, '2016-06-07 08:51:18', '2016-05-30 13:30:40', 20, 'مدافع', 'نبذة عن راكيتسكي ..!! ياروسلاف فولوديميروفيتش راكيتسكي (بالإنجليزية: Yaroslav Volodymyrovych Rakytskyi‏) (مواليد 3 أغسطس 1989 في بيرشوترافينسك) لاعب كرة قدم أوكراني دولي يجيد اللعب في خط الدفاع وأيضا في خط الوسط . يلعب حاليا لصالح نادي شاختار دونيتسك الأوكراني منذ 2009 . ويعتبر من الركائز الأساسية للمنتخب الاكراني . !!.. حياتة الكروية ..!! يعتبر ياروسلاف ركيتسكي منتوج خالص لنادي شاختار ( أكاديمية شاختار دونيتسك الاوكراني ) حيث إلتحق بالفريق وهو في سن صغير . خلال سنوات 2002-2006 كان يلعب بإستمرار في الفرق الصغرى حيث شارك خلال 65 مبارة سجل فيها 8 أهداف . هذا التألق مكنه من حجز مكان بفريق شاختار دونيتسك 3 ( الفريق الرديف ) حيث شارك أول مرة رفقة الفريق في سنة 2006 ضد " كرسنبلسكيا يفرا " وفاز ب-2/1 . خلال 2006-2008 كان دائم الحضور رفقة شاختار دونيتسك 3 حيث لعب 31 مبارة سجل خلالها 4 أهداف .15 غشت 2009 كانت نقطة تحول ل ركيتسكي حيث لعب أول مبارة رسمية مع الفريق الأول لشاختار في مبارة الكأس أمام أفديوبل وإنتصر أبناء دونيتسك ب-6/1 .منذ ذلك الحين و ياروسلاف يلعب كأساسي رفقة البرتقالي و يعتبر أحد ', 'اوكرانى', 6, 0, 'NO'),
(150, 'يفين خاتشيريدي', '', '1987-07-28', '1464618992', 269, 113, 'Right', 85, 198, '', '', '', 27, '2016-06-07 08:27:38', '2016-05-30 13:36:32', 3, 'مدافع', 'النادي:	دينامو كييف - أوكرانيا	\r\nرقم اللاعب في النادي:   34', 'اوكرانى', 6, 0, 'NO'),
(151, 'ييفغين هريهوروفيتش ', '', '1987-07-28', '1464619328', 864, 113, 'Right', 85, 198, '', '', '', 26, '2016-06-01 11:21:35', '2016-05-30 13:42:08', 3, 'مدافع', '', 'اوكرانى', 6, 0, 'NO'),
(153, 'يفين سيلين', '', '1988-05-09', '1464619708', 866, 113, 'Right and Left', 2, 190, '', '', '', 25, '2016-06-01 11:52:25', '2016-05-30 13:48:28', 2, 'مدافع', '', 'اوكرانى', 6, 0, 'NO'),
(156, 'اناتولي تيموتشوك', '', '1979-03-30', '1464620203', 269, 113, 'Right and Left', 70, 181, '', '', '', 25, '2016-06-01 11:39:45', '2016-05-30 13:56:43', 4, 'خط وسط', '', 'اوكرانى', 6, 0, 'NO'),
(158, 'دينيس غارماش', '', '1990-04-19', '1464620632', 867, 113, 'Right', 72, 186, '', '', '', 26, '2016-06-08 07:21:06', '2016-05-30 14:01:42', 19, 'خط وسط', '', 'اوكرانيا', 6, 0, 'NO'),
(160, 'ميجين باشا', 'Migjen Basha', '1987-01-05', '1464621010', 79, 85, 'Right', 72, 180, '', '', '', 29, '2016-06-01 11:45:55', '2016-05-30 14:10:10', 6, 'خط وسط', 'الفرق الحالية: نادي كومو ', 'الباني', 11, 0, 'NO'),
(162, ' Edmar Halovskyi دي اسيردا ', '', '1980-06-17', '1464621270', 868, 126, 'Right and Left', 69, 178, '', '', '', 26, '2016-06-01 10:31:24', '2016-05-30 14:14:30', 0, 'خط وسط', '', 'اوكرانى', 6, 0, 'NO'),
(164, 'ايفغني كاشايريدي', '', '1987-07-28', '1464621847', 869, 113, 'Left', 85, 198, '', '', '', 25, '2016-06-01 11:46:52', '2016-05-30 14:24:07', 0, 'خط وسط', '', 'اوكرانى', 6, 0, 'NO'),
(165, 'ايفغني كاشايريدي', '', '1987-07-28', '1464621850', 869, 113, 'Left', 85, 198, '', '', '', 25, '2016-06-01 11:46:42', '2016-05-30 14:24:10', 0, 'خط وسط', '', 'اوكرانى', 6, 0, 'NO'),
(167, 'اوليج كوسييف', '', '1983-04-25', '1464622245', 269, 113, 'Right and Left', 74, 179, '', '', '', 26, '2016-06-01 11:47:49', '2016-05-30 14:30:45', 9, 'خط وسط', '', 'اوكرانى', 6, 0, 'NO'),
(170, 'سيرغي نازارينكو', '', '1980-02-16', '1464622565', 860, 113, 'Right', 69, 176, '', '', '', 27, '2016-06-01 11:15:22', '2016-05-30 14:36:05', 18, 'خط وسط', '', 'اوكرانى', 6, 0, 'NO'),
(176, 'تاراس ستيبانينكو', '', '1989-08-08', '1464623000', 871, 113, 'Right and Left', 75, 181, '', '', '', 27, '2016-06-07 09:15:48', '2016-05-30 14:43:20', 6, 'خط وسط', '', 'اوكرانى', 6, 0, 'NO'),
(178, 'يفغن كونوبليانكا ', '', '1989-09-29', '1464623179', 860, 113, 'Right', 76, 177, '', '', '', 26, '2016-06-07 09:46:22', '2016-05-30 14:46:19', 10, 'خط وسط', '', 'اوكرانى', 6, 0, 'NO'),
(181, 'اندريه يارمولنكو ', '', '1989-08-23', '1464623530', 872, 89, 'Right and Left', 81, 189, '', '', '', 25, '2016-06-01 11:45:42', '2016-05-30 14:52:10', 0, 'مهاجم', '', 'اوكرانى', 6, 0, 'NO'),
(184, 'اندريه شفشينكو', '', '1976-06-29', '1464623926', 873, 113, 'Right', 72, 183, '', '', '', 26, '2016-06-01 11:44:00', '2016-05-30 14:58:46', 7, 'مهاجم', 'واليد 29 سبتمبر 1976 في دفيركيفشتشينا - الاتحاد السوفييتي) لاعب كرة قدم أوكراني سابق كان يجيد اللعب في مركز الهجوم، وسياسي أوكراني حالي.\r\n\r\nبدأ شيفتشينكو حياته الرياضية كملاكم ناشئ في منتخب الاتحاد السوفييتي للملاكمة, طلب منه أن ينتقل من الملاكمة إلى كرة القدم التي أبدع فيها, تحول شيفتشينكو إلى مهاجم بعدما كان مدافعاً وقد اختير من قبل بيليه كأحد أفضل 125 لاعب حي في جميع أنحاء العالم في مارس 2004, قاد شيفتشينكو منتخب بلاده للتأهل إلى نهائيات كأس العالم لكرة القدم 2006 لأول مرة منذ استقلال أوكرانيا عن الاتحاد السوفييتي وإعادة توحيد جزئها الشرقي مع روسيا الاتحادية.\r\n\r\nحصل شيفتشينكو على جائزة أفضل لاعب في أوروبا عام 2004, كان شيفتشينكو أفضل لاعب مهاجم في ذلك الوقت مع وجود أسماء كبيرة مثل: الإيطاليان فيليبو إنزاغي وأليساندرو ديل بييرو والبرتغالي كريستيانو رونالدو وهو ثاني أفضل هداف في تاريخ الميلان كما منحه الرئيس الأوكراني ليونيد كوتشما في نفس العام لقب بطل أوكرانيا ويعتبر شيفتشينكو أسطورة أوكرانيا دون منازع وأحد أهم مهاجمي كرة القدم بتاريخها وقد اختير شيفتشينكو مع نظيره البرتغالي كريستيان', 'اوكرانى', 6, 0, 'NO'),
(190, 'ستيوارت داونينغ', 'Stewart Downing', '1984-07-22', '1464624934', 155, 87, 'Right and Left', 64, 180, '', '', '', 26, '2016-06-01 11:20:55', '2016-05-30 15:15:34', 19, 'خط وسط', 'ستيوارت جايسون دوانينغ، من مواليد 22 يوليو 1984 في ميدلزبرة في إنجلترا، لاعب كرة قدم إنجليزي.\r\nبدأ مسيرته الكروية مع نادي ميدلزبره في عام 2001، وهو يلعب معهم حتى الآن، وفي عام 2003 أعير إلى نادي سندرلاند، ولعب معهم 7 مباريات وسجل 3 أهداف.\r\nو قد بدأ باللعب مع منتخب إنجلترا لكرة القدم في عام 2005.\r\nو قد انتقال رسميا الي ليفربول في صيف عام 2011 في صفقة تقدر ب20 مليون باوند ليكون ثالث صفقات ليفربول بعد تشارلي آدم و جوردان هنديرسون ', 'انجليزي', 15, 0, 'NO'),
(191, 'جوردان هيندرسون', 'Jordan Henderson', '1990-06-17', '1464683348', 211, 87, 'Right', 67, 182, '', '', '', 26, '2016-06-01 11:56:51', '2016-05-31 07:29:08', 4, 'خط وسط', 'جوردان هينديرسون (مواليد 17 يونيو 1990 في سندرلاند - إنجلترا) لاعب كرة قدم إنجليزي يلعب حاليا لصالح نادي ليفربول الإنجليزي منذ 2011 في مركز الجناح الأيمن كما يجيد اللعب في مركز الوسط المحوري .', 'انجليزي', 15, 0, 'NO'),
(193, 'آدم لالانا', 'Adam Lallana', '1988-05-10', '1464683922', 219, 87, 'Right', 73, 172, '', '', '', 24, '2016-06-01 10:59:51', '2016-05-31 07:38:42', 20, 'خط وسط', 'آدم ديفيد لالانا (من مواليد 10 مايو 1988) هو لاعب كرة قدم إنجليزي يلعب كلاعب خط وسط لنادي ليفربول الدوري الممتاز والمنتخب الوطني الإنجليزي لكرة القدم. ولد في سانت ألبانز، بدأ مسيرته مع ساوثامبتون كلاعب في فريق الشباب في عام 2000، وظل مع النادي منذ ذلك الحين، أصبح قائد الفريق في عام 2012.', 'انجليزي', 15, 0, 'NO'),
(196, 'ارتيم ميليفسكي', '', '1985-01-12', '1464684630', 875, 151, 'Right and Left', 83, 190, '', '', '', 26, '2016-06-01 11:33:48', '2016-05-31 07:50:30', 0, 'مهاجم', 'مواليد 12 يناير 1985 في مازير بأحد الأقاليم البيلاروسية) لاعب كرة قدم أوكراني أصوله بلاروسية لكنه يلعب لصالح منتخب أوكرانيا  يجيد اللعب في خط الهجوم . يلعب حاليا لصالح نادي دينامو كييف الأوكراني منذ 2002 .!!.. حياتة الكروية ..!!  لعب ميلفسكي على مستوى الشباب لفريق سمنا مينسك في بيلاروسيا . في 2000 انتقل إلى أوكرانيا و بالضبط نادي  بوريسفن بوريسبيل حيث قضى هناك موسم واحد سجل فيه 3 أهداف  قبل أن ينضم إلى نادي دينامو كييف في عام 2002 و كانت بداية تألق اللاعب رفقة زعيم أوكرانيا . في عام 2006 ،  تم التصويت على أنه أفضل لاعب في أوكرانيا لشهر آب / أغسطس ، في استطلاع رأي من قبل الصحفيين  والمدربين أجرته صحيفة كوماندا الرياضية. يوم 6 سبتمبر 2007 ، في الذكرى السنوية 80 لنادي دينامو كييف ، سجل ميلفسكي بضربة رأسية هدف التعادل 2-2 مع ميلانو الايطالي في مباراة ودية . و رغم البداية الجيدة  ، إلا أنه أمضى معظم الموسم 2007-08 مصاب ، حيث لعب 11 مباراة فقط وسجل  5 أهداف وإحتل فريقه المركز التاني خلف شاختار دونيتسك بطل الموسم .في 6 أغسطس 2008 ، سجل ميلفسكي من ركلة جزاء  ضد دروغيدا المتحدة ، في الجولة الثا', 'اوكرانى', 6, 0, 'NO'),
(197, 'راين ماسون', 'Ryan Mason', '1991-06-13', '1464685804', 257, 87, 'Right', 68, 175, '', '', '', 25, '2016-06-01 11:30:19', '2016-05-31 08:04:27', 8, 'خط وسط', 'راين ماسون ( بالإنجليزية : Ryan Mason ) هو لاعب كرة قدم إنجليزي من مواليد 13 يونيو عام 1991 يلعب لنادي توتنهام هوتسبير منذ عام 2008 وقد أعير إلى يوفيل تاون وإلى دونكاستر روفرز و ميلووال و سويندون تاون .', 'انجليزي', 15, 0, 'NO'),
(198, 'ماركو ديفتش', '', '1983-10-27', '1464685480', 826, 138, 'Right and Left', 76, 185, '', '', '', 26, '2016-06-01 11:33:12', '2016-05-31 08:04:40', 0, 'مهاجم', '', 'اوكرانى', 23, 0, 'NO'),
(200, 'ماركو ديفتش ', '', '1983-10-27', '1464686017', 876, 140, 'Right and Left', 76, 185, '', '', '', 26, '2016-06-01 11:36:46', '2016-05-31 08:13:37', 0, 'مهاجم', '', 'اوكرانى', 6, 0, 'NO'),
(201, 'جيمس ميلنر', 'James Milner', '1986-01-04', '1464686339', 205, 87, 'Right', 70, 175, '', '', '', 25, '2016-06-01 11:52:39', '2016-05-31 08:18:59', 16, 'خط وسط', 'جايمس فيليب ميلنر علاء، من مواليد 4 يناير 1986 في وورتليي في ليدز في إنجلترا، لاعب كرة قدم إنجليزي.\r\nبدأ مسيرته الكروية مع نادي ليدز يونايتد في عام 2002، ولعب معهم حتى عام 2004، وشارك معهم في 48 مباراة وسجل 5 أهداف، وفي عام 2003 أعير إلى نادي سويندون تاون، ولعب معهم 6 مباريات وسجل هدفين، ومنذ عام 2004 وهو يلعب مع نادي نيوكاسل يونايتد ولعب معهم 94 مباراة وسجل 6 اهداف، وفي موسم 2005/2006 أعير إلى نادي أستون فيلا، ولعب معهم 27 مباراة وسجل هدف واحد ‘ وفي عام 2008 انتقل إلى نادي استون فيلا ولعب معهم 73 مباراة وسجل 11 هدف ‘ وفي عام 2010 انتقل إلى نادي مانشستر سيتي الإنجليزي وفي عام 2015 انتقل الى نادي ليفربول في صفقة انتقال حر. بدأ باللعب مع منتخب إنجلترا لكرة القدم في عام 2009 ', 'انجليزي', 15, 0, 'NO'),
(202, 'أليكس أوكسلاد-تشامبرلين', 'Alex Oxlade-Chamberlain', '1993-08-15', '1464686567', 206, 87, 'Right and Left', 70, 180, '', '', '', 27, '2016-06-01 11:02:26', '2016-05-31 08:22:47', 15, 'خط وسط', 'ألكسندر مارك ديفيد أوكسليد-تشامبرلين (بالإنجليزية: Alexander Mark David Oxlade-Chamberlain) (مواليد 15 أغسطس 1993 في بورتسموث، إنجلترا) هو لاعب كرة قدم إنجليزي يجيد اللعب في مركز الجناح ويلعب حاليًا مع آرسنال الإنجليزي منذ 2011.', 'انجليزي', 15, 0, 'NO'),
(204, 'يفين سيليزنيوف', '', '1985-07-20', '1464686670', 877, 113, 'Right and Left', 77, 185, '', '', '', 26, '2016-06-08 07:30:06', '2016-05-31 08:24:30', 11, 'مهاجم', 'النادي:	دِنيبرو دِنيبروبيتروفسكي - أوكرانيا	\r\nرقم اللاعب في النادي:   11', 'اوكرانيا', 6, 0, 'NO'),
(205, 'ماركو ديفتش ', '', '1983-10-27', '1464686855', 876, 140, 'Right and Left', 76, 185, '', '', '', 25, '2016-06-01 11:34:50', '2016-05-31 08:27:35', 22, 'مهاجم', '', 'اوكرانى', 6, 0, 'NO'),
(206, 'بيلايب بودكيفسكي ', '', '1992-03-10', '1464687173', 269, 113, 'Right and Left', 87, 184, '', '', '', 26, '2016-06-08 07:31:23', '2016-05-31 08:32:53', 15, 'مهاجم', '', 'اوكرانيا', 6, 0, 'NO'),
(207, 'كريستيان بلغرادن', 'Cristian Bălgrădean', '1988-03-21', '1464687311', 115, 86, 'Right', 83, 187, '', '', '', 21, '2016-06-01 11:42:02', '2016-05-31 08:35:11', 34, 'حارس مرمى', 'الفرق الحالية: منتخب رومانيا لكرة القدم، كونكورديا كياجنا ', 'روماني', 13, 0, 'NO'),
(208, 'جونجو شيلفي', 'Jonjo Shelvey', '1992-02-27', '1464687316', 155, 87, 'Right', 78, 183, '', '', '', 25, '2016-06-01 11:55:22', '2016-05-31 08:35:16', 17, 'خط وسط', 'جونجو شيلفي (مواليد 27 فبراير 1992) هو لاعب كرة قدم إنجليزي يلعب لصالح نيوكاسل يونايتد في الدوري الممتاز من عام 2016. يجيد اللعب في خط الوسط. سبق وان مثل ليفربول الانجليزي وسوانزي سيتي قبل الانتقال الى نيوكاسل يونايتد في يناير 2016', 'انجليزي', 15, 0, 'NO'),
(210, 'رومان زوزوليا', '', '1989-11-17', '1464687344', 269, 113, 'Left', 62, 175, '', '', '', 26, '2016-06-08 07:27:30', '2016-05-31 08:35:44', 8, 'مهاجم', '', 'اوكرانى', 6, 0, 'NO'),
(211, 'سيلفيو لونغ جونيور', 'Silviu Lung', '1989-06-04', '1464687616', 121, 86, 'Right and Left', 78, 189, '', '', '', 22, '2016-06-01 11:14:45', '2016-05-31 08:40:16', 23, 'حارس مرمى', 'الفرق الحالية: نادي أسترا جورجو لكرة القدم\r\nوالدة حارس كرة القدم الروماني : سيلفيو لونغ\r\n', 'روماني', 13, 0, 'NO'),
(212, 'رحيم ستيرلينغ', 'Raheem Sterling', '1994-12-08', '1464687665', 222, 115, 'Right', 69, 170, '', '', '', 27, '2016-06-01 11:31:06', '2016-05-31 08:41:05', 11, 'خط وسط', 'رحيم شاكيل ستيرلينغ (مواليد 8 ديسمبر 1994) هو لاعب كرة قدم إنجليزي يلعب لصالح مانشستر سيتي في الدوري الإنجليزي الممتاز ومنتخب إنجلترا كجناح. بدأ مسيرته في صفوف كوينز بارك رينجرز قبل التوقيع مع ليفربول في 2010.\r\nلعب ستيرلينغ مباراته الأولى بالدوري الممتاز في موسم 2011–12. وقد مثل إنجلترا على صعيد جميع منتخبات الفئات السنية قبل بداية مسيرته الدولية ضد منتخب السويد في نوفمبر 2012.', 'انجليزي', 15, 0, 'NO'),
(213, 'الان  مانوس', '', '1982-05-19', '1464688151', 878, 152, 'Right', 94, 188, '', '', '', 25, '2016-06-01 11:35:26', '2016-05-31 08:43:19', 0, 'حارس مرمى', '', 'ايرلندى- ايرلندا الشماليه  ', 8, 0, 'NO'),
(214, 'كوستل بانتيليمون', 'Costel Pantilimon', '1987-02-01', '1464687896', 80, 86, 'Right and Left', 96, 203, '', '', '', 26, '2016-06-01 11:39:11', '2016-05-31 08:44:56', 23, 'حارس مرمى', 'و لاعب كرة قدم روماني يلعب لنادي واتفورد ومنتخب رومانيا لكرة القدم كحارس مرمى.', 'روماني', 13, 0, 'NO'),
(215, 'سبريان تتاروشانو', 'Ciprian Tătăruşanu', '1986-02-09', '1464688115', 86, 86, 'Right and Left', 88, 195, '', '', '', 24, '2016-06-01 11:25:19', '2016-05-31 08:48:35', 24, 'حارس مرمى', 'أنتون سبريان تتاروشانو وهو لاعب كُرة قدم روماني في مركز حراسة مرمى ولد في يوم 9 فبراير 1986 في مدينة بوخارست عاصمة رومانيا وهو يلعب حالياً في الدوري الإيطالي الممتاز مع نادي فيورينتينا , كما سبق له اللعب مع غلوريا بيستوريتا و ستيوا بوخارست و يوفنتوس بوخارست في رومانيا ولعب مع منتخب رومانيا لكرة القدم ويبلغ طوله 198 سم', 'روماني', 13, 0, 'NO'),
(216, 'مايكل ماكغوفيرن ', '', '1984-07-12', '1464688657', 880, 91, 'Right', 85, 185, '', '', '', 26, '2016-06-08 08:36:45', '2016-05-31 08:57:37', 1, 'حارس مرمى', 'النادي:	روس كاونتى - إسكوتلندا', 'ايرلندى- ايرلندا الشماليه', 8, 0, 'NO'),
(217, 'أندروس تاونسند', 'Andros Townsend', '1991-07-16', '1464689031', 879, 87, 'Left', 77, 181, '', '', '', 25, '2016-06-01 11:03:24', '2016-05-31 09:03:51', 19, 'خط وسط', 'ندريس تاونسيند وهو لاعب كرة قدم إنجليزي في وسط الجناح ولد في يوم 16 يوليو 1991 في لندن عاصمة إنجلترا، يلعب حالياً مع نادي نيوكاسل يونايتد والذي أنتقل إليه من نادي توتنهام هوتسبر كما سبق له اللعب مع أندية كوينز بارك رينجرز و برمنغهام سيتي و ليدز يونايتد و نادي ميلوول و نادي واتفورد و إيبسويتش تاون و ميلتون كاينس دولس و لايتون أوريينت و يوفل تاون ويلعب مع منتخب إنجلترا لكرة القدم منذ عام 2013 وسجل هدف ضد منتخب الجبل الأسود لكرة القدم ويبلغ طوله 181 سم.', 'انجليزي', 15, 0, 'NO'),
(218, 'جاك ويلشير', 'Jack Wilshere', '1992-01-01', '1464689329', 208, 87, 'Right', 65, 172, '', '', '', 26, '2016-06-01 11:53:57', '2016-05-31 09:08:49', 7, 'خط وسط', 'جاك آندرو ويلشير ، من مواليد 1 يناير 1992 في هيرتفودشير في إنجلترا، لاعب كرة قدم إنجليزي يلعب لنادي آرسنال الأنجليزي.\r\nيعتبر أحد المواهب التي تم اكتشافها من قبل المدرب الفرنسي السيد : أرسين فينغر قد أبدع بالمباريات الودية لـ نادي الأرسنال الإنجليزي، ويذكر بأن ويلشير شارك في كأس الإمارات وقد شارك ويلشير من بداية المباراة أمام فريق يوفنتوس وقدم أداء رائع، وأمام الريال مدريد شارك في الشوط الثاني وقدم أداء مذهل..\r\nاصـبـح جـاك ويـلـشـيـراصـغـر لاعـب يـمـثـل الأرسـنـال فـي الـدوري بـعـد ان شـارك كـ بـديـل فـي يـوم الـسـبـت امـام بـلاكـبـيـرن.. شـارك صـاحـب الـ 16 عـام و 256 يـوم كـ بـديـل لـ روبن فان بيرسي فـي الـدقـيـقـة 81 فـي Ewood Park.. الـرقـم كـان مـسـجـل بـ اسـم سيسك فابريغاس (17 عـام و 103 يـوم ضـد ايـفـيـرتـون عـام 2004).. في موسم 2009-2010 اعير إلى بولتون وسجل هدف وحيد.', 'انجليزي', 15, 0, 'NO'),
(219, 'آرون هيوز', '', '1979-11-08', '1464689471', 880, 91, 'Right', 71, 173, '', '', '', 26, '2016-10-16 13:47:41', '2016-05-31 09:11:11', 0, 'مدافع', '', 'ايرلندى- ايرلندا الشماليه', 8, 0, 'NO'),
(220, 'آرون هيوز ', '', '1979-11-08', '1464690383', 881, 91, 'Right', 71, 185, '', '', '', 25, '2016-06-08 08:50:08', '2016-05-31 09:26:23', 18, 'مدافع', 'النادي:	ميلبورن سيتي - أستراليا', 'ايرلندى- ايرلندا الشماليه', 8, 0, 'NO'),
(221, 'كريس بيرد', '', '1984-02-25', '1464690693', 882, 91, 'Right and Left', 74, 185, '', '', '', 26, '2016-06-08 08:46:40', '2016-05-31 09:31:33', 6, 'خط وسط', 'النادي:	ديربي كاونتي - إنجلترا	\r\nرقم اللاعب في النادي:   12', 'ايرلندى- ايرلندا الشماليه', 8, 0, 'NO'),
(222, 'كونور ماكلاولين', '', '1991-07-26', '1464690947', 883, 91, 'Right', 71, 183, '', '', '', 26, '2016-06-08 08:43:00', '2016-05-31 09:35:47', 2, 'مدافع', 'النادي:	فليتوود تاون - إنجلترا	\r\nرقم اللاعب في النادي:   2', 'ايرلندى- ايرلندا الشماليه', 8, 0, 'NO'),
(223, 'كريغ كاثكارت', '', '1989-04-06', '1464691136', 883, 91, 'Right', 73, 188, '', '', '', 26, '2016-06-08 08:51:09', '2016-05-31 09:38:56', 20, 'مدافع', 'النادي:	واتفورد - إنجلترا	\r\nرقم اللاعب في النادي:   15', 'ايرلندى- ايرلندا الشماليه', 8, 0, 'NO'),
(224, 'داني لفيرتي', '', '1989-05-18', '1464691299', 890, 91, 'Left', 80, 183, '', '', '', 26, '2016-06-01 11:50:02', '2016-05-31 09:41:39', 0, 'مدافع', '', 'ايرلندى- ايرلندا الشماليه', 8, 0, 'NO'),
(225, 'غاريث مكاولي ', '', '1979-12-05', '1464691473', 884, 91, 'Right', 90, 190, '', '', '', 26, '2016-06-08 08:44:20', '2016-05-31 09:44:33', 4, 'مدافع', 'النادي:	وست بروميتش ألبيون - إنجلترا	\r\nرقم اللاعب في النادي:   23', 'ايرلندى- ايرلندا الشماليه', 8, 0, 'NO'),
(226, 'جوني إيفانز', '', '1988-01-13', '1464691988', 733, 91, 'Right', 77, 188, '', '', '', 26, '2016-06-08 08:45:19', '2016-05-31 09:53:08', 5, 'مدافع', '"الأخ الأصغر، كوري ، هو لاعب كرة قدم يلعب لاعب خط الوسط ل بلاكبيرن روفرز .\r\n\r\nحضر إيفانز بلفاست مدرسة ثانوية في نيوتاونبي ، ايرلندا الشمالية ، قبل أن ينتقل إلى أشتون على اساس ميرسي المدرسة الثانوية في مانشستر مرة واحدة كان قد وقعه مانشستر يونايتد. وهو حاصل تسعة شهادة الثانوية العامة ، كل  الدرجات. \r\n\r\nفي 19 ديسمبر 2007، ألقي القبض على ايفانز في اتصال إلى الاغتصاب المزعومة التي وقعت في الفندق حيث تم عقد حفلة عيد الميلاد لاعب مانشستر يونايتد. [وفي 8 مارس 2008، أفيد أن إيفانز لن تتم مقاضاته لأي جريمة. [\r\n\r\nيوم 1 يونيو 2013، تزوج ايفانز هيلين ماكونيل، وهو مراسل تليفزيون مانشيستر يونايتيد، في الكنيسة المشيخية كلوف. [هذا الزوج لديها ابنة اسمها لوتي، ولد في 15 مايو 2014. \r\n على الرغم من أنها لم تصدر حتى الآن له العليا لاول مرة مع مانشستر يونايتد، وكان يسمى إيفانز يصل إلى ايرلندا الشمالية تشكيلة الفريق لأول مرة في سبتمبر 2006، اول ظهور له في الفوز 3-2 تنسى على اسبانيا . ومنذ ذلك الحين ايفانز الاحتفاظ بمكانه في تشكيلة الفريق. \r\n في ديسمبر 2006، وافقت ايفانز للانضمام الى سندرلاند على سبيل الإعار', 'ايرلندى- ايرلندا الشماليه', 8, 0, 'NO'),
(227, 'لوك مكلوغ ', '', '1994-04-15', '1464692202', 790, 91, 'Right and Left', 81, 189, '', '', '', 26, '2016-06-08 08:48:17', '2016-05-31 09:56:42', 15, 'مدافع', 'النادي:	دونكاستر روفرز - إنجلترا	\r\nرقم اللاعب في النادي:   4', 'انجليزي ', 8, 0, 'NO'),
(228, 'ميكائيل سميث ', '', '1988-09-04', '1464692589', 250, 87, 'Right and Left', 71, 180, '', '', '', 27, '2016-06-01 11:44:41', '2016-05-31 10:03:09', 0, 'مدافع', 'وقعت سميث عقدا لمدة ثلاث سنوات على تشارلتون اثليتيك وقال انه لاول مرة تشارلتون له ضد نادي هاليفاكس تاون في كأس الاتحاد الانجليزي، يأتي في الدقيقة ال87. بعد وقت قصير من نزوله أقام الهدف الرابع من المباراة من كرة عرضية.\r\n\r\nفي 17 يناير 2012، وانضم سميث الدوري الإنجليزي الدرجة الثانية نادي اكرينجتون ستانلي على سبيل الاعارة حتى نهاية موسم 2011-12. [وسجل أول هدف له مع اكرينجتون في 28 كانون الثاني عام 2012 في الفوز 4-3 ضد جيلينغهام التي وقال انه حصل على هاتريك.  في 12 مارس أعلن حداد كان قد عاد إلى النادي والديه بعد تعرضه لموسم المنتهي اصابة في الركبة.\r\n\r\nفي 14 آب 2012، قدم سميث له الكاملة الأولى لاول مرة فريق لتشارلتون اثليتيك في كأس رابطة الاندية الانجليزية الهزيمة أمام ليتون أورينت. في نوفمبر 2012 انضم سميث نيوبورت كاونتي على شهر واحد قرض  وسجل هدفا في اول مباراة له مقابل كامبريدج يونايتد 6 نوفمبر. يوم 8 مارس 2013، انضم مايكل جامعة واحدة الجانب كولشستر المتحدة على سبيل الاعارة حتى 6 أبريل 2013.\r\n\r\n\r\nفي 30 تموز 2013، وانضم سميث الدوري الإنجليزي الدرجة الثانية الجانب ويمبلدون على سبيل الاعارة', 'ايرلندى- ايرلندا الشماليه', 15, 0, 'NO'),
(229, 'بادي مكناير', '', '1995-04-27', '1464692774', 898, 91, 'Right', 71, 183, '', '', '', 26, '2016-06-08 08:49:18', '2016-05-31 10:06:14', 17, 'مدافع', 'اكتشف ماكنير أول مرة من قبل مانشستر يونايتد الكشفية الصورة مقرها أيرلندا، الشمالية، توني كولتر، عندما كان ماكنير 12، وبدأ يسافر إلى تدريب مع مانشستر يونايتد خلال زيارته العطل المدرسية.  ووقع في نهاية المطاف للنادي في عام 2011، بعد أن أعجب تم تحويل الكشافة النادي في دور خط الوسط لباليكلار المهور، ولكن في وقت لاحق إلى مدافع مدرب الشباب المتحدة بول ماكغينيس . في حين جعل الانتقال من خط الوسط في الدفاع، وكان في كثير من الأحيان مقارنة ماكنير ل مايكل كاريك من قبل ماكغينيس \r\n. جعل ماكنير لاول مرة العليا لمانشستر يونايتد في 27 سبتمبر 2014 ضد وست هام يونايتد في الفوز 2-1 في الدوري الممتاز في ملعب اولد ترافورد ، بدء المباراة بسبب أزمة الإصابات في الدفاع.  وقد أثنى عليه من قبل المشجعين ومدير لويس فان جال لله الصلبة الدفاع في تلك المباراة، بما في ذلك إزالة برئاسة حيوي في حين كانت الولايات المتحدة وصولا الى 10 من الرجال.  \r\nوعلى الرغم من قلة خبرة ماكنير في دوري الدرجة الاولى في انجلترا، فاز مانشستر يونايتد كل من المباريات الأربع الأولى عندما كان ماكنير في التشكيلة الأساسية. [ في 4 كانون الثاني عام 2', 'ايرلندى- ايرلندا الشماليه', 8, 0, 'NO'),
(230, 'بن ريفيز', '', '1991-11-19', '1464693208', 887, 87, 'Right and Left', 67, 177, '', '', '', 0, '2016-06-01 11:36:55', '2016-05-31 10:13:28', 0, 'خط وسط', '', 'الانجليزيه', 15, 0, 'NO'),
(232, 'كيلي لافيرتي', '', '1990-07-30', '1464696742', 733, 91, 'Right and Left', 69, 173, '', '', '', 26, '2016-06-01 11:35:46', '2016-05-31 10:19:40', 0, 'خط وسط', '', 'ايرلندى- ايرلندا الشماليه', 8, 0, 'NO'),
(233, 'جيمي وارد ', '', '1986-05-12', '1464693780', 180, 87, 'Right and Left', 86, 165, '', '', '', 26, '2016-06-08 09:07:09', '2016-05-31 10:23:00', 19, 'خط وسط', 'النادي:	نوتينغهام فورست - إنجلترا	\r\nرقم اللاعب في النادي:   19', 'ايرلندى- ايرلندا الشماليه', 8, 0, 'NO'),
(234, 'نيال ماك غين', '', '1987-07-20', '1464694025', 889, 91, 'Right', 75, 183, '', '', '', 26, '2016-06-08 09:09:26', '2016-05-31 10:27:05', 7, 'مهاجم', 'النادي:	أبردين - إسكوتلندا	رقم اللاعب في النادي:   10', 'ايرلندى- ايرلندا الشماليه', 8, 0, 'NO'),
(235, 'فلاد تشيريتشيش', 'Vlad Chiricheş', '1989-11-04', '1464694266', 94, 86, 'Right and Left', 75, 184, '', '', '', 25, '2016-06-01 11:48:51', '2016-05-31 10:31:06', 6, 'مدافع', 'يلعب حالياً في الدوري الإنجليزي الممتاز مع نادي توتنهام هوتسبر كما سبق له اللعب مع اندية نادي ستيوا بوخارست و باندوراج تانج جيو و إنترنشنال كورتيا في رومانيا ولعب في النشوء مع نادي بنفيكا في البُرتغال', 'روماني', 13, 0, 'NO'),
(236, 'شين فيرجسون', '', '1991-07-12', '1464694331', 890, 91, 'Right and Left', 65, 168, '', '', '', 26, '2016-06-08 08:56:28', '2016-05-31 10:32:11', 3, 'خط وسط', 'النادي:	ميلوول - إنجلترا', 'ايرلندى- ايرلندا الشماليه', 8, 0, 'NO'),
(237, 'ستيفين ديفيس ', '', '1985-01-01', '1464694613', 893, 91, 'Right and Left', 72, 172, '', '', '', 25, '2016-06-08 08:58:04', '2016-05-31 10:36:53', 8, 'خط وسط', 'النادي:	ساوثهامتون - إنجلترا	\r\nرقم اللاعب في النادي:   8', 'ايرلندى- ايرلندا الشماليه', 8, 0, 'NO'),
(238, 'فاليريكا جامان', 'Valerică Găman', '1989-02-25', '1464694666', 88, 86, 'Right and Left', 72, 188, '', '', '', 27, '2016-06-01 11:49:50', '2016-05-31 10:37:46', 15, 'مدافع', 'الفرق الحالية: ، نادي أسترا جورجو لكرة القدم ', 'روماني', 13, 0, 'NO'),
(239, 'داني ويلبيك', 'Danny Welbeck', '1990-11-26', '1464694696', 264, 116, 'Right', 72, 185, '', '', '', 28, '2016-06-01 11:50:08', '2016-05-31 10:38:16', 21, 'حارس مرمى', 'داني ويلبك (26 نوفمبر 1990 - )، هو لاعب إنكليزي من أصل غاني, و هو يلعب في نادي آرسنال قادماً من نادي مانشستر يونايتد, موقعه جناح أو مهاجم.\r\nولد في لونكسايد مانشستر انكلترا لابويين غانيين و التحق بنادي مانشستر يونايتد في موسم 2005-2006, و كانت أول مباراة له امام نادي سندرلاند في 8 ابريل 2006.', 'انجليزي', 15, 0, 'NO'),
(240, 'ستيوارت دالاس', '', '1991-04-18', '1464694829', 881, 91, 'Right and Left', 81, 183, '', '', '', 26, '2016-06-08 09:02:08', '2016-05-31 10:40:29', 14, 'خط وسط', 'النادي:	ليدز يونايتد - إنجلترا	\r\nرقم اللاعب في النادي:   15', 'انجليزى ', 15, 0, 'NO'),
(241, 'فلورين غاردوس', 'Florin Gardoş', '1988-10-29', '1464694988', 115, 86, 'Right and Left', 68, 193, '', '', '', 28, '2016-06-01 11:47:34', '2016-05-31 10:43:08', 5, 'حارس مرمى', 'الفرق الحالية: نادي ساوثهامبتون', 'روماني', 13, 0, 'NO'),
(242, 'بيلي مكاي', '', '1988-10-22', '1464695059', 894, 87, 'Right', 68, 170, '', '', '', 27, '2016-06-01 11:29:18', '2016-05-31 10:44:19', 0, 'مهاجم', '', 'ايرلندى- ايرلندا الشماليه', 8, 0, 'NO'),
(243, 'ثيو والكوت', 'Theo Walcott', '1989-03-16', '1464695167', 257, 87, 'Right', 68, 176, '', '', '', 32, '2016-06-01 11:53:03', '2016-05-31 10:46:07', 14, 'مهاجم', 'ثيو جيمس والكوت لاعب نادي آرسنال والمنتخب الأنجليزي لكرة القدم ولد في 16 مارس 1989 في ستانمور في لندن ويبلغ من العمر 26 عاما...يعد من أفضل الاعبين الصاعدين على مستوى العالم والكل تنبا به نجما في كرة القدم', 'انجليزي', 15, 0, 'NO'),
(244, 'كونور واشنطون ', '', '1992-05-18', '1464695378', 901, 87, 'Right and Left', 74, 178, '', '', '', 26, '2016-06-08 09:13:45', '2016-05-31 10:48:14', 11, 'مهاجم', 'النادي:	كوينز بارك رينجرز - إنجلترا', 'انجلترا ', 8, 0, 'NO'),
(245, 'جوش ماغنيس', '', '1990-08-15', '1464695636', 895, 91, 'Right', 82, 188, '', '', '', 27, '2016-06-08 09:08:39', '2016-05-31 10:53:56', 21, 'خط وسط', 'النادي:	كيلمارنوك - إسكوتلندا', 'ايرلندى- ايرلندا الشماليه', 8, 0, 'NO'),
(246, 'دورين غويان', 'Dorin Goian', '1980-12-12', '1464695765', 110, 86, 'Right', 83, 194, '', '', '', 28, '2016-06-01 11:49:00', '2016-05-31 10:56:05', 30, 'مدافع', 'الفرق الحالية:  نادي أستيراس تريبوليس', 'روماني', 13, 0, 'NO'),
(247, 'كيلي لافيرتي', '', '1987-09-16', '1464696729', 896, 91, 'Right and Left', 70, 193, '', '', '', 26, '2016-06-01 11:36:02', '2016-05-31 10:56:35', 0, 'مهاجم', '', 'ايرلندى- ايرلندا الشماليه', 8, 0, 'NO'),
(248, 'جيمي فاردي', 'Jamie Vardy', '1987-01-11', '1464695843', 197, 87, 'Right', 76, 178, '', '', '', 24, '2016-06-01 11:52:20', '2016-05-31 10:57:23', 10, 'مهاجم', 'جيمي فاردي (بالإنجليزية: Jamie Vardy)[2] هو لاعب كرة قدم إنجليزي من مواليد 11 يناير 1987 بمدينة شفيلد في إنجلترا. يلعب في مركز الهجوم ويلعب حالياً مع نادي ليستر سيتي، وقد سبق له اللعب لكل من نادي فليتوود تاون و هاليفاكس تاون و ستوكبريدج بارك ستيلز و شيفيلد وينزداي. بدأ اللعب مع منتخب إنجلترا لكرة القدم في 2015.\r\nفي يوم 28/11/2015 تمكن جيمي فاردي من تحطيم الرقم القياسي لفان نستلروي وهو التسجيل المتتالي في المباريات حيث كان الرقم القياسي التسجيل في 10 مباراة متتالية ولكن جيمي فاردي أصبح صاحب الرقم القياسي بـ11 مباراة متتالية يحرز فيها أهدافاً.[3]\r\n', 'انجليزي', 15, 0, 'NO'),
(249, 'كيلي لافيرتي ', '', '1987-09-16', '1464695946', 896, 91, 'Right and Left', 70, 193, '', '', '', 0, '2016-06-08 09:12:34', '2016-05-31 10:59:06', 10, 'مهاجم', 'النادي:	نوريتش سيتي - إنجلترا	\r\nرقم اللاعب في النادي:   19', 'ايرلندى- ايرلندا الشماليه', 8, 0, 'NO'),
(250, 'ليام بويس', '', '1991-04-08', '1464696134', 895, 91, 'Right', 85, 184, '', '', '', 27, '2016-06-01 11:27:48', '2016-05-31 11:02:14', 0, 'مهاجم', '', 'ايرلندى- ايرلندا الشماليه', 8, 0, 'NO'),
(251, 'دانييل ستوريدج', 'Daniel Sturridge', '1989-09-01', '1464696189', 180, 87, 'Right', 76, 188, '', '', '', 24, '2016-06-01 11:50:19', '2016-05-31 11:03:09', 9, 'مهاجم', 'دانييل أندري ستوريدج، من مواليد 1 سبتمبر 1989 في برمنغهام في إنجلترا، لاعب كرة قدم إنجليزي.\r\nبدأ مسيرته الكروية مع نادي مانشستر سيتي عام 2006 ولعب معهم 21 مباراة وسجل 5 اهداف، وفي عام 2009 انتقل إلى نادي تشيلسي . وفي عام 2013 انتقل إلى اللعب في نادي ليفربول الأنجليزي بصفقة بلغت 7.5 مليون جنيه استرليني احرز هدف في اول مباراة رسمية مع نادي ليفربول .\r\n◄ ع ن ت\r\nنادي ليفربول – التشكيلة الحالية\r\n', 'انجليزي', 15, 0, 'NO'),
(252, 'ويل غريغ', '', '1991-07-03', '1464696422', 897, 87, 'Right', 70, 180, '', '', '', 26, '2016-06-08 09:11:54', '2016-05-31 11:07:02', 9, 'مهاجم', 'ولد في عائلة استون فيلا-بتأييدها ودعمها النادي حتى سن السابعة، عندما انضم برمنغهام سيتي و "بدأت تتحول قليلا', 'ايرلندى- ايرلندا الشماليه', 8, 0, 'NO'),
(253, 'واين روني', 'Wayne Rooney', '1985-10-24', '1464697140', 218, 87, 'Right', 83, 176, '', '', '', 32, '2016-06-01 11:14:20', '2016-05-31 11:19:00', 10, 'مهاجم', 'واين روني مارك (بالإنجليزية: Wayne Mark Rooney); مواليد 24 أكتوبر 1985) هو لاعب كرة قدم إنجليزي يلعب حاليا كمهاجم لنادي مانشستر يونايتد في البريميرليغ ومنتخب إنجلترا، كما يعتبر الهداف التاريخي لمنتخب بلاده', 'انجليزي', 15, 0, 'NO'),
(254, 'كونستانتين غريكو', 'Constantin Grecu', '1988-06-08', '1464697259', 121, 86, 'Right and Left', 78, 182, '', '', '', 27, '2016-06-01 11:38:23', '2016-05-31 11:20:59', 25, 'مدافع', '', 'روماني', 13, 0, 'NO'),
(255, 'آرون لينون', 'aron lenon', '1987-04-16', '1464698743', 205, 87, 'Right', 62, 165, '', '', '', 34, '2016-06-01 11:00:01', '2016-05-31 11:45:43', 12, 'خط وسط', 'آرون جاستن لينون(مواليد 16 أبريل 1987 في ليدز، إنجلترا) هو لاعب كرة قدم إنجليزي في مركز الجناح. بدأ مسيرته الكروية مع نادي ليدز يونايتد في عام 2003 ولعب معهم حتى عام 2005، وشارك معهم في 43 مباراة وسجل هدف واحد، ومنذ عام 2005 وهو يلعب مع نادي توتنهام هوتسبر. بدأ اللعب مع منتخب إنجلترا لكرة القدم الأول في عام 2006.', 'انجليزي', 15, 0, 'NO'),
(256, 'دراغوس غريغور', 'Dragoş Grigore', '1980-12-12', '1464698852', 122, 86, 'Right and Left', 83, 194, '', '', '', 28, '2016-06-01 11:49:29', '2016-05-31 11:47:32', 21, 'حارس مرمى', 'الفرق الحالية: نادي السيلية', 'روماني', 13, 0, 'NO'),
(257, 'ريكي لامبرت', 'Rickie Lambert', '1982-02-16', '1464699909', 198, 87, 'Right', 77, 187, '', '', '', 27, '2016-06-01 11:27:22', '2016-05-31 12:05:09', 18, 'مهاجم', 'ريكي لامبرت (ولد في 16 فبراير 1982 ) هو لاعب كرة قدم إنجليزي يلعب كمهاجم لنادي ليفربول في الدوري الممتاز والمنتخب الوطني لإنجلترا .\r\nبدأ لامبارته حياته الكروية كلاعب شاب مع نادي ليفربول وهو في سن العاشرة قبل إن يتم تسريحه من النادي وهو في سن الـ 15 .\r\nبعدها بدأ حياته المهنية كلاعب محترف مع نادي بلاكبول. ولعب في وقت لاحق في ماكليسفيلد ، ستوكبورت ، روتشديل و بريستول روفرز ، قبل ان ينتقل إلى ساوثامبتون في عام 2009.\r\nأثبت لامبرت أنه لاعب رئيسي لساوثهامبتون عندما أصبح هداف لبطولة عام 2010 و ساهمت أهدافه في صعود الفريق إلى الدوري الممتاز في الموسم التالي. وقد فاز بعدد من الجوائز الشخصية ، بما في ذلك ثلاثة أحذية ذهبية.\r\nومن المعروف عن لامبرت مكانته الكبيرة و الأداء البدني، و تمت مقارناته مع أسطورة ساوثهامبتون ماثيو لو تيسيي لقدرته أمام المرمى و تنفيذه المتميز لضربات الجزاء .\r\nفي 8 أغسطس 2013 ،كان لامبرت من الاعبين الذين تم استدعاؤهم لمنتخب انجلترا لأول مرة.و في 14 أغسطس 2013 سجل لاول مرة للفريق الوطني على ملعب ويمبلي في مباراة ودية ضد اسكتلندا مع أول لمسة له .\r\nفي 2 يونيو 2014 أكمل لامبارت حل', 'انجليزي', 15, 0, 'NO'),
(258, 'هاري كين', 'Harry Kane', '1993-07-28', '1464700294', 257, 87, 'Right', 65, 188, '', '', '', 28, '2016-06-01 11:41:29', '2016-05-31 12:11:34', 10, 'مهاجم', 'هاري إدوارد كين Harry Edward Kane وهو لاعب كُرَة قدم إنجليزي يلعب في مركز الهجوم ولد في يوم 28 يوليو 1993 في عاصمة إنجلترا لندن وهو يلعب حالياً مع نادي توتنهام هوتسبر كما سبق لهُ اللعب مع أندية ليستر سيتي و نورويتش سيتي و نادي ميلوول و ليتون أوريينت كما لعب مع منتخب إنجلترا لعدة فئات عُمرية وهي تحت 17 و 19 و 20 و 21 سنة ويبلغ طوله 188سم.', 'انجليزي', 15, 0, 'NO'),
(259, 'أرتور بوروك', '', '1980-02-20', '1464700325', 902, 92, 'Right', 87, 193, '', '', '', 27, '2016-06-01 11:01:07', '2016-05-31 12:12:05', 0, 'حارس مرمى', '', 'بولندى', 9, 0, 'NO'),
(260, 'إياسمين لاتوفليفيتش', 'Iasmin Latovlevici', '1986-05-11', '1464700536', 129, 86, 'Right', 72, 175, '', '', '', 23, '2016-06-01 10:58:39', '2016-05-31 12:15:36', 14, 'مدافع', 'الفرق الحالية: غنتشليربيرليغي', 'روماني', 13, 0, 'NO'),
(261, 'لوكاس فابيانسكي ', '', '1985-04-18', '1464700638', 903, 92, 'Right and Left', 83, 190, '', '', '', 27, '2016-06-01 11:26:24', '2016-05-31 12:17:18', 22, 'حارس مرمى', '', 'بولندى', 9, 0, 'NO'),
(262, 'داني إنغز', 'Danny Ings', '1992-07-23', '1464700983', 259, 87, 'Right and Left', 73, 178, '', '', '', 28, '2016-06-01 11:50:31', '2016-05-31 12:23:03', 28, 'مهاجم', 'دانييل وليام جون إنغز Daniel William John Ings هو لاعب كرة قدم إنجليزي في مركز الهجوم ولد في يوم 23 يوليو 1992 في بلدة ونشستر في إنجلترا، يلعب حالياً مع نادي ليفربول وسبق له اللعب مع نادي بارنسلي و دورتشسر تاون و نادي بورنموث ،كما لعب مع منتخب إنجلترا لكرة القدم ويبلغ طوله 178 سم.', 'انجليزي', 15, 0, 'NO'),
(263, 'سرديان لانشن', 'Srgian Luchin', '1986-03-04', '1464701042', 80, 86, 'Left', 81, 184, '', '', '', 24, '2016-06-01 11:19:56', '2016-05-31 12:24:02', 11, 'مدافع', '', 'روماني', 13, 0, 'NO'),
(264, 'كريستيان مانيا', 'Cristian Manea', '0000-00-00', '1464701254', 125, 86, 'Right and Left', 72, 183, '', '', '', 22, '2016-06-01 11:40:58', '2016-05-31 12:27:34', 55, 'مدافع', 'الفرق الحالية:  موسكرون بيروفيلز', 'روماني', 13, 0, 'NO'),
(265, 'ألكساندرو ماتيل', 'Alexandru Măţel', '1989-10-17', '1464701441', 125, 86, 'Left', 72, 177, '', '', '', 0, '2016-06-01 11:02:15', '2016-05-31 12:30:41', 2, 'مدافع', 'الفرق الحالية: نادي دينامو زغرب', 'روماني', 13, 0, 'NO'),
(266, 'سايدو بيراهينو', 'Saido Berahino', '1993-08-04', '1464701460', 220, 114, 'Right', 77, 180, '', '', '', 27, '2016-06-01 11:25:58', '2016-05-31 12:31:00', 18, 'حارس مرمى', 'سايدو بيراهينو Saido Berahino هو لاعب كرة قدم إنجليزي بوروندي في مركز الهجوم ولد في يوم 4 أغسطس 1993 في مدينة بوجومبورا عاصمة بوروندي، يلعب حالياً مع نادي ويست بروميتش ألبيون في إنجلترا كما سبق له اللعب مع نادي نورثهامبتون تاون و نادي برينتفورد و بيتربورو ينايتد، كما لعب مع منتخب إنجلترا لكرة القدم تحت 21 سنة ويبلغ طوله 180 سم [1].', 'انجليزي', 15, 0, 'NO'),
(267, 'برزيمايسلاف تأيتون', '', '1987-05-30', '1464701503', 775, 92, 'Right', 85, 184, '', '', '', 26, '2016-06-01 11:38:40', '2016-05-31 12:31:43', 0, 'حارس مرمى', 'حتى نهاية الموسم 2006/07 عندما هبط النادي في الدوري أولا البولندية الى الدرجة الثالثة بسبب الفساد. طلبه إلى أن أطلق سراحه من عقده والتي يمنحها الاتحاد البولندي ، وبعد ذلك وقع عقدا مدته خمس سنوات مع رودا . \r\nرودا \r\nوجاء صاحب الدوري الهولندي لاول مرة يوم 29 مارس عام 2008 في فخ التعادل السلبي أمام هيراكليس الميلو . ومع ذلك، وقال انه لا تجعل أي مباراة في الموسم التالي. \r\nفي يناير   2010 اصبح الحارس الأول  للنادى  خلفا ل برام كاسترو . واجريت له جراحة في الكتف في نهاية مارس 2011.\r\nادرج كثاني أفضل حارس مرمى \r\nفي 16 آب 2011، أعلن أن ايندهوفن اتخذت تايون على سبيل الاعارة لمدة عام واحد، مع خيار لشراء في نهاية الموسم الحالي. في 20 يناير 2012 تم الإعلان عن أن ايندهوفن وقعت له  أربع سنوات\r\n.  يوم 18 سبتمبر عام 2011، عانى من ارتجاج خطيرعندما اصطدم مع زميله في الفريق خلال مباراة ايندهوفن و اياكس وأجريت بعد ذلك على نقالة، مع اللعبة تأخر لمدة 15 دقيقة. لم يكن هناك ضرر بالغ حتى انه خرج من المستشفى  \r\nفي اليوم التالي. \r\n. اكتسب بسرعة شكل قوي لإحراز هدف لايندهوفن بعد اصابته واستبدال الحارس الأول السابق أن', 'بولندى', 9, 0, 'NO'),
(268, 'تشارلي أوستن', 'Charlie Austin', '1989-07-05', '1464701689', 258, 87, 'Right', 84, 188, '', '', '', 25, '2016-06-01 11:50:51', '2016-05-31 12:34:49', 28, 'مهاجم', 'تشارلي أوستن Charlie Austin هو لاعب كرة قدم إنجليزي في مركز الهجوم ولد في يوم 5 يوليو 1989 في بلدة هنغرفورد في إنجلترا، يلعب حالياً مع نادي كوينز بارك رينجرز وسبق له اللعب مع نادي بارنسلي و سويندون تاون و بول تاون و ثاتشام تاون و هنغرفورد تاون و كينتبوري رينجرز و نادي ريدينغ ويبلغ طوله 188 سم [1].', 'انجليزي', 15, 0, 'NO'),
(270, 'فويتشيك تشيزني', '', '1990-04-14', '1464701917', 735, 92, 'Right', 84, 196, '', '', '', 27, '2016-06-01 11:47:09', '2016-05-31 12:38:37', 1, 'حارس مرمى', 'لاعب كرة القدم الذي يلعب في مركز حارس المرمى ل روما على سبيل الاعارة من ارسنال ، وبالنسبة لل منتخب بولندا . \r\nبعد بدء حياته المهنية في ليجيا وارسو ، الذي وقع ل ارسنال في عام 2006، حيث قام مشواره مع الاحتراف في عام 2009. وأصبح فيما بعد أول الحارس للنادي، وفاز اثنين من كؤوس وكونها المستفيدة مشترك بين 2013-14 الدوري الذهبي قفاز\r\nشارك فى أكثر من 20 مباراة دولية مع منتخب بولندا من اول ظهور له في عام 2009، وأدرجت في فرقة الأمة كما شارك في استضافة كأس الأمم الأوروبية 2012 . \r\nعلم لأول مرة الرقص وبرع في وقت لاحق رمي الرمح . [3] والده، ماسيج ، هو حارس المرمى الدولي البولندي السابق، وشقيقه الأكبر، \r\n \r\n', 'بولندى', 9, 0, 'NO'),
(271, 'ارتور يدرزيكزيك', '', '1987-11-04', '1464702330', 735, 92, 'Right', 78, 189, '', '', '', 27, '2016-10-16 13:51:11', '2016-05-31 12:45:30', 3, 'مدافع', 'النادي:	ليجيا وارسو - بولندا	\r\nرقم اللاعب في النادي:   5', 'بولندى', 9, 0, 'NO'),
(272, 'بارتوز سالامون ', '', '1991-05-01', '1464702613', 735, 92, 'Right and Left', 89, 196, '', '', '', 26, '2016-06-08 07:58:19', '2016-05-31 12:50:13', 18, 'مدافع', 'النادي:	كالياري - إيطاليا	\r\nرقم اللاعب في النادي:   35', 'ايرلندا', 28, 0, 'NO'),
(273, 'جاكوب وارزينياك ', '', '1983-07-07', '1464703933', 905, 92, 'Right', 85, 188, '', '', '', 27, '2016-06-08 07:55:20', '2016-05-31 13:12:13', 14, 'مدافع', 'النادي:	ليخيا غدانسك - بولندا	\r\nرقم اللاعب في النادي:   14', 'بولند1', 9, 0, 'NO'),
(274, 'كميل غليك ', '', '1988-02-03', '1464704185', 907, 92, 'Right', 80, 190, '', '', '', 26, '2016-06-08 07:56:46', '2016-05-31 13:16:25', 15, 'مدافع', 'النادي:	تورينو - إيطاليا	\r\nرقم اللاعب في النادي:   25', 'بولندا', 9, 0, 'NO'),
(275, 'لوكاس بيسززك ', '', '1985-06-03', '1464704521', 735, 92, 'Right', 79, 184, '', '', '', 26, '2016-06-08 08:00:26', '2016-05-31 13:22:01', 20, 'مدافع', 'النادي:	بوروسيا دورتموند - ألمانيا	\r\nرقم اللاعب في النادي:   26', 'بولندا', 9, 0, 'NO'),
(276, 'ماسيل ريبوس', '', '1989-08-19', '1464704995', 909, 92, 'Left', 75, 173, '', '', '', 26, '2016-06-01 11:50:18', '2016-05-31 13:29:55', 0, 'مدافع', '', 'بولندى', 9, 0, 'NO'),
(277, 'مايكل بازدان', '', '1987-08-21', '1464705238', 740, 92, 'Right and Left', 78, 181, '', '', '', 26, '2016-06-08 07:47:02', '2016-05-31 13:33:58', 2, 'مدافع', 'النادي:	ليجيا وارسو - بولندا	\r\nرقم اللاعب في النادي:   2', 'بولندى', 9, 0, 'NO'),
(278, 'بافل داويدوفيكس', '', '1995-05-20', '1464705483', 910, 92, 'Right and Left', 76, 188, '', '', '', 26, '2016-06-01 11:40:35', '2016-05-31 13:38:03', 0, 'مدافع', '', 'بولندى', 9, 0, 'NO'),
(279, ' بوجدان ألكساندرو', 'Bogdan Alexandru Mitrea', '1987-09-29', '1464705641', 123, 86, 'Left', 79, 185, '', '', '', 25, '2016-06-01 10:34:12', '2016-05-31 13:40:41', 13, 'مدافع', '', 'روماني', 13, 0, 'NO'),
(280, 'تياغو كيونيك ', '', '1986-04-21', '1464705842', 911, 126, 'Right and Left', 80, 84, '', '', '', 26, '2016-06-08 07:52:16', '2016-05-31 13:40:54', 4, 'مدافع', 'النادي:	باليرمو - إيطاليا	\r\nرقم اللاعب في النادي:   15', 'بولندى', 9, 0, 'NO'),
(281, 'بارتوش كابوستكا ', '', '1996-12-23', '1464706031', 758, 92, 'Right', 67, 179, '', '', '', 27, '2016-06-01 11:41:12', '2016-05-31 13:47:11', 0, 'خط وسط', '', 'بولندى', 9, 0, 'NO'),
(282, 'فيليب ستارزينسكي', '', '1991-05-27', '1464706383', 748, 92, 'Right', 72, 184, '', '', '', 25, '2016-06-08 08:27:22', '2016-05-31 13:53:03', 23, 'خط وسط', 'النادي:	زاجويبي لوبين - بولندا	\r\nرقم اللاعب في النادي:   34', 'بولند1', 9, 0, 'NO'),
(283, 'غريغورز كريشوياك', '', '1990-01-29', '1464706618', 735, 92, 'Right', 85, 186, '', '', '', 0, '2016-06-08 08:14:30', '2016-05-31 13:56:58', 10, 'خط وسط', 'النادي:	إشبيلية - أسبانيا	\r\nرقم اللاعب في النادي:   4', 'بولندى', 9, 0, 'NO'),
(284, 'كوسمين موتي', 'Cosmin Moţi', '1984-12-03', '1464706685', 107, 86, 'Left', 74, 183, '', '', '', 22, '2016-06-01 11:38:59', '2016-05-31 13:58:05', 27, 'حارس مرمى', 'يلعب مع نادي دينامو بوخارست منذ عام 2005.\r\nبدأ باللعب مع منتخب رومانيا لكرة القدم في عام 2008.\r\n', 'روماني', 13, 0, 'NO'),
(285, 'جاكوب بواشتشيكوفسكي ', '', '1985-12-14', '1464706762', 854, 92, 'Right', 77, 176, '', '', '', 26, '2016-06-08 08:17:24', '2016-05-31 13:59:22', 16, 'خط وسط', 'النادي:	فيورنتينا - إيطاليا	\r\nرقم اللاعب في النادي:   16', 'بولندى', 9, 0, 'NO'),
(286, 'كامل جروشيسكي ', '', '1988-06-08', '1464706982', 748, 92, 'Right', 78, 180, '', '', '', 26, '2016-06-08 08:15:33', '2016-05-31 14:03:02', 10, 'خط وسط', 'النادي:	رين - فرنسا	\r\nرقم اللاعب في النادي:   10', 'بولندا', 9, 0, 'NO'),
(287, 'رازفان رات', 'Răzvan Raţ', '1981-05-26', '1464707091', 117, 86, 'Left', 72, 178, '', '', '', 24, '2016-06-01 11:24:02', '2016-05-31 14:04:51', 5, 'مدافع', 'عب كرة قدم روماني يلعب حالياً لصالح نادي الدرجة الممتازة باوك سالونيكا اليوناني معاراً من رايو فاليكانو الإسباني منذ 2014 في مركز الظهير الأيسر.', 'روماني', 13, 0, 'NO'),
(288, 'كارول لينيتي', '', '1995-02-02', '1464707139', 914, 92, 'Right', 74, 176, '', '', '', 26, '2016-06-08 08:13:02', '2016-05-31 14:05:39', 8, 'خط وسط', 'النادي:	ليخ بوزنان - بولندا	\r\nرقم اللاعب في النادي:   7', 'بولند1', 9, 0, 'NO'),
(289, 'كريستيان سابونارو', 'Cristian Săpunaru', '1984-04-05', '1464707383', 86, 86, 'Right and Left', 81, 187, '', '', '', 26, '2016-06-01 11:41:40', '2016-05-31 14:09:43', 22, 'مدافع', 'يلعب مع نادي ريال سرقسطة الإسباني منذ عام 2012.\r\nبدأ باللعب مع منتخب رومانيا لكرة القدم في عام 2008.', 'روماني', 13, 0, 'NO'),
(290, 'كريستوف ماكزينسكي ', '', '1987-05-23', '1464707384', 740, 92, 'Right and Left', 69, 175, '', '', '', 26, '2016-06-08 08:03:29', '2016-05-31 14:09:44', 5, 'خط وسط', 'النادي:	فيسلا كراكوف - بولندا', 'بولندا', 9, 0, 'NO'),
(291, 'إيغور أكينفيف', 'Igor Akinfeev', '1986-04-08', '1464707445', 913, 89, 'Right', 82, 186, '', '', '', 26, '2016-06-01 10:57:46', '2016-05-31 14:10:45', 1, 'حارس مرمى', 'إيغور فولوديميروفيتش أكينفيف ، من مواليد 8 أبريل 1986 في موسكو في الاتحاد السوفييتي، لاعب كرة قدم روسي.\r\nيلعب مع نادي سيسكا موسكو منذ عام 2003.\r\nبدأ باللعب مع منتخب روسيا لكرة القدم في عام 2004.', 'روسي', 17, 0, 'NO'),
(292, 'باول وزوليك ', '', '1992-04-30', '1464707714', 915, 92, 'Right and Left', 77, 186, '', '', '', 26, '2016-06-01 11:40:06', '2016-05-31 14:15:14', 0, 'خط وسط', '', 'بولندى', 9, 0, 'NO'),
(293, 'بيوتر زيلينسكي ', '', '1994-05-20', '1464707941', 917, 92, 'Right', 75, 180, '', '', '', 27, '2016-06-08 08:22:36', '2016-05-31 14:17:39', 19, 'خط وسط', 'النادي:	إمبولي - إيطاليا	رقم اللاعب في النادي:   17', 'بولند1', 9, 0, 'NO'),
(294, 'يوري لوديجين', 'Yuri Lodygin', '1990-05-26', '1464707896', 916, 89, 'Right', 82, 187, '', '', '', 26, '2016-06-01 12:06:29', '2016-05-31 14:18:16', 12, 'حارس مرمى', '', 'روسي', 17, 0, 'NO'),
(295, 'سلاومير بيسكو ', '', '1985-02-19', '1464708093', 918, 92, 'Right', 70, 173, '', '', '', 27, '2016-06-08 08:19:01', '2016-05-31 14:21:33', 17, 'خط وسط', 'الوزن:	70 كغم	\r\nالطول: 173 سم', 'بولندى', 9, 0, 'NO'),
(296, 'أرتور سوبيتش', '', '1990-06-12', '1464708388', 919, 92, 'Right', 81, 185, '', '', '', 25, '2016-06-01 11:01:20', '2016-05-31 14:26:28', 0, 'مهاجم', '', 'بولندى', 9, 0, 'NO'),
(297, 'لازلو سيبسي', 'László Sepsi', '1987-06-07', '1464708572', 134, 86, 'Left', 75, 179, '', '', '', 22, '2016-06-01 11:34:48', '2016-05-31 14:29:32', 6, 'مدافع', 'لازلو سيبسي لاعب كرة قدم روماني يلعب حاليا لصالح نادي الدرجة الأولى ريسينغ سانتاندر الإسباني منذ 2008 في مركز الظهير الأيسر ', 'روماني', 13, 0, 'NO'),
(298, 'اركاديوز ميليك ', '', '1994-02-28', '1464708707', 920, 92, 'Left', 78, 186, '', '', '', 26, '2016-06-08 08:28:42', '2016-05-31 14:31:47', 7, 'مهاجم', 'النادي:	أياكس أمستردام - هولندا	رقم اللاعب في النادي:   9', 'بولندى', 9, 0, 'NO'),
(299, 'غابرييل تاماس', 'Gabriel Tamaş', '1983-11-09', '1464708734', 89, 86, 'Right', 79, 188, '', '', '', 26, '2016-06-01 11:12:25', '2016-05-31 14:32:14', 30, 'مدافع', 'الفرق الحالية: منتخب رومانيا لكرة القدم، نادي ستيوا بوخارست', 'روماني', 13, 0, 'NO'),
(300, 'روبرت ليفاندوفسكي', '', '1988-08-21', '1464708838', 735, 92, 'Right', 79, 185, '', '', '', 26, '2016-06-08 08:29:49', '2016-05-31 14:33:58', 9, 'مهاجم', 'النادي:	بايرن ميونيخ - ألمانيا	رقم اللاعب في النادي:   9', 'بولند1', 9, 0, 'NO'),
(301, 'أرتيوم ريبروف', 'Artem Rebrov', '1984-03-04', '1464708944', 238, 89, 'Right', 88, 193, '', '', '', 27, '2016-06-01 11:01:27', '2016-05-31 14:35:44', 32, 'حارس مرمى', '', 'روسي', 17, 0, 'NO'),
(302, 'ماريوز ستيبنسكي', '', '1995-05-12', '1464709001', 921, 92, 'Right', 73, 183, '', '', '', 27, '2016-06-08 08:31:27', '2016-05-31 14:36:41', 13, 'مهاجم', 'النادي:	فيسلا كراكوف - بولندا', 'بولندى', 9, 0, 'NO'),
(303, 'بوغدان ستانكو', 'Bogdan Stancu', '1987-06-28', '1464709016', 93, 86, 'Right', 75, 183, '', '', '', 21, '2016-06-01 11:33:12', '2016-05-31 14:36:56', 19, 'مدافع', 'الفرق الحالية: غنتشليربيرليغي', 'روماني', 13, 0, 'NO'),
(304, 'راؤول ريشيسكو', 'Raul Rusescu', '1988-07-09', '1464709181', 108, 86, 'Right', 78, 181, '', '', '', 22, '2016-06-01 11:23:41', '2016-05-31 14:39:41', 24, 'مهاجم', 'الفرق الحالية:  أنقرة سبور', 'روماني', 13, 0, 'NO'),
(305, 'جورج بوشكاش', 'George Puşcaş', '1996-04-08', '1464709480', 80, 86, 'Right and Left', 74, 184, '', '', '', 23, '2016-06-01 11:57:18', '2016-05-31 14:44:40', 9, 'مهاجم', 'لعب حالياً مع نادي إنتر ميلان الإيطالي في مركز الهجوم.', 'روماني', 13, 0, 'NO'),
(306, 'سيرجي ريزهيكوف', 'Sergei Ryzhikov', '1980-09-19', '1464709516', 922, 89, 'Right', 92, 192, '', '', '', 26, '2016-06-01 11:18:23', '2016-05-31 14:45:16', 1, 'حارس مرمى', '', 'روسي', 17, 0, 'NO'),
(307, 'أدريان بوبا', 'Adrian Popa', '1988-07-24', '1464709966', 93, 86, 'Left', 71, 169, '', '', '', 21, '2016-06-01 11:00:57', '2016-05-31 14:52:46', 7, 'مهاجم', 'نادي ستيوا بوخارست', 'روماني', 13, 0, 'NO'),
(308, 'سيبريان ماريكا', 'Ciprian Marica', '1985-10-02', '1464710267', 86, 86, 'Right and Left', 82, 184, '', '', '', 23, '2016-06-01 11:18:48', '2016-05-31 14:57:47', 9, 'مهاجم', 'يلعب مع نادي شتوتغارت الألماني منذ عام 2007.\r\nبدأ باللعب مع منتخب رومانيا لكرة القدم في عام 2003.\r\n', 'روماني', 13, 0, 'NO'),
(309, 'كلاوديو كيشيرو', 'Claudiu Keșerü', '1982-02-12', '1464710633', 81, 86, 'Left', 71, 178, '', '', '', 23, '2016-06-01 11:39:42', '2016-05-31 15:03:53', 13, 'مهاجم', 'لاعب كرة قدم روماني، يلعب بدوري نجوم قطر مع نادي الغرافة الرياضي كمُهاجم، وقائد سابق لمنتخب رومانيا تحت سن 21 لكرة القدم. يلعب بالقدم اليُسرى', 'روماني', 13, 0, 'NO'),
(310, 'كونستانتين بوديسكو', 'Constantin Budescu', '1989-02-19', '1464710824', 80, 86, 'Right', 79, 185, '', '', '', 23, '2016-06-01 11:38:39', '2016-05-31 15:07:04', 10, 'مهاجم', 'الفرق الحالية: نادي داليان أربين ', 'روماني', 13, 0, 'NO'),
(311, 'فلوران أندوني', 'Florin Andone', '1993-04-11', '1464767995', 96, 86, 'Right', 78, 182, '', '', '', 24, '2016-06-01 11:48:22', '2016-06-01 06:59:55', 9, 'مهاجم', 'الفرق الحالية: نادي قرطبة ', 'روماني', 13, 0, 'NO'),
(312, 'دنيس أليبك', 'Denis Alibec', '1991-01-05', '1464768352', 125, 86, 'Right and Left', 77, 187, '', '', '', 26, '2016-06-01 11:49:20', '2016-06-01 07:05:52', 10, 'مهاجم', 'الفرق الحالية: نادي أسترا جورجو', 'روماني', 13, 0, 'NO'),
(313, 'دنيس أليبك', 'Denis Alibec', '1991-01-05', '1464768352', 125, 86, 'Right and Left', 77, 187, '', '', '', 26, '2016-06-01 11:49:10', '2016-06-01 07:05:52', 10, 'مهاجم', 'الفرق الحالية: نادي أسترا جورجو', 'روماني', 13, 0, 'NO'),
(314, 'غابرييل تورجي', 'Gabriel Torje', '1989-11-22', '1464769109', 98, 86, 'Right and Left', 71, 168, '', '', '', 25, '2016-06-01 11:11:54', '2016-06-01 07:18:29', 11, 'مهاجم', 'لاعب كرة قدم روماني يلعب حالياً لنادي غرناطة الإسباني على على سبيل الإعارة من أودينيزي. ويجيد اللعب كجناح أيسر. تم اختياره كأفضل لاعب كرة قدم روماني في عام 2011.', 'روماني', 13, 0, 'NO'),
(315, 'روبرت ألمير', 'Robert Almer', '1984-03-20', '1464769717', 484, 108, 'Right', 88, 194, '', '', '', 26, '2016-06-01 11:30:02', '2016-06-01 07:28:37', 1, 'حارس مرمى', 'الفرق الحالية: أوستريا فيينا', 'نمساوي', 3, 0, 'NO'),
(316, 'نيكولاي ستانسيو', 'Nicolae Stanciu', '1993-05-07', '1464770013', 923, 86, 'Right', 63, 168, '', '', '', 23, '2016-06-01 11:41:54', '2016-06-01 07:33:33', 10, 'خط وسط', 'الفرق الحالية: ، نادي ستيوا بوخارست ', 'روماني', 13, 0, 'NO'),
(317, 'هاينز لايندنر', '', '1990-07-17', '1464770205', 482, 108, 'Right', 80, 187, '', '', '', 26, '2016-06-01 11:40:38', '2016-06-01 07:36:45', 0, 'حارس مرمى', 'في يناير كانون الثاني عام 2015، وكان ليندنر وشك نقلها إلى الدوري الاسباني نادي قرطبة ، ولكن فشلت صفقة الانتقال عن طريق. يندنر بدلا افق على نقل مع النادي الألماني اينتراخت فرانكفورت\r\nجعل يندنر اول مباراة له مع منتخب بلاده الأول في 1 حزيران 2012، في الفوز 3-2 على أوكرانيا في مباراة ودية', 'نمساوي', 3, 0, 'NO'),
(318, 'رمضان اوزكان', '', '1984-06-28', '1464770862', 924, 108, 'Right and Left', 84, 187, '', '', '', 26, '2016-06-01 11:31:30', '2016-06-01 07:47:42', 0, 'حارس مرمى', 'يحمل أوزكان ايضا الجنسية التركية\r\nرقم اللاعب في النادي:   1', 'نمساوي', 3, 0, 'NO'),
(319, 'اليكسندر دراجوفيتش', '', '1991-06-03', '1464771300', 498, 108, 'Right', 79, 186, '', '', '', 26, '2016-06-01 11:39:29', '2016-06-01 07:55:00', 3, 'مدافع', 'النادي:	دينامو كييف - أوكرانيا\r\nرقم اللاعب في النادي:   6\r\n', 'نمساوي', 3, 0, 'NO'),
(320, 'كريستيان فوتشس', '', '1986-04-07', '1464771479', 925, 108, 'Left', 80, 186, '', '', '', 26, '2016-06-01 11:41:13', '2016-06-01 07:57:59', 5, 'مدافع', 'النادي:	ليستر سيتي - إنجلترا\r\nرقم اللاعب في النادي:   28', 'نمساوي', 3, 0, 'NO'),
(321, 'مارتن هينتيرغير', '', '1992-09-07', '1464771740', 927, 108, 'Right and Left', 78, 184, '', '', '', 27, '2016-06-01 11:30:58', '2016-06-01 08:02:20', 0, 'مدافع', 'النادي:	بوروسيا مونشنغلادباخ - ألمانيا\r\nرقم اللاعب في النادي:   5', 'نمساوي', 3, 0, 'NO'),
(323, 'لوشيان سانمارتيان', 'Lucian Sânmărtean', '1980-03-13', '1464771935', 97, 86, 'Right', 70, 175, '', '', '', 23, '2016-06-01 11:33:50', '2016-06-01 08:05:35', 17, 'خط وسط', '\r\nهو لاعب كرة قدم روماني يلعب بخانة الوسط في نادي الإتحاد السعودي ', 'روماني', 13, 0, 'NO'),
(324, 'فلوريان كلين ', '', '1986-11-17', '1464771981', 482, 108, 'Right', 72, 188, '', '', '', 0, '2016-06-01 11:47:56', '2016-06-01 08:06:21', 0, 'مدافع', 'النادي:	شتوتجارت - ألمانيا\r\nرقم اللاعب في النادي:   16', 'نمساوي', 3, 0, 'NO');
INSERT INTO `players` (`id`, `name`, `nickname`, `birth_date`, `flag`, `city_id`, `country_id`, `prefered_foot`, `weight`, `height`, `facebook`, `twitter`, `instagram`, `speed`, `updated_at`, `created_at`, `num`, `position`, `addition_info`, `nationality`, `team_id`, `team_number`, `best`) VALUES
(325, 'أليكسي بيريزوتسكي', 'Aleksei Berezutski', '1982-06-20', '1464772155', 238, 89, 'Right', 87, 190, '', '', '', 28, '2016-06-01 11:02:36', '2016-06-01 08:09:15', 6, 'مدافع', 'أليكسي بريزيفتسكي (بالروسية: ексей Березуцкий)، من مواليد 20 يونيو 1982 في موسكو في روسيا، لاعب كرة قدم روسي.\r\nيلعب مع نادي سيسكا موسكو منذ عام 2001.\r\nبدأ باللعب مع منتخب روسيا لكرة القدم في عام 2003.', 'روسي', 17, 0, 'NO'),
(326, 'سباستيان برودل ', '', '1987-06-21', '1464772170', 494, 108, 'Right', 85, 194, '', '', '', 27, '2016-06-01 11:25:36', '2016-06-01 08:09:30', 0, 'مدافع', 'النادي:	واتفورد - إنجلترا	\r\nرقم اللاعب في النادي:   5', 'نمساوي', 3, 0, 'NO'),
(327, 'ماركوس سوتنر', '', '1987-04-06', '1464772329', 929, 108, 'Right and Left', 75, 173, '', '', '', 25, '2016-06-01 11:38:18', '2016-06-01 08:12:09', 5, 'مدافع', 'النادي:	إنغولشتات\r\nرقم اللاعب في النادي:   29', 'نمساوي', 3, 0, 'NO'),
(328, 'فاسيلي بيريزوتسكي', 'Vasili Berezutski', '1982-06-20', '1464772538', 238, 89, 'Right', 87, 189, '', '', '', 27, '2016-06-01 11:50:35', '2016-06-01 08:15:38', 14, 'مدافع', 'فاسيلي بريزيفتسكي ، من مواليد 20 يونيو 1982 في موسكو في روسيا ، لاعب كرة قدم روسي.\r\nيلعب مع نادي سيسكا موسكو منذ عام 2002.\r\nبدأ باللعب مع منتخب روسيا لكرة القدم في عام 2003.\r\n◄ ع ن ت\r\nتشكيلة منتخب روسيا – كأس العالم لكرة القدم 2014\r\n', 'روسي', 17, 0, 'NO'),
(329, 'كيفين فيمر', '', '1992-11-15', '1464772689', 930, 108, 'Left', 85, 188, '', '', '', 26, '2016-06-01 11:36:39', '2016-06-01 08:18:09', 0, 'مدافع', 'النادي:	توتنهام هوتسبير - إنجلترا\r\nرقم اللاعب في النادي:   27', 'نمساوي', 3, 0, 'NO'),
(330, 'سيرغي إيغناشيفيتش', 'Sergei Ignashevich', '1979-07-14', '1464772913', 238, 89, 'Right', 84, 187, '', '', '', 0, '2016-06-01 12:11:19', '2016-06-01 08:21:53', 4, 'مدافع', 'سيرجي إيغناشيفيتش ، من مواليد 14 يوليو 1979 في موسكو في روسيا ، لاعب كرة قدم روسي.\r\nيلعب مع نادي سيسكا موسكو منذ عام 2004.\r\nبدأ باللعب مع منتخب روسيا لكرة القدم في عام 2002.', 'روسي', 17, 0, 'NO'),
(331, 'دافيد ألابا', '', '1992-06-24', '1464772966', 498, 108, 'Left', 76, 180, '', '', '', 26, '2016-10-16 13:41:55', '2016-06-01 08:22:46', 0, 'خط وسط', 'النادي:	بايرن ميونيخ - ألمانيا\r\n	رقم اللاعب في النادي:   27', 'نمساوي', 3, 0, 'NO'),
(332, 'جوليان باومجارتلينجر', '', '1982-01-12', '1464773396', 496, 108, 'Right', 82, 183, '', '', '', 27, '2016-06-01 11:56:15', '2016-06-01 08:29:56', 0, 'خط وسط', '', 'نمساوي', 3, 0, 'NO'),
(333, 'جيورجي جاريكس', '', '1984-03-08', '1464774148', 931, 155, 'Right and Left', 76, 183, '', '', '', 26, '2016-06-01 11:51:05', '2016-06-01 08:42:28', 14, 'مدافع', 'النادي:	دارم شتات - ألمانيا	\r\nرقم اللاعب في النادي:   13', 'نمساوي', 3, 0, 'NO'),
(336, 'جورجي شينكوف', 'Georgi Schennikov', '1991-04-27', '1464774445', 238, 89, 'Left', 75, 180, '', '', '', 28, '2016-06-01 12:14:18', '2016-06-01 08:47:25', 21, 'مدافع', 'جورجي ميخائيلوفيتش Shchennikov ( الروسية : Георгий Михайлович Щенников؛ ولد 27 أبريل 1991) هو الروسية لاعب كرة القدم الذي يلعب في مركز الظهير الأيسر ل نادي سيسكا موسكو . ويلعب أيضا لل فريق القومي الروسي . وهو ابن السباق الميدالية الأولمبية وكر ميخائيل Shchennikov ', 'روسي', 17, 0, 'NO'),
(337, 'أندريه بريبليتا', 'Andrei Prepeliţă', '1985-12-08', '1464774541', 117, 86, 'Right', 79, 178, '', '', '', 25, '2016-06-01 11:03:33', '2016-06-01 08:49:01', 30, 'خط وسط', 'الفرق الحالية: نادي لودوجوريتس رازجراد ', 'روماني', 13, 0, 'NO'),
(338, 'ستيفان إيلسانكر', ' Alessandro Schöpf ', '1989-05-18', '1464774583', 934, 108, 'Right and Left', 86, 189, '', '', '', 27, '2016-06-01 11:22:55', '2016-06-01 08:49:43', 0, 'خط وسط', 'النادي:	لايبزيغ - ألمانيا', 'نمساوي', 3, 0, 'NO'),
(339, 'ميهاي بينتيلي', 'Mihai Pintilii', '1984-11-09', '1464774690', 134, 86, 'Left', 78, 180, '', '', '', 23, '2016-06-01 11:43:53', '2016-06-01 08:51:30', 8, 'مهاجم', 'هو لاعب كرة القدم روماني ، كان لاعب سابق في نادي الهلال السعودي]] , حقق مع ستيوابوخراست الدوري مرتين متتاليتين', 'روماني', 13, 0, 'NO'),
(340, 'جاكوب جانتشر', '', '1989-01-18', '1464774764', 494, 108, 'Right and Left', 70, 178, '', '', '', 26, '2016-06-01 11:51:54', '2016-06-01 08:52:44', 0, 'خط وسط', '', 'نمساوي', 3, 0, 'NO'),
(341, 'رومان شيشكين', 'Roman Shishkin', '1987-01-27', '1464774790', 210, 89, 'Right', 73, 176, '', '', '', 0, '2016-06-01 12:09:46', '2016-06-01 08:53:10', 2, 'مدافع', '', 'روسي', 17, 0, 'NO'),
(342, 'أوفيديو هوبان', 'Ovidiu Hoban', '1982-12-27', '1464774851', 87, 86, 'Right and Left', 80, 182, '', '', '', 21, '2016-06-01 10:59:16', '2016-06-01 08:54:11', 5, 'خط وسط', 'الفرق الحالية: نادي هابويل بئر سبع\r\n \r\n', 'روماني', 13, 0, 'NO'),
(343, 'ستيليانو فيليب', 'Steliano Filip', '1994-05-15', '1464775091', 95, 86, 'Right', 73, 177, '', '', '', 22, '2016-06-01 11:21:30', '2016-06-01 08:58:11', 3, 'خط وسط', 'الفرق الحالية: دينامو بوخارست', 'روماني', 13, 0, 'NO'),
(344, 'جينيزوفش زلاتكو', 'Zlatko Junuzovic', '1987-09-26', '1464775105', 933, 156, 'Left', 69, 172, '', '', '', 26, '2016-06-01 11:51:17', '2016-06-01 08:58:25', 0, 'خط وسط', 'النادي:	فيردر بريمن - ألمانيا	\r\nرقم اللاعب في النادي:   16', 'نمساوي', 3, 0, 'NO'),
(345, 'ألكساندرو شيبسيو', 'Alexandru Chipciu', '1989-05-18', '1464775212', 91, 86, 'Right', 74, 177, '', '', '', 21, '2016-06-01 11:02:05', '2016-06-01 09:00:12', 7, 'حارس مرمى', 'الفرق الحالية: نادي ستيوا بوخارست', 'روماني', 13, 0, 'NO'),
(346, 'إيغور سمولنيكوف', 'Igor Smolnikov', '1988-08-08', '1464775214', 932, 89, 'Right', 70, 178, '', '', '', 28, '2016-06-01 10:57:37', '2016-06-01 09:00:14', 3, 'مدافع', '', 'روسي', 17, 0, 'NO'),
(347, 'ستيفان إيلسانكر', ' Alessandro Schöpf ', '1989-05-15', '1464775441', 310, 108, 'Right and Left', 86, 189, '', '', '', 27, '2016-06-01 11:23:22', '2016-06-01 09:04:01', 0, 'خط وسط', '', 'نمساوي', 3, 0, 'NO'),
(348, 'ماركو ارناوتوفيتش', '', '1989-04-19', '1464776431', 510, 108, 'Right and Left', 83, 193, '', '', '', 27, '2016-06-01 11:32:18', '2016-06-01 09:20:31', 0, 'خط وسط', 'النادي:	ستوك سيتي - إنجلترا	\r\nرقم اللاعب في النادي:   10', 'نمساوي', 3, 0, 'NO'),
(350, 'alaa', 'alaa', '2001-11-18', '1464779797', 31, 81, 'Right', 2, 2, '', '', '', 2, '2016-06-01 10:25:39', '2016-06-01 10:16:37', 3, 'حارس مرمى', 'aa', 'aa', 11, 0, 'NO'),
(352, 'لوكاس هينتيرسير ', '', '1991-03-28', '1464786119', 934, 108, 'Right and Left', 86, 192, '', '', '', 28, '2016-06-01 12:01:59', '2016-06-01 12:01:59', 0, 'مهاجم', 'النادي:	إنغولشتات \r\nرقم اللاعب في النادي:   16', 'نمساوي', 3, 0, 'NO'),
(353, 'مارك يانكو', '', '1983-06-25', '1464786425', 485, 108, 'Left', 93, 196, '', '', '', 28, '2016-06-01 12:07:05', '2016-06-01 12:07:05', 0, 'مهاجم', 'النادي:	بازل - سويسرا	\r\nرقم اللاعب في النادي:   21', 'نمساوي', 3, 0, 'NO'),
(354, 'ريوبين أوكوتي', '', '1987-06-06', '1464786598', 514, 128, 'Right and Left', 84, 188, '', '', '', 26, '2016-06-01 12:09:58', '2016-06-01 12:09:58', 0, 'مهاجم', '', 'نمساوي', 3, 0, 'NO'),
(356, 'مارسيل سابيتسر', '', '1994-03-17', '1464786814', 504, 108, 'Right and Left', 74, 177, '', '', '', 26, '2016-06-01 12:13:34', '2016-06-01 12:13:34', 0, 'خط وسط', 'النادي:	ريد بول سالزبورغ - النمسا	\r\nرقم اللاعب في النادي:   7', 'نمساوي', 3, 0, 'NO'),
(358, 'روى باتريشيو', '', '1988-02-15', '1464787138', 935, 109, 'Left', 84, 190, '', '', '', 0, '2016-06-01 12:19:49', '2016-06-01 12:18:58', 1, 'حارس مرمى', '', 'برتغالي ', 24, 0, 'NO'),
(360, 'أنتوني لوبيز', '', '1990-10-01', '1464787509', 936, 81, 'Left', 81, 184, '', '', '', 26, '2016-06-01 12:26:06', '2016-06-01 12:25:09', 12, 'حارس مرمى', 'النادي:	ليون - فرنسا	\r\nرقم اللاعب في النادي:   1', 'برتغالي', 24, 0, 'NO'),
(364, 'إدواردو كارفالهو', 'دودو', '1982-09-19', '1464788244', 938, 126, 'Right', 84, 187, '', '', '', 26, '2016-06-01 12:52:37', '2016-06-01 12:37:24', 22, 'حارس مرمى', '\r\nنمت ادواردو يصل في ريو دي جانيرو حي بانغو وجعل خطواته الأولى في عالم كرة القدم مع نادي الاتحاد البرازيلي نوفا كينيدي و بانغو أتلتيكو كلوب ،على الرغم من أنه لم يلعب بانتظام في فئات الشباب. وقد لوحظ انه في وقت لاحق من دينامو زغرب الكشافة الصورة وانضمت فرقة شباب النادي في سبتمبر 1999. ادواردو بقي في دينامو للمحاكمة حتى ديسمبر كانون الاول عام 1999، وعاد الى النادي في فبراير 2000، بدأت تلعب بشكل منتظم لمن فرقة تحت 17 عاما. وجدت ادواردو طريقه إلى الفريق الأول في صيف عام 2001، على الرغم من معاناة بعض الإصابات في وقت مبكر من حياته المهنية\r\nقوم إدواردو أفضل لدينامو زغرب في البطولة الكرواتية، مسجلا 18 هدفا في 18 مباراة حتى العطلة الشتوية للموسم 2006-07، بما في ذلك ثلاثة أقواس و هاتريك ، وإضافة سبع تمريرات أخرى لرصيده. وبالإضافة إلى ذلك، وقال انه كان اللاعب الوحيد الذي ظهر في كل من 18 مباراة النادي قبل العطلة الشتوية، ويجري أيضا في التشكيلة الاساسية في كل من 18 مباراة. في منتصف نوفمبر تشرين الثاني عام 2006، وسجل اثنين هاتريك في مباراتين متتاليتين لعب ل كرواتيا ودينامو زغرب في مدة أربعة أيام.\r\n\r', 'برتغالي', 24, 0, 'NO'),
(367, 'رومان نيوستادتر', 'Roman Neustädter', '1988-02-18', '1464788695', 635, 113, 'Right', 73, 176, '', '', '', 28, '2016-06-01 12:44:55', '2016-06-01 12:44:55', 5, 'خط وسط', '', 'روسي', 17, 0, 'NO'),
(368, 'إيغور دينيسوف', 'Igor Denisov', '1984-05-17', '1464788924', 822, 89, 'Right', 70, 176, '', '', '', 28, '2016-06-01 12:48:44', '2016-06-01 12:48:44', 7, 'خط وسط', 'إيغور فلاديميروفيتش دينيسوف (بالروسية: Игорь Владимирович Денисов) (مواليد 17 مايو 1984 في سانت بطرسبرغ، الاتحاد السوفييتي) لاعب كرة قدم روسي يجيد اللعب في مركز الوسط المدافع والوسط المحوري ويلعب حاليا في نادي زينيت سانت بطرسبرغ الروسي منذ 2001.', 'روسي', 17, 0, 'NO'),
(371, 'دينيس غلوشاكوف', 'Denis Glushakov', '1987-01-27', '1464789425', 943, 89, 'Right and Left', 80, 182, '', '', '', 28, '2016-06-01 12:57:05', '2016-06-01 12:57:05', 8, 'خط وسط', 'دينيس بوريسوفيتش غلوشاكوف (بالروسية: Денис Борисович Глушаков) (مواليد 27 يناير 1987 في ميليروفو، الاتحاد السوفييتي) لاعب كرة قدم روسي يجيد اللعب في مركز الوسط المهاجم ويلعب حاليا في نادي لوكوموتيف موسكو الروسي منذ 2005.\r\nمصادر', 'روسي', 17, 0, 'NO'),
(372, 'برونو ألفيس', '', '1981-11-27', '1464789570', 362, 109, 'Right', 80, 187, '', '', '', 26, '2016-06-01 12:59:30', '2016-06-01 12:59:30', 2, 'مدافع', 'ألفيس لعب مرتين ل البرتغال في دورة الالعاب الاولمبية الصيفية لعام 2004 ، مع مشاركة البلاد تنتهي بعد ثلاث مباريات في اليونان. لويز فيليبي سكولاري قدم له الدولية كاملة لاول مرة في يونيو 2007 ضد الكويت في 1-1 بعيدا رسم، وكان ثم اختير نسخة احتياطية ل كأس الأمم الأوروبية 2008 ، والتي تظهر في فقدان مرحلة 0-2 مجموعة ضد سويسرا .\r\n\r\nالمبتدئين العادية خلال نهائيات كأس العالم لكرة القدم 2010 تصفيات ، توجه ألفيس هدف الفوز في الوقت المحتسب بدل الضائع للفوز 2-1 النهائي في ألبانيا في 6 يونيو 2009،كما وصلت البرتغال في نهاية المطاف ملحق التصفيات. هناك، في مباراة الذهاب في لشبونة ، وجد أيضا في الشباك (اللعبة الهدف الوحيد) ضد البوسنة والهرسك ، وذلك في 2-0 التأهيل الكلي في نهاية المطاف. كما لعب كل المباريات ودقيقة في نهائيات كأس العالم في جنوب أفريقيا، في نهاية المطاف جولة من 16 خروج.\r\n\r\nألفيس لعب جميع الألعاب ودقيقة في يورو 2012 البطولة، الى جانب بطولة زميله السابق لبورتو البرتغالي بيبي. في الدور نصف النهائي ضد اسبانيا ، وقال انه غاب عن بركلات الترجيح محاولة، في نهاية المطاف 2-4 الخسارة (0-0 بعد 120 دقيق', 'برتغالي', 24, 0, 'NO'),
(373, 'بافيل ماماييف', 'Pavel Mamaev', '1988-09-17', '1464789739', 238, 89, 'Right', 70, 178, '', '', '', 0, '2016-06-01 13:02:19', '2016-06-01 13:02:19', 11, 'خط وسط', '', 'روسي', 17, 0, 'NO'),
(374, 'بافيل ماماييف', 'Pavel Mamaev', '1988-09-17', '1464789739', 238, 89, 'Right', 70, 178, '', '', '', 0, '2016-06-01 13:02:19', '2016-06-01 13:02:19', 11, 'خط وسط', '', 'روسي', 17, 0, 'NO'),
(376, 'أليكسندر جولوفين', 'Aleksandr Golovin', '1996-05-30', '1464790095', 944, 89, 'Right', 69, 180, '', '', '', 28, '2016-06-01 13:08:15', '2016-06-01 13:08:15', 13, 'خط وسط', '', 'روسي', 17, 0, 'NO'),
(378, 'كيبلير لافيران بيبي', 'بيبي', '1983-02-26', '1464790264', 312, 109, 'Right', 81, 188, '', '', '', 26, '2016-06-01 13:11:04', '2016-06-01 13:11:04', 3, 'مدافع', 'ولد في البرازيل، بيبي ممثلة البرتغال أكثر من 60 مرات، واللعب على اثنين من كأس العالم وهما بطولة كأس الامم الاوروبية .\r\nلعب كرة القدم مع المحليين نادي الرياضة كورنثوس وانتقل إلى البرتغال ووقع مع نادي ماريتيمو في جزيرة ماديرا \r\nخلال صيف عام 2004، وقعت بيبي مع أعلى تقسيم عمالقة بورتو ل € 1 مليون دولار بالاضافة الى ثلاثة لاعبين\r\nوذكر بند في الاتفاق على أن ماريتيمو سيحصلون على 20٪ من أي رسوم نقل في المستقبل.\r\n\r\nفي الموسم الأول له مع المدرب الاسباني فيكتور فرنانديز في سدة الحكم، كان بيبي في الغالب تستخدم على سبيل الاحتياط، ولعب تحت قدامى المحاربين بيدرو ايمانويل ، خورخي كوستا والمدافع فائدة ريكاردو كوستا . ومع ذلك، في العام التالي ، بتوجيه من كو ادريانسي ، كان لديه موسم اختراق، ووضع نفسه باعتباره واحدا من أفضل المدافعين في المنافسة المحلية: الهولندي كثيرا ما اختار نظام هجومية 3-4-3 ، مع البرازيلي في كثير من الأحيان ضارية كما سدادة الطبيعية فقط. فاز بورتو في نهاية المطاف البطولات العودة إلى الوراء ولعام 2006 كأس البرتغال . \r\nفي 10 يوليو 2007 ريال مدريد وقع بيبي على عقد لمدة خمس سنوات، مقابل ر', 'برتغالي', 24, 0, 'NO'),
(379, 'رومان شيروكوف', 'Roman Shirokov', '1981-07-06', '1464790429', 945, 89, 'Right', 80, 183, '', '', '', 28, '2016-06-01 13:13:49', '2016-06-01 13:13:49', 15, 'خط وسط', '', 'روسي', 17, 0, 'NO'),
(380, 'جوزيه فونتي', '', '1983-12-22', '1464790581', 366, 109, 'Right and Left', 81, 187, '', '', '', 26, '2016-06-01 13:16:21', '2016-06-01 13:16:21', 4, 'مدافع', 'بعد أن سجل سبعة أهداف في الدوري ومساعدة ساوثامبتون تعزيز مكاسب على المستوى الثاني، وكان اسمه فونتي في جامعة واحدة فريق من السنة ل موسم 2010-11 . كما حصل على لقب لاعب ساوثامبتون من السنة، وتحقيق 64٪ من إجمالي أصوات الناخبين، مع آدم لالانا في المرتبة الثانية مع 18٪ و دان هاردينغ الانتهاء من الثالثة (7٪). \r\n\r\nفي 29 ديسمبر 2011، وقعت فونتي عقدا جديدا إبقائه في النادي حتى عام 2015. وكان ساوثامبتون العلوي من الجدول عندما وقع مع اللاعب بعد أن ظهرت في كل مباراة في الدوري، [11] وساهم في نهاية المطاف مع 42 مباراة واحدة الهدف (ضد كوفنتري سيتي في الجولة الأخيرة )، والجانب حققت المسابقة الثانية على التوالي .\r\n\r\nجعل فونتي اول مباراة له في الدوري الممتاز يوم 19 أغسطس 2012، لعب 90 دقيقة كاملة في خسارة خارج ملعبه 2-3 ضد مانشستر سيتي  كما انه سجل أول هدف له في الدوري الممتاز (ق) في فخ التعادل 2-2 على أرضه ضد فولهام يوم 7 أكتوبر، والذين يصلون الثاني في الدقيقة الأخيرة . في 24 آب 2013، وسجل رأس في الدقيقة 89th لمباراة الاياب ضد سندرلاند ، وإنقاذ نقطة لفريقه.\r\n\r\nيوم 23 يناير عام 2014، تعرضت لهجوم فونتي زمي', 'برتغالي', 24, 0, 'NO'),
(382, 'رافائيل جوريرو ', '', '1993-12-22', '1464790955', 228, 81, 'Left', 67, 170, '', '', '', 27, '2016-06-01 13:22:35', '2016-06-01 13:22:35', 5, 'مدافع', 'على الرغم من ولدت في فرنسا ، قبلت جيريرو الدعوة لتمثيل البرتغالية تحت 21S بعد أن رصدت من قبل روي جورج الجهاز الفني الصورة، مما يجعل ظهوره لأول مرة في 21 مارس 2013 في الهزيمة 0-1 على أرضه ضد السويد . \r\n\r\nفي 7 تشرين الثاني عام 2014، على الرغم من أنه نادرا ما تحدث اللغة ،تم استدعائه من قبل فرناندو سانتوس إلى جانب الكامل ل كأس الأمم الأوروبية 2016 تصفيات ضد أرمينيا و دية مع الأرجنتين . كان أول ظهور له في 14 نوفمبر ضد خصمها السابق، ولعب كامل فوز 1-0 في فارو .  بعد أربعة أيام، ضد هذا الأخير، وسجل في اللحظة الأخيرة لهدف المباراة الوحيد في أولد ترافورد .\r\n\r\nعاد جيريرو إلى تحت 21S ل كأس بطولة 2015 الأوروبي في جمهورية التشيك، ومساعدتهم يحتل المركز الثاني. وكان واحدا من خمسة البرتغالية المدرجة في الفريق من البطولة.\r\n____________________________\r\nالنادي:	لوريان - فرنسا	\r\nرقم اللاعب في النادي:   14', 'برتغالي', 24, 0, 'NO'),
(383, 'أوليج شاتوف', 'Oleg Shatov', '1990-07-29', '1464791196', 947, 89, 'Right', 73, 173, '', '', '', 29, '2016-06-01 13:26:36', '2016-06-01 13:23:28', 17, 'خط وسط', '', 'روسي', 17, 0, 'NO'),
(385, 'ريكاردو كارفالهو', '', '1978-05-18', '1464791279', 382, 109, 'Right', 79, 183, '', '', '', 26, '2016-06-01 13:27:59', '2016-06-01 13:27:59', 6, 'مدافع', 'فاز كارفاليو ثاني لقب له في الدوري على التوالي، والأول له في دوري أبطال أوروبا العنوان، الذي البطولة اختير أفضل مدافع في البطولة . وفي يوليو 2004، نقل كارفاليو إلى تشيلسي مقابل رسوم أقل بقليل من 30 مليون €. مع البلوز، وقال انه فاز مرتين في الدوري الممتاز القاب متتالية واحدة كأس دوري في أول موسمين له. في عام 2008، وقال انه ساعد النادي على الوصول إلى نهائي دوري أبطال أوروبا للمرة الأولى في تاريخهم، لعبة خسر 6-5 على عقوبات ضد مانشستر يونايتد . في نفس العام، وكان صوت من قبل زملائه تشلسي لاعب 2008 اللاعبين تشيلسي في السنة. بعد ذلك بعامين، في موسم 2009-10، وساعد كارفاليو البلوز الفوز في أول بطولة منذ عام 2006 و كأس الاتحاد الانجليزي ، من خلال الفوز بهذه الكأس الماضي تشيلسي حصل على أول مضاعفة في تاريخ النادي. في آب 2010، بعد ست سنوات مع تشلسي، وقال انه نقل الى ريال مدريد مقابل رسم قدره 6700000 £.\r\n\r\nفي كرة القدم الدولية، بدأت كارفاليو مهنة المنتخب الوطني في 11 أكتوبر 2003 في مباراة ودية ضد ألبانيا . كان يمثل البرتغال في كأس الأمم الأوروبية 2004 ، 2006 كأس العالم لكرة القدم ، كأس الأمم الأوروب', 'برتغالي', 24, 0, 'NO'),
(386, 'أليسؤ بيريرا دوس سانتوس', 'إليسيو', '1983-10-01', '1464791486', 364, 109, 'Left', 76, 180, '', '', '', 27, '2016-06-01 13:31:26', '2016-06-01 13:31:26', 19, 'مدافع', 'النادي:	بنفيكا - البرتغال	\r\nرقم اللاعب في النادي:   19', 'برتغالي', 24, 0, 'NO'),
(387, 'أوليغ إيفانوف', 'Oleg Ivanov', '1986-08-04', '1464791542', 238, 89, 'Right', 87, 192, '', '', '', 28, '2016-06-01 13:32:22', '2016-06-01 13:32:22', 18, 'خط وسط', 'أوليغ إيفانوف ، من مواليد 4 أغسطس 1986 في موسكو في روسيا، لاعب كرة قدم روسي.\r\nيلعب مع نادي كريليا سوفيتوف سامارا منذ عام 2008.\r\nبدأ باللعب مع منتخب روسيا لكرة القدم في عام 2008.\r\nمشاريع شقيقة في كومنز صور وملفات عن: أوليغ إيفانوف\r\n▼ ع ن ت\r\nروسيا – نصف نهائي كأس الأمم الأوروبية 2008\r\n1 أكينفيف • 2 بيريزوتسكي • 3 يانباييف • 4 إيغناشيفيتش • 5 بيريزوتسكي • 6 أداموف • 7 تروبنسكي • 8 كولودين • 9 ساينكو • 10 أرشافين • 11 سيماك القائد • 12 غابولوف • 13 إيفانوف • 14 شيروكوف • 15 بيلياليتدينوف • 16 مالافيف • 17 زيريانوف • 18 جيركوف • 19 بافليوتشينكو • 20 سيمشوف • 21 سيتشيف • 22 أنيوكوف • 23 بيستروف • المدرب: هيدينك\r\nروسيا\r\n', 'روسي', 17, 0, 'NO'),
(389, 'الكسندر ساميدوف', 'Aleksandr Samedov', '1984-07-19', '1464791828', 238, 89, 'Right', 75, 177, '', '', '', 28, '2016-06-01 13:37:08', '2016-06-01 13:37:08', 19, 'خط وسط', '', 'روسي', 17, 0, 'NO'),
(391, 'جواو موتينهو', '', '1986-09-08', '1464791982', 406, 109, 'Right', 61, 170, '', '', '', 27, '2016-06-01 13:39:42', '2016-06-01 13:39:42', 8, 'خط وسط', ' بدأ حياته المهنية مع سبورتنج ، وتتحرك في عام 2010 ل بورتو والفوز 12 لقبا كبيرة بين الناديين معا. بعد أربع سنوات، وقال انه نقل الى موناكو مقابل 25 مليون €.\r\n\r\nممثلة موتينيو المنتخب البرتغالي في ثلاث بطولات أوروبية و كأس العالم 2014 . \r\n موتينيو لعب جميع الألعاب ودقيقة في يورو 2012 البطولة. في الدور قبل النهائي ضد اسبانيا ، وقال انه غاب عن بركلات الترجيح محاولة، في نهاية المطاف 2-4 الخسارة (0-0 بعد 120 دقيقة). \r\n\r\nوقد تم اختيار موتينيو من قبل مدرب سبورتنج السابق بينتو ل كأس العالم 2014 ، اول ظهور له في البطولة يوم 16 يونيو في مرحلة الهزيمة 0-4 مجموعة إلى ألمانيا . في 8 أكتوبر عام 2015، وسجل هدف المباراة الوحيد كما هزم البرتغال الدنمارك في ملعب بلدية براغا ل ضمان التأهل ل نهائيات كأس الامم الاوروبية 2016 ، وثلاثة أيام وكان في وقت لاحق أيضا على لائحة الهدافين في الفوز بنتيجة 2-1 خارج أرضه أمام صربيا التي أكدت موقف فريقه كما متصدر المجموعة. \r\n__________________\r\nالنادي:	موناكو - فرنسا	\r\nرقم اللاعب في النادي:   8', 'برتغالي', 24, 0, 'NO'),
(392, 'دميتري تروبنسكي', 'Dmitri Torbinski', '1984-04-28', '1464792251', 949, 89, 'Right', 60, 172, '', '', '', 25, '2016-06-01 13:44:11', '2016-06-01 13:44:11', 20, 'خط وسط', 'دميتري تروبنسكي، من مواليد 28 أبريل 1984 في نورليسك في الإتحاد السوفييتي ، لاعب كرة قدم روسي.\r\nيلعب مع نادي لوكوموتيف موسكو منذ عام 2008.\r\nبدأ باللعب مع منتخب روسيا لكرة القدم في عام 2007.\r\nأيقونة بوابة', 'روسي', 17, 0, 'NO'),
(394, 'جواو ماريو', '', '1993-01-19', '1464792551', 406, 109, 'Right', 73, 179, '', '', '', 27, '2016-06-01 13:49:11', '2016-06-01 13:49:11', 16, 'خط وسط', 'كتسبت جواو ماريو 77 مباراة دولية لل برتغال على مستوى الشباب، بينهم ثمانية ل تحت 21S . وقدم أول مباراة دولية له كاملة في 11 تشرين الأول عام 2014، ليحل محل البرتغالي كريستيانو رونالدو لالنهائية 14 دقيقة من ودية ضد فرنسا في باريس : قريبا بعد نزوله كان عرقلة من قبل بول بوغبا ل عقوبة تحويلها عن طريق ريكاردو كواريسما ، في نهاية المطاف 1- 2 الخسارة. [4]\r\n\r\nجواو ماريو ممثلة البرتغال في بطولة كأس الأمم الأوروبية تحت 21 عاما في 2015 ، مسجلا هدف المباراة الوحيد من فوز الفريق اولى مبارياته على إنجلترا \r\nالأخ الأكبر جواو ماريو، ويلسون ، هو أيضا لاعب كرة قدم. تخرج أيضا من أكاديمية الشباب الرياضية\r\nالنادي:	سبورتينج لشبونة - البرتغال	\r\nرقم اللاعب في النادي:   17', 'برتغالي', 24, 0, 'NO'),
(396, 'دميتري كومباروف', 'Dmitri Kombarov', '1987-01-22', '1464792866', 238, 89, 'Right', 72, 181, '', '', '', 28, '2016-06-01 13:54:26', '2016-06-01 13:54:26', 23, 'خط وسط', '', 'روسي', 17, 0, 'NO'),
(397, 'أديلينو أندريه فييرا دي فريتاس', 'آديلينهو فيرينها ', '1986-01-24', '1464792880', 412, 109, 'Right and Left', 73, 172, '', '', '', 27, '2016-06-01 13:54:40', '2016-06-01 13:54:40', 11, 'خط وسط', 'النادي:	فولفسبورج - ألماني\r\nا	رقم اللاعب في النادي:   8', 'برتغالي', 24, 0, 'NO'),
(399, 'ألكساندر كوكورين', 'Aleksandr Kokorin', '1991-03-19', '1464793351', 953, 89, 'Right', 74, 181, '', '', '', 27, '2016-06-01 14:02:31', '2016-06-01 14:02:31', 9, 'مهاجم', 'ألكسندر ألكسندروفيتش كوكورين (بالروسية: Александр Александрович Кокорин) (مواليد 19 مارس 1991 في موسكو، الاتحاد السوفييتي) لاعب كرة قدم روسي يجيد اللعب في مركز المهاجم والجناح ويلعب حاليا في نادي دينامو موسكو الروسي منذ 2008', 'روسي', 17, 0, 'NO'),
(400, 'فيودور سمولوف', 'Fedor Smolov', '1990-02-09', '1464793873', 954, 89, 'Right', 80, 187, '', '', '', 27, '2016-06-01 14:11:13', '2016-06-01 14:11:13', 10, 'مهاجم', '', 'روسي', 17, 0, 'NO'),
(401, 'دانيلو بيريرا', '', '1991-09-09', '1464793885', 955, 157, 'Right', 78, 188, '', '', '', 26, '2016-06-01 14:14:08', '2016-06-01 14:11:25', 13, 'خط وسط', 'ولد في بيساو ، غينيا بيساو وأسرته انتقلت إلى البرتغال عندما كان في الخامسة. ولعب له كرة القدم للشباب مع ثلاثة أندية في لشبونة المنطقة، والانتهاء من تشكيل له مع بنفيكا .\r\n\r\nقررت بنفيكا في وقت لاحق ضد توقيع بيريرا الى عقد احتراف، والجانب الإيطالي بارما اكتسبها معه على انتقال حر . أمضى النصف الثاني من موسم 2010-11 على سبيل الإعارة إلى أريس سالونيكا FC في اليونان، وعند عودته إلى ملعب إنيو تارديني ، كان أول ظهور له في دوري الدرجة الاولى الايطالي في 21 ديسمبر 2011، المقبلة على أن يكون أواخر بديلا في التعادل 3-3 على أرضه ضد كاتانيا كالتشيو . \r\n\r\nل 2012-13 كان بيريرا على سبيل الاعارة مرة أخرى، والإنفاق على الحملة مع رودا كيركراده في الدوري الهولندي  ويكون أول خيار لمساعدة فريقه تجنب بصعوبة من الهبوط. في 1 أغسطس 2013 وقال انه حطم كل العلاقات مع بارما، وعاد إلى البرتغال، والانضمام إلى نادي ماريتيمو . \r\n\r\nيوم 2 يوليو عام 2015، بعد موسمين في ماديرا كما الخيار الأول، وقعت دانيلو عقدا لمدة أربع سنوات مع بورتو أيضا من الدوري البرتغالي لكرة القدم ، مع شرط الافراج عن 40 مليون €. \r\nالنادي:	بورتو - البرت', 'برتغالي', 24, 0, 'NO'),
(403, 'أرتيم دزيوبا', 'Artem Dzyuba', '1988-08-22', '1464794155', 238, 89, 'Right', 91, 196, '', '', '', 28, '2016-06-01 14:15:55', '2016-06-01 14:15:55', 22, 'مهاجم', '', 'روسي', 17, 0, 'NO'),
(405, 'ويليام كارفالو', '', '1992-04-07', '1464794405', 429, 124, 'Right', 83, 187, '', '', '', 26, '2016-06-01 14:20:05', '2016-06-01 14:20:05', 14, 'خط وسط', 'ولد في لواندا ، أنغولا ، انتقل كارفاليو الى البرتغال عندما كان مجرد بضع سنوات من العمر. كان جده برايا وعمه أفونسو أيضا لاعبي كرة القدم، ولعب لنادي الأنغولي بروجرسو \r\nيحق لكل من البرتغال و أنغولا ، اختار كارفاليو لتمثيل السابق. عندما كان لا يزال جزءا من البرتغال تحت 20S و الاتحاد الأنغولي لكرة القدم حاولت الاتصال به، ولكن تم رفض. \r\n\r\nقدم كارفاليو اول مباراة له مع البرتغالي تحت 21 فريق في 15 تشرين الأول 2012، في خسارة ودية 0-1 مع أوكرانيا . وسجل مرتين خلال بطولة كأس الأمم الأوروبية 2015 تحت 21 عاما المؤهلة ، في يفوز على أرضه ضد النرويج (5-)1و إسرائيل (3-0). \r\n\r\nوكان كارفاليو استدعي لأول مرة من قبل مدير الناحية الكامل باولو بينتو في نوفمبر تشرين الثاني عام 2013، ل كأس العالم 2014 لكرة القدم مباراة فاصلة ضد السويد . [14] وحصل على أول له غطاء في مباراة الإياب على 19، نزوله على بعد 73 دقيقة بديلا في 3-2 انتصار بعيدا عن المرمى (4-2 في مجموع المباراتين). \r\n\r\nيوم 19 مايو عام 2014، وكان اسمه كارفاليو في تشكيلة من 23 لاعبا النهائية للبطولة في البرازيل. أول ظهور له في البطولة يوم 22 يونيو، ولعب ال', 'برتغالي', 24, 0, 'NO'),
(407, 'أندريه غوميز', '', '1993-07-30', '1464794639', 359, 109, 'Right', 84, 188, '', '', '', 27, '2016-06-01 14:23:59', '2016-06-01 14:23:59', 15, 'خط وسط', 'النادي:	فالنسيا - أسبانيا	\r\nرقم اللاعب في النادي:   21', 'برتغالي', 24, 0, 'NO'),
(409, 'ريناتو سانشيز ', '', '1997-08-18', '1464795054', 360, 109, 'Right and Left', 75, 176, '', '', '', 26, '2016-06-01 14:30:54', '2016-06-01 14:30:54', 18, 'خط وسط', 'بعد سنة واحدة مع الفريق الرديف، في 2015-16 ، تمت ترقيته إلى الفريق الأول. في البداية فقط للدورات التدريبية.  وكان لا يزال يلعب في الاحتياط، وعلى 30 أغسطس 2015 وسجل أول هدف له في الخسارة 2-1 على فارزيم ، افتتاح التسجيل في غضون دقيقتين في وقت لاحق سبعة عشر يوما، وسجل اثنين من ركلتي جزاء في خسارة 3-2 على إيفس .في 21 أكتوبر في دوري أبطال أوروبا للشباب ، وسجل في فوز المرحلة 11-1 مجموعة على مضيفه غلطة سراي التركي وبعد تسعة أيام، أدلى سانشيز اول مباراة له مع الفريق الأول، لتحل محل جوناس في الدقيقة 74 من الفوز 4-0 ضد توندلا . \r\n\r\nبعد نهاية الشوط الاول الدولي في نوفمبر تشرين الثاني عام 2015، وقعت سانشيز عقدا جديدا مع بنفيكا حتى 2021، مع شرط الإفراج ضعت في 45000000 €.وفي 25، وقال انه كان أول ظهور له في التشكيل الأساسي للفريق، ولعب 90 دقيقة في 2-2 خارج ملعبه مع أستانا ل دوري أبطال أوروبا ''ق مرحلة المجموعات . يوم الاثنين التالي، بدأ سانشيز مرة أخرى في الفوز خارج الارض في براغا ، \r\n\r\n\r\n\r\n\r\n______________________\r\nالنادي:	بايرن ميونيخ - ألمانيا', 'برتغالي', 24, 0, 'NO'),
(411, 'رافائيل فيريرا سيلفا', ' Rafa Silva Rafa Silva', '1993-05-17', '1464795254', 957, 109, 'Right', 63, 170, '', '', '', 27, '2016-06-01 14:35:20', '2016-06-01 14:34:14', 10, 'مهاجم', 'النادي:	سبورتينغ براغا - البرتغال	 \r\nرقم اللاعب في النادي:   18', 'برتغالي', 24, 0, 'NO'),
(412, 'أدريين سيلفا ', ' Adrien Silva ', '1985-03-05', '1464795577', 31, 81, 'Right', 69, 175, '', '', '', 27, '2016-06-01 14:39:37', '2016-06-01 14:39:37', 23, 'خط وسط', 'النادي:	سبورتينج لشبونة - البرتغال	\r\nرقم اللاعب في النادي:   23', 'برتغالي', 24, 0, 'NO'),
(413, 'واين هينيسي', 'Wayne Hennessey', '1987-01-24', '1464795928', 142, 90, 'Right', 90, 198, '', '', '', 27, '2016-06-01 14:45:28', '2016-06-01 14:45:28', 1, 'حارس مرمى', 'واين هينيسي (مواليد 24 يناير 1987 في بانجور - ويلز) لاعب كرة قدم ويلزي يلعب حاليا لصالح نادي الدرجة الممتازة وولفرهامبتون واندررز الإنجليزي منذ 2003 في مركز حارس مرمى .', 'ويلزي ', 20, 0, 'NO'),
(414, 'كريستيانو رونالدو دوس سانتوس', 'كريستيانو رونالدو', '1995-02-05', '1464796314', 418, 109, 'Right and Left', 80, 185, '', '', '', 27, '2016-06-01 14:51:54', '2016-06-01 14:51:54', 7, 'مهاجم', 'ولد كريسيتانو رونالدو يوم 5 فبراير 1985 في سانت أنطونيو، وهو حي من أحياء مدينة فونشال، ماديرا، وهو الطفل الأصغر من ماريا دولوريس دوس سانتوس أفيرو، والتي تعمل طباخة. وجوزي دينيس أفيرو ويعمل بستاني المدينة.سمي كريستيانو باسم "رونالدو" بسبب حب والده للرئيس الأميركي الأسبق رونالد ريغن جعله يطلق اسم "رونالدو" على ابنه، حيث أن "رونالد" في الإنكليزية توازي "رونالدو" في البرتغالية، وله ثلاث إخوة هم الأخ الأكبر هوغو والأختان إلمّا وليليانا كاتيا جدة الأم واسمها إيزابيل أصولها من الرأس الأخضر.\r\nإنضم رونالدو إلى قائمة اللاعبين الشباب للتدريب في أكاديمية سبورتينغوهي أكاديمية لكرة القدم، تتواجد في مدينة ألكوشيتي المجاورة، وهو اللاعب الوحيد الذي لعب في كل الفئات السنية لنادي سبورتينغ (تحت 16، تحت 17، تحت 18، الفريق ب، الفريق الأول كل ذلك ضمن موسم واحدسجل أول أهدافه في أول مباراة له في الفريق الأول بالدوري المحلي يوم 7 أكتوبر 2002 بعد توقيعه ثنائية. والتي فاز بها نادي سبروتينغ بـ3-0 على نادي موريرنسي، في حين تميز مع منتخب البرتغال للشباب في بطولة الأمم الأوروبية تحت 17 سنة 2002\r\n\r\nفي سن 15 تم تشخيص ح', 'برتغالي', 24, 0, 'NO'),
(415, 'العوين فون وليامز', 'Owain Williams', '1987-03-17', '1464796394', 141, 90, 'Right', 77, 193, '', '', '', 27, '2016-06-01 14:53:14', '2016-06-01 14:53:14', 12, 'حارس مرمى', 'العوين فون ويليامز (ولد في 17 مارس 1987) هو الدولية الويلزية لاعب كرة القدم الذي يلعب ل الاسكتلندي الدوري الممتاز الجانب ثيستل . و حارس المرمى ، وقال انه قدم 271 مباراة في دوري كرة القدم ، بما في ذلك 161 ل ترانمير روفرز .\r\n\r\nفي تجربته الطويلة من العمر 9 سنوات مسيرته الكروية، وليامز لعب سابقا ل كرو ، ستوكبورت ، دفن ، و روتشديل . في يونيو 2011، وقع ل ترانمير روفرز قبل أن يطلق سراحه من قبل النادي مايو 2015.\r\n\r\nسابقا شابا ويلز الدولية، وقال انه كان أول من دعا إلى كبار ويلز الفريق في عام 2009، مما يجعل أخيرا لاول مرة في عام 2015.', 'ويلزي', 20, 0, 'NO'),
(416, 'أنطونيو لوبيز ماسيدو ', 'ايدر لوبيز ', '1987-12-20', '1464796520', 955, 157, 'Right', 81, 188, '', '', '', 28, '2016-06-01 14:55:20', '2016-06-01 14:55:20', 9, 'مهاجم', 'النادي:	ليل - فرنسا	\r\nرقم اللاعب في النادي:   39', 'برتغالي', 24, 0, 'NO'),
(417, 'لويس ناني', 'ناني', '1996-11-17', '1464796871', 835, 125, 'Right and Left', 66, 175, '', '', '', 27, '2016-06-01 15:01:11', '2016-06-01 15:01:11', 17, 'مهاجم', ' اسلوب اللعب \r\n في المراحل المبكرة من حياته المهنية في مانشستر يونايتد، ناني غالبا ما تدعى المقارنة في أسلوب اللعب والقدرة مع النادي وزميله الدولي البرتغالي كريستيانو رونالدو، الذي كان كثيرا ما ينوب على مستوى الاندية.\r\n\r\nفي غياب رونالدو، ومع ذلك، وضعت على غرار ناني إلى أسلوب الجناح أكثر الكلاسيكية، وقادرا على اللعب في كلا الجناحين وإن كان أكثر راحة على الحق، والاستفادة من وتيرة، السيطرة على الكرة والخداع لخلق الفضاء. في حين قادرة على قطع كلا الجناحين لضرب الهدف من مسافة بعيدة، ناني لديها أقل كثيرا الأهداف، ولكن نسبة أعلى بكثير من تمريرة من زميله السابق. يمكنه اللعب أيضا في موقف أكثر هجومية من الأمام أو الجناح إلى الأمام\r\nالنادي:	فنربخشة - تركيا	\r\nرقم اللاعب في النادي:   17', 'برتغالي', 24, 0, 'NO'),
(418, 'ريكاردو كواريزما', '', '1983-09-26', '1464797171', 371, 109, 'Right', 67, 175, '', '', '', 26, '2016-06-01 15:06:11', '2016-06-01 15:06:11', 20, 'مهاجم', 'بدأ كواريسما مشواره في سبورتينغ لالبرتغال ، ولعب أيضا ل برشلونة ، انتر ، تشيلسي ، بشيكتاش و القاعدة أهلي دبي ، إلا أنه قضى أفضل سنوات حياته المهنية في بورتو . أنه يحظى بشعبية كبيرة لدمج ذخيرة من الحيل في أسلوبه في اللعب، بما في ذلك رابوناو تريفيليا والجناح الذي يمكن أن تقوم به على أي من الجناح صفاته السرعة والجودة تسبب مشكلة العادية للمعارضة الدفاعات. \r\n\r\nودولية كاملة منذ عام 2003، كواريسما لديها أكثر من 40 مباراة دولية مع منتخب البرتغال ومثلهم في ثلاث بطولات أوروبية .   \r\n____________________\r\nالنادي:	بشكتاش - تركيا	\r\nرقم اللاعب في النادي:   17', 'برتغالي', 24, 0, 'NO'),
(419, 'داني وارد', 'Danny Ward', '1993-06-22', '1464856770', 958, 90, 'Right', 88, 191, '', '', '', 28, '2016-06-02 07:39:30', '2016-06-02 07:39:30', 21, 'حارس مرمى', 'داني وارد مواليد 22 يونيو 1993 في ويلز، هو لاعب كرة قدم ويلزي. يلعب كحارس مرمى. مثّل منتخب ويلز لكرة القدم.', 'ويلزي', 20, 0, 'NO'),
(421, 'كريس جنتر', 'Chris Gunter', '1989-07-21', '1464857147', 149, 90, 'Right', 71, 180, '', '', '', 27, '2016-06-02 07:45:47', '2016-06-02 07:45:47', 2, 'مدافع', '', 'ويلزي', 20, 0, 'NO'),
(425, 'نيل تايلور', 'Neil Taylor', '1989-02-07', '1464860303', 959, 90, 'Right', 64, 175, '', '', '', 28, '2016-06-02 08:38:23', '2016-06-02 08:38:23', 3, 'مدافع', '', 'ويلزي', 20, 0, 'NO'),
(430, 'بن دافيس', 'Ben Davies', '1993-04-24', '1464861486', 962, 90, 'Right', 76, 181, '', '', '', 28, '2016-06-02 08:58:06', '2016-06-02 08:58:06', 4, 'مدافع', 'بن دافيس Ben Davies وإسمه الكامل بنجامين توماس دافيس وهو لاعب كُرة قدم ويلزي في مركز الظهير الأيسر ولد في يوم 24 أبريل 1993 وهو يلعب حالياً مع نادي توتنهام هوتسبر كما سبق لهُ اللعب مع نادي سوانزي سيتي و نادي فايبورغ في الدنمارك كما أنه يلعب مع منتخب ويلز لكرة القدم مُنذ عام 2012 ويبلغ طوله 181 سم', 'ويلزي', 20, 0, 'NO'),
(435, 'جيمس تشيستر', 'James Chester', '1989-01-23', '1464862380', 155, 87, 'Right', 75, 177, '', '', '', 29, '2016-06-02 09:13:28', '2016-06-02 09:13:00', 5, 'مدافع', '', 'ويلزي ', 20, 0, 'NO'),
(441, 'أشلي ويليامز', 'Ashley Williams', '1984-08-23', '1464863061', 964, 87, 'Right', 71, 183, '', '', '', 28, '2016-06-02 09:24:21', '2016-06-02 09:24:21', 6, 'مدافع', 'شلي إيرول ويليامز (بالإنجليزية: Ashley Errol Williams) مواليد 23 أغسطس 1984 في وولفرهامبتون) لاعب كرة قدم ويلزي دولي يجيد اللعب في خط الدفاع . يلعب حاليا لصالح نادي سوانسي سيتي الويلزي منذ 2008.', 'ويلزي ', 20, 0, 'NO'),
(444, 'جاز ريتشاردز', 'Ashley Richards', '1991-04-12', '1464863685', 145, 90, 'Right', 78, 185, '', '', '', 25, '2016-06-02 09:34:45', '2016-06-02 09:34:45', 15, 'حارس مرمى', '', 'ويلزي ', 20, 0, 'NO'),
(446, 'جيمس كولينز', 'James Collins', '1983-08-23', '1464863937', 141, 90, 'Right', 83, 188, '', '', '', 24, '2016-06-02 09:38:57', '2016-06-02 09:38:57', 19, 'مدافع', 'جيمس كولينز، من مواليد 23 أغسطس 1983 في نيوبورت في ويلز، لاعب كرة قدم ويلزي.\r\nبدأ مسيرته الكروية مع نادي كارديف سيتي في عام 2000، ولعب معهم حتى عام 2005، وشارك معهم في 66 مباراة وسجل 3 أهداف، ومنذ عام 2005 وهو يلعب مع نادي وست هام يونايتد الإنجليزي.\r\nو قد بدأ باللعب مع منتخب ويلز لكرة القدم في عام 2005.', 'ويلزي ', 20, 0, 'NO'),
(449, 'جوي ألين', 'Joe Allen', '1990-03-14', '1464864280', 965, 90, 'Right', 62, 168, '', '', '', 25, '2016-06-02 09:44:40', '2016-06-02 09:44:40', 7, 'خط وسط', 'جوزيف مايكل ألين ويعرف إختصارا بجوي ألين وهو لاعب كرة قدم ويلزي بريطاني يلعب في مركز الوسط ولد في يوم 14 مارس 1990 في مقاطعة كارمارثان في ويلز يبلغ طول اللاعب 168 سم وهو يلعب حاليا مع نادي ليفربول كما سبق له اللعب مع نادي سوانزي سيتي كما أنه يلعب مع صفوف منتخب ويلز كما لعب مع صفوف منتخب بريطانيا العظمى لكرة القدم في أولمبياد لندن 2012.', 'ويلزي ', 20, 0, 'NO'),
(453, 'أندي كينغ', 'Andy King', '1988-10-29', '1464865752', 966, 87, 'Right', 80, 183, '', '', '', 75, '2016-06-02 10:09:12', '2016-06-02 10:09:12', 8, 'خط وسط', 'أندي كينغ (بالإنجليزية: Andy King) مواليد 29 أكتوبر 1988 في إنجلترا، هو لاعب كرة قدم إنجليزي يلعب مع ليستر سيتي كلاعب وسط. مثّل منتخب إنجلترا لكرة القدم.', 'ويلزي ', 20, 0, 'NO'),
(454, 'آرون رامزي', 'Aaron Ramsey', '1990-12-26', '1464866120', 967, 90, 'Right', 76, 178, '', '', '', 24, '2016-06-02 10:15:20', '2016-06-02 10:15:20', 10, 'خط وسط', 'آرون رامزي (بالإنجليزية: Aaron James Ramsey) (ولد في 26 ديسمبر 1990 في مدينة كايرفلي بـ ويلز) لاعب كرة قدم ويلزي يلعب في الدوري الإنجليزي الممتاز لنادي الأرسنال الإنجليزي قال عنه أرسين فينغر المدير الفني للفريق أنه لاعب ذو طاقة مذهلة وقوي البنية وحسن الأسلوب والرؤية في الملعب.', 'ويلزي ', 20, 0, 'NO'),
(456, 'فولكان باباكان', 'Volkan Babacan', '1988-08-11', '1464866176', 554, 95, 'Right', 86, 192, '', '', '', 23, '2016-06-02 10:16:16', '2016-06-02 10:16:16', 1, 'حارس مرمى', 'الفرق الحالية: نادي بلدية إسطنبول ', 'تركي ', 25, 0, 'NO'),
(457, 'أونور كيفراك', 'Onur Kıvrak', '1988-01-01', '1464866283', 280, 95, 'Right', 74, 187, '', '', '', 22, '2016-06-02 10:18:03', '2016-06-02 10:18:03', 12, 'حارس مرمى', 'الفرق الحالية: نادي طرابزون سبور', 'تركي ', 25, 0, 'NO'),
(458, 'هارون تيكين', 'Harun Tekin', '1989-06-17', '1464866465', 280, 95, 'Right and Left', 78, 187, '', '', '', 23, '2016-06-02 10:21:05', '2016-06-02 10:21:05', 23, 'حارس مرمى', '', 'تركي ', 25, 0, 'NO'),
(460, 'سميح كايا', 'Semih Kaya', '1991-02-24', '1464866646', 968, 95, 'Right', 66, 183, '', '', '', 25, '2016-06-02 10:24:16', '2016-06-02 10:24:06', 2, 'مدافع', 'هو لاعب كرة قدم تركي في مركز قلب الدفاع ولد في يوم 24 فبراير 1991 في مدينة برغاما في تركيا , يلعب حالياً مع نادي غلطة سراي وسبق له اللعب مع نادي غازي عنتاب سبور و قرطال سبور , كما لعب مع منتخب تركيا لكرة القدم', 'تركي ', 25, 0, 'NO'),
(462, 'ديفيد إدواردز', 'David Edwards', '1986-02-03', '1464866883', 191, 87, 'Right', 78, 183, '', '', '', 24, '2016-06-02 10:28:03', '2016-06-02 10:28:03', 14, 'خط وسط', 'ديفيد إدواردز (مواليد 3 فبراير 1986 في شروسبيري - إنجلترا) لاعب كرة قدم ويلزي يلعب حاليا لصالح نادي الدرجة الممتازة وولفرهامبتون واندررز الإنجليزي منذ 2008 في مركز الوسط المحوري كما يجيد اللعب في مركز الوسط الأيمن .', 'ويلزي ', 20, 0, 'NO'),
(464, 'أحمد يلماز جاليك', 'Ahmet Çalık', '1994-02-26', '1464867025', 511, 95, 'Right', 77, 184, '', '', '', 21, '2016-06-02 10:30:25', '2016-06-02 10:30:25', 4, 'مدافع', 'الفرق الحالية: غنتشليربيرليغي ', 'تركي ', 25, 0, 'NO'),
(468, 'غوكهان غونول', 'Gökhan Gönül', '1985-01-04', '1464868101', 522, 95, 'Right', 73, 174, '', '', '', 21, '2016-06-02 10:49:28', '2016-06-02 10:48:21', 7, 'مدافع', 'هو لاعب كُرة قَدَم تُركي في مركز الظهير الأيمن ولد في يوم 4 كانون الثاني 1985 في مدينة صمسون في تركيا وهو يلعب حالياً مع نادي فنربخشة وسبق له اللعب مع أوفتاس سبور و غنتشليربيرليغي ولعب أيضاً مع منتخب تركيا لكرة القدم ', 'تركي ', 25, 0, 'NO'),
(470, 'جو ليدلي', 'Joe Ledley', '1987-01-23', '1464868369', 146, 90, 'Right', 73, 183, '', '', '', 25, '2016-06-02 10:52:49', '2016-06-02 10:52:49', 16, 'خط وسط', 'جوزيف كريستوفر ليدلي (بالإنجليزية: Joseph Christopher Ledley) (مواليد 21 يناير 1987 في كارديف) لاعب كرة قدم ويلزي دولي يجيد اللعب في خط الوسط . يلعب حاليا لصالح نادي سيلتيك الاسكتلندي منذ 2010 .', 'ويلزي ', 20, 0, 'NO'),
(471, 'هال روبسون كانو', 'Hal Robson-Kanu', '1989-05-21', '1464869005', 257, 87, 'Right', 83, 183, '', '', '', 26, '2016-06-02 11:03:25', '2016-06-02 11:03:25', 9, 'مهاجم', '', 'ويلزي ', 20, 0, 'NO'),
(472, 'إسماعيل كويباشي', 'İsmail Köybaşı', '1989-07-10', '1464869133', 556, 95, 'Right', 75, 177, '', '', '', 21, '2016-06-02 11:05:33', '2016-06-02 11:05:33', 13, 'مدافع', 'هو لاعب كرة قدم تركي في مركز الجناح الأيسر ولد في يوم 10 يوليو 1989 في مدينة إسكندرونة في تركيا , يلعب حالياً مع نادي بشكتاش وسبق له اللعب مع غازي عنتاب سبور , كما لعب مع منتخب تركيا لكرة القدم', 'تركي ', 25, 0, 'NO'),
(473, 'شينير أوزبايراكلي', 'Şener Özbayraklı', '1990-01-23', '1464869737', 483, 95, 'Right', 71, 171, '', '', '', 21, '2016-06-02 11:15:37', '2016-06-02 11:15:37', 22, 'مدافع', 'الفرق الحالية: نادي فنربخشة ', 'تركي ', 25, 0, 'NO'),
(474, 'ديفيد كوتيريل', 'David Cotterill', '1987-12-04', '1464869894', 146, 90, 'Right', 71, 175, '', '', '', 25, '2016-06-02 11:18:14', '2016-06-02 11:18:14', 17, 'مهاجم', '', 'ويلزي ', 20, 0, 'NO'),
(477, 'ديفيد فوغان', 'David Vaughan', '1983-02-18', '1464870358', 970, 90, 'Right', 70, 171, '', '', '', 0, '2016-06-02 11:25:58', '2016-06-02 11:25:58', 22, 'خط وسط', 'ديفيد أوين فوغان (بالإنجليزية: David Owen Vaughan) (مواليد 18 فبراير 1983 في أبرغل) لاعب كرة قدم ويلزي دولي يجيد اللعب في خط الوسط . يلعب حاليا لصالح نادي بلاكبول الإنجليزي منذ 2008 .\r\nمشاريع شقيقة في كومنز صور وملفات عن: ديفيد فوغان\r\nأيقونة بوابة', 'ويلزي ', 20, 0, 'NO'),
(480, 'جورج ويليامس', 'George Williams', '1995-09-07', '1464870633', 853, 87, 'Right', 73, 172, '', '', '', 25, '2016-06-02 11:30:33', '2016-06-02 11:30:33', 13, 'مهاجم', '', 'ويلزي ', 20, 0, 'NO'),
(481, 'سلجوق إينان', 'Selçuk İnan', '1985-02-10', '1464870684', 556, 95, 'Right', 74, 182, '', '', '', 25, '2016-06-02 11:31:24', '2016-06-02 11:31:24', 8, 'خط وسط', 'يلعب حالياً مع نادي غلطة سراي وسبق له اللعب مع نادي طرابزون سبور و مانيساسبور و دردنيل سبور، كما لعب مع منتخب تركيا لكرة القدم', 'تركي ', 25, 0, 'NO'),
(483, 'سلجوق إينان', 'Selçuk İnan', '1985-02-10', '1464870784', 556, 95, 'Right and Left', 74, 182, '', '', '', 25, '2016-06-02 11:33:04', '2016-06-02 11:33:04', 8, 'خط وسط', 'يلعب حالياً مع نادي غلطة سراي وسبق له اللعب مع نادي طرابزون سبور و مانيساسبور و دردنيل سبور، كما لعب مع منتخب تركيا لكرة القدم', 'تركي ', 25, 0, 'NO'),
(485, 'سيمون تشيرش', 'Simon Church', '1988-12-10', '1464871185', 972, 87, 'Right', 84, 183, '', '', '', 25, '2016-06-02 11:39:45', '2016-06-02 11:39:45', 23, 'مهاجم', '', 'ويلزي ', 20, 0, 'NO'),
(487, 'جوني ويليامز', 'Jonathan Williams', '1993-10-09', '1464871617', 901, 87, 'Right', 60, 168, '', '', '', 25, '2016-06-02 11:46:57', '2016-06-02 11:46:57', 20, 'خط وسط', 'وني ويليامز مواليد 9 أكتوبر 1993 في كنت، إنجلترا، هو لاعب كرة قدم ويلزي. يلعب كلاعب وسط. مثّل منتخب ويلز لكرة القدم', 'ويلزي ', 20, 0, 'NO'),
(489, 'غاريث بيل', 'Gareth Bale', '1989-07-16', '1464871965', 146, 90, 'Right', 74, 183, '', '', '', 34, '2016-06-02 11:52:45', '2016-06-02 11:52:45', 11, 'مهاجم', 'غاريث فرانك بيل (بالإنجليزية: Gareth Frank Bale)، ولد في 16 يوليو 1989، لاعب كرة قدم ويلزي يلعب مع نادي ريال مدريد الإسباني. يعتبر النجم الويلزي المولود في كارديف سيتي رياضي بحت فكان يمارس الركبي والهوكي في مدرسته وكذلك قدرته على اللعب كظهير وجناح ومهاجم على الأطراف مهما يكن فيكفي بأن المدرب البرتغالي جوزيه مورينيو قد قال بأن بيل سيكون أحد أبرز اللاعبين في دوري الدرجة الممتازة في المستقبل. وعرف بسرعته ومهارته في التسديد من مسافات بعيدة. في موسم 2012-13 حصل على لقب أفضل لاعب في بطولة الدوري مع توتنهام هوتسبير، وكان قبلها قد تحصّل على أفضل لاعب في المراكز التدريبية التي تنتج النجوم والمواهب من هيئة الإذاعة البريطانية. في صيف 2013 انتقل غاريث بيل إلى ريال مدريد بصفقة تعتبر أغلى صفقة في تاريخ كرة القدم ب99 مليون يورو.', 'ويلزي ', 20, 0, 'NO'),
(499, 'سام فوكز', 'Sam Vokes', '1989-10-21', '1464874217', 973, 87, 'Right', 90, 186, '', '', '', 29, '2016-06-02 12:30:17', '2016-06-02 12:30:17', 18, 'مهاجم', 'سام فوكز (مواليد 21 أكتوبر 1989 في ساوثهامبتون - إنجلترا) لاعب كرة قدم إنجليزي يلعب حاليا لصالح نادي الدرجة الممتازة وولفرهامبتون واندررز الإنجليزي منذ 2008 في مركز المهاجم .', 'ويلزي ', 20, 0, 'NO'),
(504, 'أوغوزخان أوزيعقوب', 'Oğuzhan Özyakup', '1992-09-23', '1464876106', 974, 99, 'Right', 75, 180, '', '', '', 22, '2016-06-02 13:02:28', '2016-06-02 13:01:46', 14, 'خط وسط', 'هو لاعب كرة قدم تركي يلعب لصالح نادي بشيكتاش في دوري السوبر التركي. يجيد اللعب في خط الوسط.\r\nانتقل إلى بشيكتاش بعد بيعه مقابل 500,000 يورو من نادي آرسنال.\r\nأيقونة بوابةبوابة أعلام', 'تركي ', 25, 0, 'NO'),
(505, 'رونار سيغوريونسن', '', '1990-06-18', '1464876215', 975, 111, 'Right', 84, 178, '', '', '', 27, '2016-06-02 13:04:31', '2016-06-02 13:03:35', 16, 'خط وسط', '', 'ايسلندا', 3, 0, 'NO'),
(506, 'أردا توران', 'Arda Turan', '1987-01-30', '1464876332', 280, 95, 'Right', 76, 178, '', '', '', 21, '2016-06-02 13:05:32', '2016-06-02 13:05:32', 10, 'خط وسط', 'هو لاعب كرة قدم تركي يلعب لنادي برشلونة. بدأ باللعب مع منتخب تركيا لكرة القدم في عام 2006. بدأ مسيرته الاحترافية في غلطة سراي ثم انتقل إلى أتلتيكو مدريد عام 2011 بثمن 13 مليون يورو. بدأ العب مع أتلتيكو مدريد موسم 2011-2012، حتى وقع عقد مع برشلونة في 2015، مقابل 34€ مليون بالإضافة إلى 7€مليون حوافز، ينص العقد على أن يلعب لفريق كاتلونيا للخمس سنوات القادمة، لكن بسبب العقوبة على برشلونة لن يلعب معه حتى يناير 2016.\r\n\r\n', 'تركي ', 25, 0, 'NO'),
(509, 'محمد توبال', 'Mehmet Topal', '1986-03-03', '1464876835', 976, 95, 'Right', 82, 187, '', '', '', 21, '2016-06-02 13:14:48', '2016-06-02 13:13:55', 15, 'خط وسط', 'هو لاعب كرة قدم تركي، وهو يشغل مركز الوسط الدفاعي بدء اللعب مع نادي غلطة سراي منذ عام 2006.. يلعب حاليا لفالنسيا في الدوري الأسباني. اللقب المشهور به هو Örümcek ،أي العنكبوت، بدأ اللعب مع منتخب تركيا لكرة القدم في عام 2008. توبال كان ضمن تشكيلة منتخب تركيا التي وصلت إلى الدور نصف النهائي من نهائيات كأس الأمم الأوروبية', 'تركي ', 25, 0, 'NO'),
(510, 'أوزان توفان', 'Ozan Tufan', '1995-03-23', '1464877156', 977, 95, 'Right', 70, 179, '', '', '', 23, '2016-06-02 13:19:35', '2016-06-02 13:19:16', 16, 'خط وسط', 'الفرق الحالية:  نادي فنربخشة', 'تركي ', 25, 0, 'NO'),
(511, 'يان موتشا', 'Ján Mucha', '1982-12-05', '1464877392', 978, 127, 'Right', 90, 189, '', '', '', 28, '2016-06-02 13:23:12', '2016-06-02 13:23:12', 1, 'حارس مرمى', 'يان موتشا (بالإنجليزية: Ján Mucha) (مواليد 5 ديسمبر 1982 في بيلا ناد سيروتشو) لاعب كرة قدم سلوفاكي يلعب حاليا لصالح نادي إيفرتون الإنجليزي .', 'سلوفاكي ', 23, 0, 'NO'),
(513, 'كانر إيركين', 'Caner Erkin', '1988-10-04', '1464877558', 980, 95, 'Right', 76, 181, '', '', '', 21, '2016-06-02 13:25:58', '2016-06-02 13:25:58', 18, 'خط وسط', 'هو لاعب كُرَة قَدَم تُركي في مَركَز الظهير الأيسر ولد في يوم 4 أكتوبر 1988 في مدينة بالِق أسير في تركيا وهو يلعب حالياً مع نادي انترميلانو حيث ذهب للنادي الايطالي بشكل مجاني بعد انتهاء عقده مع فناربخشه وسبق له اللعب مع نادي فنربخشة وسبق له اللعب مع نادي غلطة سراي و سسكا موسكو و مانيساسبور ولعب أيضاً مع منتخب تركيا لكرة القدم', 'تركي ', 25, 0, 'NO'),
(517, 'فولكان شين', 'Volkan Şen', '1987-07-07', '1464878334', 982, 95, 'Right', 175, 68, '', '', '', 22, '2016-06-02 13:38:54', '2016-06-02 13:38:54', 20, 'خط وسط', 'الفرق الحالية: نادي فنربخشة', 'تركي ', 25, 0, 'NO'),
(520, 'براق يلماز', 'Burak Yılmaz', '1985-07-15', '1464879004', 984, 95, 'Right and Left', 77, 188, '', '', '', 22, '2016-06-02 13:50:04', '2016-06-02 13:50:04', 17, 'مهاجم', 'هو لاعب كرة قدم تركي يلعب لصالح غالاتاسراي والمنتخب التركي لكرة القدم', 'تركي ', 25, 0, 'NO'),
(522, 'ايمري مور', 'Emre Mor', '1997-07-24', '1464879948', 985, 158, 'Right', 63, 168, '', '', '', 21, '2016-06-02 14:05:58', '2016-06-02 14:03:45', 21, 'مهاجم', 'لاعب كرة القدم الذي يلعب في  دوري السوبر الدنماركي النادي نادي نوردشيلاند ', 'تركي ', 25, 0, 'NO'),
(523, 'يان نوفوتا', 'Ján Novota', '1983-11-29', '1464881107', 987, 127, 'Right', 90, 197, '', '', '', 27, '2016-06-02 14:25:07', '2016-06-02 14:25:07', 12, 'حارس مرمى', '', 'سلوفاكي', 23, 0, 'NO'),
(524, 'ماتوس كوزاشيك', 'Matúš Kozáčik', '1983-12-27', '1464881635', 268, 88, 'Right', 88, 193, '', '', '', 28, '2016-06-02 14:33:55', '2016-06-02 14:33:55', 23, 'حارس مرمى', '', 'سلوفاكي', 23, 0, 'NO'),
(525, 'جانلويجي بوفون', 'Gianluigi Buffon', '1978-01-28', '1464881789', 581, 97, 'Right', 91, 192, '', '', '', 22, '2016-10-17 08:20:12', '2016-06-02 14:36:29', 1, 'حارس مرمى', 'جانلويجي بوفون ولد في 28 يناير 1978 في كارارا الإيطالية، هو لاعب كرة قدم إيطالي يلعب في مركز الحراسة، يلعب حالياً مع نادي يوفنتوس الإيطالي.\r\nبدأ جانلويجي بوفون مسيرته الاحترافية مع نادي بارما الإيطالي عام 1995 وشارك معهم في 168 مباراة، ثم انتقل إلى نادي اليوفنتوس عام 2001 ليشارك في 390 مباراة.\r\nانضم جانلويجي بوفون إلى المنتخب الإيطالي عام 1997 ليقود المنتخب في 139 مباراة.\r\nحقق جانلويجي بوفون مع نادي بارما الإيطالي ثلاثة ألقاب تمثلت في: بطولة الدوري الأوروبي مرة واحدة، بطولة الكأس الإيطالي مرة واحدة، بطولة السوبر الإيطالي مرة واحدة.\r\nبينما حقق جانلويجي بوفون مع نادي يوفنتوس 10 ألقاب تمثلت في: بطولة الدوري الإيطالي خمسة مرات، بطولة الدوري الإيطالي الدرجة الثانية مرة واحدة، بطولة السوبر الإيطالي أربعة مرات.\r\nوعلى صعيد إنجازاته مع المنتخب الإيطالي حقق جانلويجي بوفون لقبين: بطولة كأس العالم مرة واحدة، بطولة ألعاب البحر المتوسط مرة واحدة.', 'ايطالي', 10, 0, 'NO'),
(526, 'سالفاتوري سيريغو', 'Salvatore Sirigu', '1987-01-12', '1464881996', 950, 97, 'Right', 80, 192, '', '', '', 23, '2016-06-02 14:39:56', '2016-06-02 14:39:56', 12, 'حارس مرمى', 'يلعب حاليا لصالح نادي الدرجة الأولى باريس سان جيرمان الفرنسي منذ 2011 في مركز حارس مرمى .', 'ايطالي', 10, 0, 'NO'),
(527, 'بيتر بيكاريك', 'Peter Pekarík', '1986-10-30', '1464882119', 989, 127, 'Right', 70, 176, '', '', '', 0, '2016-06-02 14:41:59', '2016-06-02 14:41:59', 2, 'حارس مرمى', 'بيتر بيكاريك (مواليد 30 أكتوبر 1986 في زيلينا - تشيكوسلوفاكيا) لاعب كرة قدم سلوفاكي يلعب حاليا لصالح نادي الدرجة الأولى فولفسبورغ الألماني منذ 2009 في مركز الظهير الأيمن .', 'سلوفاكي', 23, 0, 'NO'),
(528, 'فيديريكو ماركيتي', 'Federico Marchetti', '1983-02-07', '1464882253', 990, 97, 'Right', 73, 188, '', '', '', 24, '2016-06-02 14:44:13', '2016-06-02 14:44:13', 13, 'حارس مرمى', 'لاعب كرة قدم إيطالي يلعب حاليا لصالح نادي الدرجة الأولى لاتسيو الإيطالي منذ 2011 في مركز حارس مرمى', 'ايطالي', 10, 0, 'NO'),
(529, 'مارتين شكرتيل', 'Martin Škrtel', '1984-12-15', '1464882305', 289, 88, 'Right', 81, 193, '', '', '', 28, '2016-06-02 14:45:05', '2016-06-02 14:45:05', 3, 'مدافع', 'مارتين شكرتيل (مواليد 15 ديسمبر 1984 في هاندلوفا - تشيكوسلوفاكيا) لاعب كرة قدم سلوفاكي يلعب حاليا لصالح نادي الدرجة الممتازة ليفربول الإنجليزي منذ 2008 في مركز قلب الدفاع .', 'سلوفاكي', 23, 0, 'NO'),
(530, 'ماتيا دي شيليو', 'Mattia De Sciglio', '1992-10-20', '1464882522', 991, 97, 'Right', 74, 183, '', '', '', 25, '2016-06-02 14:48:42', '2016-06-02 14:48:42', 2, 'مدافع', 'خريج أكاديمية إيه سي ميلان بريميفيرا و يلعب حاليا لصالح نادي إيه سي ميلان الإيطالي منذ 2011 في مركز الدفاع. من اصغر اللاعبين الذين لعبوا في الفريق الأول في تاريخ الدورى الايطالى. شارك في جميع المراحل السنية في المنتخب الإيطالي، لكن أول استدعاء له للمشاركة مع المنتخب الإيطالي كانت في 15 أغسطس 2012، أمام المنتخب الإنجليزي و انتهت بهزيمة منتخب إيطاليا بهدفين مقابل هدف ولم يلعب في تلك المباراة. بينما كانت أول مشاركة مع المنتخب الإيطالي كانت في 15 مارس 2013، أمام المنتخب البرازيلي و انتهت بالتعادل هدفين لكل منها', 'ايطالي', 10, 0, 'NO'),
(531, 'جورجيو كيلليني', 'Giorgio Chiellini', '1984-08-14', '1464882872', 586, 97, 'Right', 86, 187, '', '', '', 25, '2016-06-02 14:54:32', '2016-06-02 14:54:32', 3, 'مدافع', 'لاعب كرة قدم إيطالي ويلعب حاليا في يوفنتوس الإيطالي، يلعب قلب دفاع، وقد بدأ مسيرته في مركز الظهير الأيسر. في مونديال البرازيل تعرض لعضة في كتفه الايسر من قبل لويس سواريز لاعب المنتخب الأوروغوياني مما أدى إلى إيقاف هذا الأخير لأربعة أشهر عن الملاعب\r\nبدأ جورجيو كيلليني مسيرته الاحترافية مع نادي ليفورنو الإيطالي عام 2000 ليشارك في 55 مباراة ويحرز أربعة أهداف، ثم انتقل جورجيو كيلليني إلى نادي فيورنتينا عام 2004 ليشارك في 37 مباراة ويحرز ثلاثة أهداف، وأخيراً انتقل جورجيو كيلليني إلى يوفنتوس الإيطالي عام 2005 وشارك حتى الآن في 249 مباراة وأحرز 22 هدف.\r\nانضم جورجيو كيلليني إلى المنتخب الإيطالي الأول عام 2004 ليشارك في 67 مباراة وأحرز 4 أهداف.\r\nحقق جورجيو كيلليني مع نادي يوفنتوس الإيطالي ستة ألقاب تمثلت في: بطولة الدوري الإيطالي ثلاث مرات، بطولة الدوري الإيطالي الدرجة الثانية مرة واحدة، بطولة السوبر الإيطالي مرتين', 'ايطالي', 10, 0, 'NO'),
(532, 'أنغيلو أوغبينا', 'Angelo Ogbonna', '1988-05-23', '1465115372', 992, 97, 'Right', 86, 191, '', '', '', 25, '2016-06-05 07:29:32', '2016-06-05 07:29:32', 5, 'مدافع', 'لاعب كرة قدم إيطالي ذو أصول نيجيرية يجيد اللعب في مركز قلب الدفاع ويلعب حاليا في نادي تورينو الإيطالي منذ 2006.', 'ايطالي', 10, 0, 'NO'),
(533, 'أندريا بارزالي', 'Andrea Barzagli', '1981-05-08', '1465115672', 993, 97, 'Right', 87, 187, '', '', '', 22, '2016-06-05 07:34:32', '2016-06-05 07:34:32', 15, 'مدافع', 'هو لاعب كرة قدم إيطالي، وقد كان من بين منتخب إيطاليا لكرة القدم أثناء حصوله على بطولة كأس العالم. يلعب في الدوري الإيطالي الدرجة الأولى لصالح نادي يوفنتوس .\r\nبدأ اللعب مع نادي روندينلا كالشيو، ثم انتقل إلى بستويزي، ثم إلى نادي أسكولي، ثم كييفو فيرونا، قبل أن يوقع عقداً مع بالرمو في صيف 2004. لعب 20 مباراة من ضمن تشكيلة المنتخب الإيطالي، وقد شارك كلاعب أساسي في ربع نهائي كأس العالم لكرة القدم 2006 في مباراة إيطاليا ضد منتخب أوكرانيا لكرة القدم بعد إصابة ألساندرو نيستا وحرمان ماركو ماتيراتسي من اللعب. حصل بارزالي أيضاً على الميدالية البرونزية في دورة الألعاب الأولمبية 2004. كرم بارزاجلي مع منتخب إيطاليا بعد حصولهم على كأس العالم بمرتبة فارس \r\nتميز بارزالي بطول قامته الفارع طوله 188 cm وأفضل من يقفز في منطقة ال 18', 'ايطالي', 10, 0, 'NO');
INSERT INTO `players` (`id`, `name`, `nickname`, `birth_date`, `flag`, `city_id`, `country_id`, `prefered_foot`, `weight`, `height`, `facebook`, `twitter`, `instagram`, `speed`, `updated_at`, `created_at`, `num`, `position`, `addition_info`, `nationality`, `team_id`, `team_number`, `best`) VALUES
(534, 'ليوناردو بونوتشي', 'Leonardo Bonucci', '1987-05-01', '1465116129', 588, 97, 'Right', 86, 190, '', '', '', 24, '2016-06-05 07:42:09', '2016-06-05 07:42:09', 19, 'مدافع', 'لاعب كرة قدم إيطالي في مركز قلب الدفاع يلعب حاليا في نادي يوفنتوس الإيطالي ومنتخب إيطاليا', 'ايطالي', 10, 0, 'NO'),
(535, 'كيرين ويستوورد', '', '1984-10-23', '1465116248', 567, 87, 'Right', 92, 188, '', '', '', 28, '2016-06-05 07:44:08', '2016-06-05 07:44:08', 1, 'حارس مرمى', 'كيرين ويستوود (من مواليد 23 أكتوبر 1984) هي المهنية لاعب كرة القدم الذي يلعب في مركز حارس المرمى ل بطولة نادي شيفيلد وينزداي و جمهورية منتخب أيرلندا . انه يؤهل للعب للمنتخب الوطني الايرلندي بحكم الأجداد من مقاطعة ويكسفورد كان لفترة أيرلندا أول الحارس، وبعد اعتزاله اللعب الدولي من شاي غيفن \r\nويستوود ولدت في مانشستر . [1] وبعد أن رفض من قبل مانشستر يونايتد عندما كان صبيا، [4] بدأ مسيرته في مانشستر سيتي حيث لم يسبق له ان لعب مباراة مع الفريق الأول، وأفرج عنه لأنه كان الجاهز ل ديفيد جيمس و نيكي ويفر . أسابيع قبل إطلاق سراحه كان قد كسر في حين يده على قرض في أولدهام . وبعد ذلك كان التجارب الفاشلة في برادفورد سيتي و اكرينجتون ستانلي .وبعد ذلك كان التفكير في التخلي عن كرة القدم، لبدء مهنة جديدة وشرطة ضابط\r\n.ثم انضم يستوود كارلايل يونايتد ، ليصبح الجاهز ل مات نيوتن بهذا الشأن . على الرغم من انه لعب في معظم المباريات الكأس، في مارس 2005، عندما كان نيوتن بهذا الشأن الجرحى، ويستوود لعبت بعض مؤتمر الألعاب ل كارلايل قبل أن يتم استبداله من قبل نيوتن بهذا الشأن لائقا مرة أخرى.\r\nفي موسم 2005-06 ، غادر ', 'ايرلندا', 28, 0, 'NO'),
(536, 'أنطونيو كاندريفا', 'Antonio Candreva', '1987-02-28', '1465116340', 301, 97, 'Right', 70, 180, '', '', '', 22, '2016-06-05 07:45:40', '2016-06-05 07:45:40', 6, 'خط وسط', 'لاعب كرة قدم إيطالي يلعب حاليا لصالح نادي الدرجة الأولى لاتسيو الإيطالي منذ 2012 في مركز الوسط المهاجم كما يجيد اللعب في مركز الجناح الأيمن والأيسر.', 'ايطالي', 10, 0, 'NO'),
(537, 'شاي جيفن', '', '1976-04-20', '1465116485', 570, 107, 'Right and Left', 84, 185, '', '', '', 27, '2016-06-05 07:48:05', '2016-06-05 07:48:05', 16, 'حارس مرمى', '', 'ايرلندا ', 28, 0, 'NO'),
(538, 'أليساندرو فلورينزي', 'Alessandro Florenzi', '1991-03-11', '1465116593', 301, 97, 'Right', 67, 173, '', '', '', 23, '2016-06-05 07:49:53', '2016-06-05 07:49:53', 8, 'خط وسط', 'يساندرو فلورينزي وهو لاعب كرة قدم إيطالي في مركز الوسط ولد في يوم 11 مارس 1989 في عاصمة إيطاليا روما لعب منذ صغرة مع نادي روما ولا يزال مع روما كما أعير لموسم واحد إلى في 2011 إلى صفوف نادي كروتوني كما لعب مع المنتخب الإيطالي ل4 مباريات وسجل هدف واحدا ولعب مع المنتخب الإيطالي للشباب ', 'ايطالي', 10, 0, 'NO'),
(539, 'تياغو موتا', 'Thiago Motta', '1982-08-28', '1465116814', 596, 126, 'Right', 82, 183, '', '', '', 22, '2016-06-05 07:53:34', '2016-06-05 07:53:34', 10, 'خط وسط', ' لاعب كرة قدم إيطالي الأصل، ولد في ساو بيرناردو أحد ضواحي ساو باولو البرازيلية، وحاصل على الجنسية الإيطالية بعدما كشف اوراق تثبت بأنه إيطالي الأصل. يلعب ابتداءً من موسم 2007/08 مع نادي أتلتيكو مدريد قادماً من صفوف نادي برشلونة الإسباني في إعارة لموسم واحد.\r\nلعب تييجو في فريق نادي برشلونة للناشئين بين عامي 1999 و2001 م. وكانت أول مشاركة له مع فريق النادي الأول في 3 أكتوبر من عام 2001 م في مباراته ضد نادي مايوركا. ورغم تمتعه ببنية جسدية قوية فإن تييجو كان عرضة للعديد من الإصابات التي منعته من المشاركة في عدد من مباريات الفريق.\r\nشارك تييجو موتا مع منتخب البرازيل لكرة القدم لأول مرة في عام 2003 م ضمن كأس الكونكاكاف,لكنه مثل في الأخير منتخب إيطاليا لكرة القدم.\r\nمسيرته مع الأندية\r\nنادي برشلونة\r\nأتلتيكو مدريد\r\nنادي جنوة\r\nإنتر ميلان\r\nباريس سان جيرمان\r\n', 'ايطالي', 10, 0, 'NO'),
(540, 'دارين راندولف ', '', '1987-05-12', '1465116861', 994, 107, 'Right', 98, 188, '', '', '', 27, '2016-06-05 07:54:21', '2016-06-05 07:54:21', 23, 'حارس مرمى', ' ولد راندولف في براي ولعب كرة القدم في المدرسة مع أردمور روفرز. انضم تشارلتون اثليتيك في صيف عام 2003 بحكم الروابط بين الناديين الايرلندية والإنجليزية.  عند الخروج أردمور روفرز، وضعت النادي راندولف في قاعة المشاهير. \r\n\r\nفي صغره، قضى راندولف في الشهر على سبيل الاعارة في مؤتمر جنوب النادي ويلينغ يونايتد في عام 2004؛ لعب أربع مباريات في الدوري ومرة في كأس الاتحاد الانجليزي  وقضى بداية 2005-06 الموسم على سبيل الاعارة في اكرينجتون ستانلي في المؤتمر الوطني ، وفي نهاية الموسم، وقعت امتدادا ل عقد تشارلتون له أن يستمر حتى عام 2009. في أغسطس 2006 التحق جامعة واحدة جيلينغهام على سبيل الاعارة لمدة شهر. \r\nالنادي:	وست هام يونايتد - إنجلترا\r\n	رقم اللاعب في النادي:   1', 'ايرلندى', 28, 0, 'NO'),
(541, 'ستيفانو ستورارو', 'Stefano Sturaro', '1993-03-09', '1465117019', 995, 97, 'Right', 78, 178, '', '', '', 24, '2016-06-05 07:56:59', '2016-06-05 07:56:59', 14, 'خط وسط', 'هو لاعب كرة قدم إيطالي يلعب كلاعب وسط في نادي يوفنتوس الإيطالي', 'ايطالي', 10, 0, 'NO'),
(542, 'دانييلي دي روسي', 'Daniele De Rossi', '1983-07-24', '1465117223', 301, 97, 'Right', 83, 184, '', '', '', 23, '2016-06-05 08:00:23', '2016-06-05 08:00:23', 16, 'خط وسط', 'بدأ دانييلي دي روسي مسيرته الكروية مع نادي روما في عام 2002، وهو يلعب معهم حتى الآن. وقد بدأ دانييلي دي روسي باللعب مع منتخب إيطاليا لكرة القدم في عام 2004، ويعتبره الكثير من مشجعي الفريق القائد المستقبلي بعد فرانشيسكو توتي قائد روما الأول ورمزها.\r\n\r\nرفض دي روسي العديد من العروض الذي قدمت له من قبل أقوى الأندية الأوروبية مثل ريال مدريد وبرشلونة ويوفنتوس ومانشستر يونايتد وليفربول، وأبى إلا أن يظل عاشق للونين الأحمر والبرتقالي لوني فريق العاصمة الإيطالية روما، ويعتبر دي روسي من أفضل لاعبي خط الوسط في العالم، شارك دانييلي دي روسي مع روما في 332 مباراة وأحرز 34 هدف.\r\nانضم دانييلي دي روسي للمنتخب الإيطالي الأول عام 2004 ليشارك في 93 مباراة ويحرز 15 هدف.\r\nحقق دانييلي دي روسي مع نادي روما ثلاثة ألقاب تمثلت في: بطولة كوبا إيطاليا مرتين، بطولة السوبر الإيطالي مرة واحدة.\r\nبينما حقق مع المنتخب الإيطالي لقبين: بطولة أمم أوروبا تحت 21 سنة، بطولة كأس العالم مرة واحدة.', 'ايطالي', 10, 0, 'NO'),
(543, 'ماركو بارولو', 'Marco Parolo', '1985-01-25', '1465117567', 996, 97, 'Right and Left', 75, 184, '', '', '', 23, '2016-06-05 08:06:07', '2016-06-05 08:06:07', 18, 'خط وسط', 'لعب حالياً مع نادي لاتسيو وسبق له اللعب مع نادي بارما و نادي تشيزينا و كييفو فيرونا و فوليغنو و نادي بيستويسي و نادي كومو ولعب مع منتخب إيطاليا لكرة القدم', 'ايطالي', 10, 0, 'NO'),
(544, 'شيموس كولمان', '', '1988-10-11', '1465117796', 574, 107, 'Right', 67, 177, '', '', '', 27, '2016-06-05 08:09:56', '2016-06-05 08:09:56', 2, 'مدافع', '', 'ايرلندا', 28, 0, 'NO'),
(545, 'فيديريكو بيرنارديسكي', 'Federico Bernardeschi', '1994-02-16', '1465118006', 581, 97, 'Left', 75, 183, '', '', '', 22, '2016-06-05 08:13:26', '2016-06-05 08:13:26', 21, 'خط وسط', 'يلعب حاليا في فريق فيورنتينا في موقع مهاجم', 'ايطالي', 10, 0, 'NO'),
(546, 'إيمانويلي جياكيريني', 'Emanuele Giaccherini', '1985-05-05', '1465118215', 997, 97, 'Right', 60, 167, '', '', '', 21, '2016-06-05 08:16:55', '2016-06-05 08:16:55', 23, 'خط وسط', 'لاعب كرة قدم إيطالي يجيد اللعب في مركز الجناح الأيمن والوسط المهاجم ويلعب حاليا في سندرلاند الإنجليزي.', 'ايطالي', 10, 0, 'NO'),
(547, 'سيموني زازا', 'Simone Zaza', '1991-06-25', '1465118496', 998, 97, 'Left', 83, 186, '', '', '', 23, '2016-06-05 08:21:36', '2016-06-05 08:20:50', 7, 'مهاجم', 'هُوّ لَاعِب كُرة قدَم إيطالي يلعب حالياً كَمُهَاجِم لِصالح نادي يوفنتوس في الدوري الإيطالي الممتاز.\r\nوقد سبق له اللعب في عدة نوادٍ مِثل أتالانتا وسامبدوريا و ساسولوونادي أسكولي', 'ايطالي', 10, 0, 'NO'),
(548, 'سياران كلارك', '', '1986-09-26', '1465118451', 999, 87, 'Right and Left', 76, 188, '', '', '', 27, '2016-06-05 08:38:04', '2016-06-05 08:20:51', 3, 'مدافع', 'سياران كلارك (من مواليد 26 سبتمبر 1989) هو المهنية الايرلندية الإنجليزي المولد لاعب كرة القدم الذي يلعب ل بطولة نادي استون فيلا . كلارك هو بطبيعة الحال المدافع ، وإنما هو أيضا قادرة على العمل باعتباره لاعب خط الوسط المركزي وفي مركز الظهير الايسر . \r\n\r\nكلارك قاد إنجلترا في تحت 18 سنة، تحت 19 عاما وتحت 20 عاما مستوى، ولكن في أكتوبر 2010 أعلنت طموحه للعب لل جمهورية أيرلندا . استدعي الى صفوف المنتخب الوطني بعد شهر لمباراة ودية ضد النرويج ، وجعل بدايته \r\nأدرج كلارك في فرق لمباريات ودية قبل بداية الموسم و كأس سلام لعام 2009 في 30 آب 2009، وقال انه لاول مرة في الفوز 2-0 ضد فولهام . مع كورتيس ديفيز غير متوفرة بسبب الاصابة، وكان اسمه البالغ من العمر تسعة عشر في فيلا التشكيلة الأساسية، وإقامة الشراكات كارلوس كويلار في الدفاع.  وساعد الحفاظ على شباكه نظيفة وتميز ما يقرب من اول مباراة له مع هدف ولكن بعث بوصة رأس على نطاق واسع. غارث كروكس من بي بي سي اسمه الشاب في فريقه الأسبوع.  على الرغم من أن شراكة هائلة من التعاقدات الجديدة جيمس كولينز و ريتشارد دان محدودة منه على مقاعد البدلاء، وقال انه كان من', 'ايرلندى', 28, 0, 'NO'),
(549, 'غراتسيانو بله', 'Graziano Pellè', '1985-07-15', '1465118798', 601, 97, 'Right', 84, 194, '', '', '', 25, '2016-06-05 08:26:38', '2016-06-05 08:26:38', 9, 'مهاجم', 'عب كرة قدم إيطالي يجيد اللعب في مركز الهجوم مع منتخب إيطاليا الوطني ونادي ساوثامبتون الإنجليزي.', 'ايطالي', 10, 0, 'NO'),
(550, 'جون آوشى', '', '1981-04-30', '1465118876', 571, 107, 'Right and Left', 75, 191, '', '', '', 27, '2016-06-05 08:27:56', '2016-06-05 08:27:56', 4, 'مدافع', 'النادي:	سندرلاند - إنجلترا	\r\nرقم اللاعب في النادي:   16', 'ايرلندى', 28, 0, 'NO'),
(551, 'شيرو ايموبيلي', 'Ciro Immobile', '1990-02-20', '1465119006', 599, 97, 'Right and Left', 78, 185, '', '', '', 23, '2016-06-05 08:30:06', '2016-06-05 08:30:06', 11, 'مهاجم', 'يلعب لصالح تورينو الايطالي في مركز الهجوم.\r\nو قد بدأ مسيرته الكروية مع شباب نادي يوفنتوس في الفترة ما بين 2006 و عام 2009،ثم أعير إلى نادي بيسكارا و سجل معهم 28 هدفاً في 37 لقاءً.وفي عام 2012 أنتقل لنادي جنوى ليخوض معهم موسم متوسط المستوى، قبل أن ينتقل في عام 2013 لنادي تورينو بصفقة قدرت ب 3 مليون يورو، حيث ساهم يتأهل الفريق للمشاركة في دوري أوروبا بعدما فاز بلقب هداف الدوري برصيد 22 هدفاً. و يصبح يذلك أول لاعب من نادي تورينو يفوز بلقب هداف الدوري الإيطالي من موسم 1976-77، و الذي فاز به فرانشيسكو غراتسياني\r\nفي صيف عام 2014، انتقل إلى نادي بوروسيا دورتموند بصفقة قدرت ب 19 مليون يورو،وبقعد يمتد لغاية 30 يوليو 2019، ليحل بديلاً عن البولندي روبرت ليفاندوفسكي و الذي انتقل لنادي بايرن ميونخ', 'ايطالي', 10, 0, 'NO'),
(552, 'إيدر سيتادين مارتينز', 'Éder', '1986-11-15', '1465119252', 600, 126, 'Right', 72, 179, '', '', '', 23, '2016-06-05 08:34:12', '2016-06-05 08:34:12', 17, 'مهاجم', 'هو لاعب كرة قدم إيطالي برازيلي\r\nيلعب حالياً مع نادي سامبدوريا وسبق له اللعب مع نادي تشيزينا و نادي بريشيا و نادي إمبولي و نادي فروسينوني و نادي كريسيوما في البرازيل , بدأ اللعب مع منتخب إيطاليا لكرة القدم في 2015', 'ايطالي', 10, 0, 'NO'),
(553, 'لورينزو إينسيني', 'Lorenzo Insigne', '1991-06-04', '1465119478', 1000, 97, 'Right', 59, 163, '', '', '', 27, '2016-06-05 08:37:58', '2016-06-05 08:37:58', 20, 'مهاجم', 'لورنزو إنسيني من مواليد 4 يوليو 1991 في نابولي، إيطاليا. هو لاعب كرة قدم إيطالي، يلعب في مركز الجناح الأيسر مع نادي نابولي منذ عام 2012. \r\nشارك لورنزو إنسيني في جميع المراحل السنية في المنتخب الإيطالي، ولا زال لاعباً في منتخب إيطاليا تحت ال 20، لكنه استدعي لأول مشاركة دولية مع المنتخب الإيطالي في 14 أغسطس 2013، أمام المنتخب الأرجنتيني وانتهت بهزيمة منتخب إيطاليا بهدفين مقابل هدف.\r\nانضم لورنزو إنسيني إلى نادي نابولي عام 2009، ليشارك في 78 مباراة ويحرز 8 أهداف، بعد ذلك تم أعارته إلى ثلاثة أندية في الفترة ما بين عام 2010 إلى عام 2012 إلى كل من أندية كافيسي وفوجيا وبيسكارا.\r\nيعتبر انسيني خليفة لدل بييرو حسب الإعلام الايطالي،فهو مهاري ذكي ولاعب مهاجم من الطراز الرفيع، كما أنه يتميز بالكرات الثابتة، لكن الفارق الوحيد أنه لا يريد اللعب مع يوفنتوس.\r\nحقق لورنزو إنسيني مع نادي نابولي الإيطالي لقب كأس إيطاليا مرة واحدة.', 'ايطالي', 10, 0, 'NO'),
(554, 'ستيفان الشعراوي', 'Stephan El Shaarawy', '1992-10-27', '1465119779', 1001, 97, 'Right', 72, 178, '', '', '', 25, '2016-06-05 08:42:59', '2016-06-05 08:42:59', 22, 'مهاجم', 'ستيفان الشعراوي , ملك ميلانو الجديد , الفرعون , لاعب الميلان و لاعب الادزوريني ولاعب الازوري , اللاعب الشاب المتألق حديثاً , حيث استطاع جلب انتباه الجميع اليه بفضل تألقه الحالي , اللاعب الذي قدم الى الميلان بمبلغ مالي ليس بالقليل , وكان الرهان عليه هذا الموسم كي يكون ابرز اللاعبين الميلانيين هذا الموسم , وها هو يتألق ويبدع ويثبت للعالم انه نجم قادم الى الساحه الاوربيه , حيث انه اصبح اصغر لاعب ميلاني يسجل في دوري الابطال .. يتعلق نجاح الفرعون وتألقه الافت للانتباه باللعب على الطرف الايسر تحديداً.. إذ ان هذا المركز وهذا الطرف يتيحان لمزايا الشعراوي , واسلوبه بالبروز بأفضل وجه, ولاسيما انه لا يزال في مرحلة التطور.. ولعبه في هذا المركز يعطيه افضل فرصه واريحيه ليقفز , قفزه كبيره للنجوميه المستحقه.. الشعراوي هو مهاجم ثاني, ونجاحه لا يتعلق بوجود من يساعده أو حتى وجود أجواء تساعده.. وذلك لأنه يمتاز بصناعة هجماته من مجهوده الخاص.. إذ يمتاز الشعراوي بالمهاره الذاتيه بالتوغل الى عمق دفاعات الخصم.. يقوم ذلك باستغلال سرعته في التحرك وسلاسته بالتقدم بسرعه واختراقته تعتمد على سلاسته في التعامل مع الك', 'ايطالي', 10, 0, 'NO'),
(555, 'ريتشارد كيو', 'Richard Keogh', '1986-08-11', '1465119968', 999, 87, 'Right and Left', 87, 180, '', '', '', 26, '2016-06-05 08:46:08', '2016-06-05 08:46:08', 5, 'مدافع', 'ريتشارد جون كيو (من مواليد 11 أغسطس 1986) هو المهنية الايرلندية الإنجليزي المولد لاعب كرة القدم الذي يلعب في مركز المدافع عن ونقباء بطولة دوري كرة القدم نادي ديربي كاونتي و جمهورية أيرلندا فريق الوطني لكرة القدم . يلعب في المقام الأول باعتباره مركز نصف ولكن يمكن أيضا أن تلعب في مركز الظهير الأيمن .\r\n\r\nبدأ كيو مسيرته كمتدرب في ايبسويتش تاون و ستوك سيتي ، مما يجعل مشواره مع الاحتراف على سبيل الإعارة من هذا الأخير في النادي الايسلندي  في عام 2004. وانضم بريستول سيتي في صفقة انتقال حر في عام 2005 وجعل بدايته دوري كرة القدم في سبتمبر من ذلك عام. وقدم عدد من أكثر مظاهر هذا الموسم قبل أن يقضي شهر على سبيل الاعارة في يكومب ، ثم يجري لتظهر بشكل متقطع لبريستول سيتي في نهاية الموسم، وسجل أول هدف له في أبريل 2006. وكان كيو منتظم في الفريق الأول بعد الموسم، ولعب 43 مرة في جميع المسابقات وسجل 4 أهداف. ومع ذلك، وقال انه وجد نفسه من صالح في موسم 2007-08 ، وقضاء الوقت على سبيل الاعارة في هدرسفيلد تاون ، كارلايل يونايتد و تشلتنهام . في نهاية الموسم، وقال انه انضم كارلايل يونايتد الإفصاح عن قيمة الصفقة.\r', 'ايرلندى', 28, 0, 'NO'),
(556, 'شين دافي', '', '1992-01-01', '1465120390', 732, 91, 'Right and Left', 76, 193, '', '', '', 28, '2016-06-05 08:53:10', '2016-06-05 08:53:10', 12, 'مدافع', ' انضم دافي ايفرتون في نوفمبر 2008 كطالبة في السنة الأولى، وعملت في طريقه من خلال وفرق الاحتياط. مدير ديفيد مويس اسمه والعديد من اللاعبين الشباب في الفريق الأول لمباريات ودية استعدادا للموسم الجديد وسجل دافي أول هدف ايفرتون له ضد روتشديل في الفوز 4-0. لعب لاول مرة المهنية له مقابل أيك أثينا في الدوري الأوروبي في ديسمبر 2009، المقبلة على لالمصابين سيلفان ديستان .  وفي اعبا اساسيا الأوروبي القادم ايفرتون، جعلت دافي لاول مرة الى المنزل في جوديسون بارك ، واستكمال 90 دقيقة كاملة ضد باتي بوريسوف . \r\nقرض لبيرنلي\r\n\r\nانضم دافي بيرنلي على سبيل الإعارة في 24 مارس 2011 على القرض الأولي 28 يوما مع إمكانية التمديد حتى نهاية موسم 2010-11.  جعلت دافي اول مباراة له مع بيرنلي في 2 نيسان عام 2011 في 01/02 هزيمة لإبسويتش تاون، ولعب 90 دقيقة كاملة. \r\nالعودة إلى إيفرتون \r\n جعل دافي له في الدوري الممتاز لاول مرة في وايت هارت لين يوم 11 يناير 2012، المقبلة على أن يكون بديلا للنهائية 30 دقيقة في الهزيمة 2-0 أمام توتنهام هوتسبير .  مع مركز ظهورهم ايفرتون العادية، سيلفان ديستان و فيل جاجيلكا وأصيب في المباراة الق', 'ايرلندى', 28, 0, 'NO'),
(557, 'سايروس كريستي', '', '1992-09-30', '1465120896', 155, 87, 'Right and Left', 78, 188, '', '', '', 28, '2016-06-05 09:01:36', '2016-06-05 09:01:36', 15, 'مدافع', 'سايروس سيلفستر فريدريك كريستي (من مواليد 30 سبتمبر 1992) هو المهنية الايرلندية الإنجليزي المولد لاعب كرة القدم الذي يلعب ل ديربي كاونتي و جمهورية أيرلندا فريق الوطني لكرة القدم على أنه المدافع \r\nجعل كريستي لاول مرة المهنية له ضد موركامب في 10 آب 2010، في 2-0 الهزيمة خارج أرضه. \r\n\r\nانضم المؤتمر الشمالية الجانب نونيتون تاون على سبيل الإعارة في يناير كانون الثاني عام 2011،  ولكن تم إعادة استدعائها بواسطة كوفنتري بعد يومين ويبدأ ثلاث مباريات بديلة.  ثم ذهب على سبيل الاعارة "الخبرة في العمل" إلى ناد آخر مؤتمر شمال هينكلي المتحدة ، في فبراير 2011،  حيث قدم ثماني مباريات في الدوري. \r\n\r\nبعد أول فوز له في الدوري كوفنتري من موسم 2011-12، بعد فوزه 2-0 على أرضه ضد ديربي كاونتي ، قامت كريستي عليه في بطولة فريق الأسبوع بعد وضع في رجل المباراة الأداء. في الموسم التالي، وقال انه كان في الجانب جامعة واحدة في الأسبوع بعد وضع رجل على أداء مباراة ضد ليتون أورينت . اللعبة التالية، في الجولة الأولى من كأس الاتحاد الانجليزي ، وسجل أول هدف له\r\nفي 10 تموز عام 2014، وقعت كريستي عقدا لمدة ثلاث سنوات على ديربي كا', 'ايرلندا', 28, 0, 'NO'),
(558, 'يان دوريتسا', 'Ján Ďurica', '1981-12-10', '1465121043', 282, 88, 'Right', 86, 188, '', '', '', 28, '2016-06-05 09:04:03', '2016-06-05 09:04:03', 4, 'مدافع', 'يان دوريتسا (مواليد 10 ديسمبر 1981 في دونيسكا ستريدا - تشيكوسلوفاكيا) لاعب كرة قدم سلوفاكي يلعب حاليا لصالح نادي الدرجة الأولى هانوفر الألماني منذ 2010 في مركز قلب الدفاع .', 'سلوفاكي', 23, 0, 'NO'),
(559, 'ستيفن وارد ', '', '1987-08-20', '1465121191', 311, 107, 'Right and Left', 72, 184, '', '', '', 28, '2016-06-05 09:06:31', '2016-06-05 09:06:31', 17, 'مدافع', ' ستيفن روبرت وارد (من مواليد 20 أغسطس 1985) هو المهنية الايرلندية لاعب كرة القدم الذي يلعب لنادي اللغة الإنجليزية بيرنلي . انه قادر على اللعب في العديد من المناصب، ترك في المقام الأول إلى الوراء، ولكن أيضا في خط الوسط الأيسر وكمهاجم.\r\n\r\nجناح بدأ حياته المهنية العليا مع البوهيميين في وطنه أيرلندا، قبل أن ينتقل إلى البطولة الإنجليزية الجانب ولفرهامبتون في عام 2007. وتتميز بانتظام، وقال انه كان جزءا من ترويجها إلى الدوري الممتاز بعد عامين ولعب أكثر من 230 مباراة مع النادي. وبعد هبوط أندية متتالية على الرغم من أنه تم نقل المذكورة،  وترك في نهاية المطاف للعودة إلى الدوري الممتاز مع بيرنلي في عام 2014.\r\n\r\nمنذ عام 2011 انه كان عضوا منتظما لل جمهورية أيرلندا الصورة فرق دولية، ولعب في جميع مبارياتها الثلاث التي خاضتها في كأس الأمم الأوروبية 2012 . ', 'ايرلندا ', 28, 0, 'NO'),
(560, 'جلين ويلان', '', '1984-01-13', '1465121349', 575, 107, 'Right', 79, 180, '', '', '', 26, '2016-06-05 09:09:09', '2016-06-05 09:09:09', 6, 'خط وسط', '', 'ايرلندا', 28, 0, 'NO'),
(562, 'نوربير غيومبر', 'Norbert Gyömber', '1992-07-03', '1465121728', 283, 88, 'Right', 74, 189, '', '', '', 27, '2016-06-05 09:15:28', '2016-06-05 09:15:28', 5, 'مدافع', '', 'سلوفاكي', 23, 0, 'NO'),
(563, 'تيبو كورتوا', 'Thibaut Courtois', '1992-05-11', '1465121761', 1002, 104, 'Right', 91, 199, '', '', '', 23, '2016-06-05 09:16:01', '2016-06-05 09:16:01', 1, 'حارس مرمى', 'يلعب كحارس مرمى لنادي تشيلسي والمنتخب الوطني البلجيكي، لكنه يلعب حتى الآن معاراً مع أتلتيكو مدريد.\r\nلعب تيبوت كورتوا لنادي كي آر سي جينك البلجيكي عام 2009 وشارك في 41 مباراة، ثم انتقل إلى صفوف تشيلسي الإنجليزي ولم يشارك معه، حيث تمت إعارته مباشرة إلى نادي أتلتيكو مدريد الذي خاض معه 111 مباراة.\r\nانضم تيبوت كورتوا إلى المنتخب البلجيكي الأول في 2011 وشارك في 15 مباراة حتى تاريخ 1-06-2014.\r\nحقق تيبوت كورتوا مع نادي كي آر سي جينك البلجيكي لقبين: الدوري البلجيكي مرة واحدة، كأس بلجيكا مرة واحدة.\r\nبينما قاد نادي أتلتيكو مدريد لتحقيق أربعة ألقاب تمثلت في: بطولة الدوري الإسباني مرة واحدة، بطولة كوبا دي راي مرة واحدة، بطولة الدوري الأوروبي مرة واحدة، بطولة السوبر الأوروبي مرة واحدة.\r\nخلال موسم 2013-2014 اعتبر كورتوا من قبل كثيرين أفضل حارس في العالم، فتألقه ساهم بإنجازات غير مسبوقة لأتلتيكو مثل الفوز بالدوري ولعب نهائي دوري أبطال أوروبا.', 'بلجيكي', 14, 0, 'NO'),
(565, 'ميلان شكرينار', 'Milan Škriniar', '1995-02-11', '1465121958', 288, 88, 'Right', 80, 187, '', '', '', 28, '2016-06-05 09:19:18', '2016-06-05 09:19:18', 14, 'مدافع', '', 'سلوفاكي', 23, 0, 'NO'),
(566, 'سيمون مينيوليه', 'Simon Mignolet', '1988-08-06', '1465122176', 819, 104, 'Right', 87, 193, '', '', '', 22, '2016-06-05 09:22:56', '2016-06-05 09:22:56', 12, 'حارس مرمى', 'لاعب كرة قدم بلجيكي يلعب لنادي البريميرليغ ليفربول و المنتخب البلجيكي لكرة القدم في مركز حارس مرمى.\r\nميغنوليت بدأ مسيرته الإحترافية في نادي دوري الدرجة الثانية البلجيكي سينت ترويدن في 2004، وقضى 6 سنوات في النادي ولعب 100 مباراة دوري. انتقل لنادي البريميرليغ سندرلاند في يونيو 2010 بقيمة 2 مليون جنيه استرليني، وقضى ثلاث سنوات مع سندرلاند ولعب في 90 مباراة دوري. وانتقل لليفربول في يناير 2013 بقيمة 9 مليون جنيه استرليني', 'بلجيكي', 14, 0, 'NO'),
(567, 'جيمس ماكلين', '', '1989-04-22', '1465122178', 890, 91, 'Right', 70, 180, '', '', '', 26, '2016-06-05 09:22:58', '2016-06-05 09:22:58', 11, 'خط وسط', '', 'ايرلندا', 28, 0, 'NO'),
(568, 'توماس هوبوكان', 'Tomáš Hubočan', '1985-09-17', '1465122193', 266, 88, 'Right', 70, 184, '', '', '', 25, '2016-06-05 09:23:13', '2016-06-05 09:23:13', 15, 'مدافع', '', 'سلوفاكي', 23, 0, 'NO'),
(569, 'جان فرانسوا جيليه', 'Jean-François Gillet', '1979-05-31', '1465122314', 798, 104, 'Right', 82, 181, '', '', '', 21, '2016-06-05 09:25:14', '2016-06-05 09:25:14', 13, 'حارس مرمى', 'لاعب كرة قدم بلجيكي يلعب حاليا لصالح نادي الدرجة الأولى بولونيا الإيطالي منذ 2011 في مركز حارس مرمى ', 'بلجيكي', 14, 0, 'NO'),
(570, 'جيف هيندريك ', '', '1992-01-31', '1465122440', 311, 107, 'Right and Left', 79, 185, '', '', '', 28, '2016-06-05 09:27:20', '2016-06-05 09:27:20', 13, 'خط وسط', 'النادي:	ديربي كاونتي - إنجلترا	\r\nرقم اللاعب في النادي:   8', 'ايرلندا ', 28, 0, 'NO'),
(571, 'توبي ألدرفايريلد', 'Toby Alderweireld', '1989-03-02', '1465122743', 307, 104, 'Right', 81, 186, '', '', '', 25, '2016-06-05 09:32:23', '2016-06-05 09:32:23', 2, 'مدافع', 'لعب حاليا مع نادي أتلتيكو مدريد في إسبانيا، كما سبق له اللعب مع أياكس أمستردام في هولندا ومع نادي بيرسخوت آ سي في بلجيكا، كما أنه يلعب مع المنتخب البلجيكي الدولي منذ عام 2009 وله أهداف دولية', 'بلجيكي', 14, 0, 'NO'),
(572, 'دافيد ميلر', '', '1989-05-29', '1465122977', 311, 107, 'Right and Left', 91, 189, '', '', '', 27, '2016-06-05 09:36:17', '2016-06-05 09:36:17', 18, 'خط وسط', 'النادي:	هال سيتي - إنجلترا	\r\nرقم اللاعب في النادي:   7', 'ايرلندا', 28, 0, 'NO'),
(573, 'روبي برادي ', '', '1992-01-14', '1465123140', 311, 107, 'Left', 69, 175, '', '', '', 27, '2016-06-05 09:39:00', '2016-06-05 09:39:00', 19, 'خط وسط', '', 'ايرلندا', 28, 0, 'NO'),
(574, 'ويسلي هولاهان', '', '1982-05-20', '1465123407', 311, 107, 'Right', 71, 168, '', '', '', 27, '2016-06-05 09:43:27', '2016-06-05 09:43:27', 20, 'خط وسط', '', 'ايرلندا', 28, 0, 'NO'),
(575, 'ستيفن كوين', '', '1986-04-01', '1465123581', 311, 107, 'Right', 60, 168, '', '', '', 26, '2016-06-05 09:46:21', '2016-06-05 09:46:21', 22, 'خط وسط', '', 'ايرلندا', 28, 0, 'NO'),
(576, 'توماس فيرمايلين', 'Thomas Vermaelen', '1985-11-14', '1465123605', 1003, 104, 'Left', 80, 183, '', '', '', 22, '2016-06-05 09:46:45', '2016-06-05 09:46:45', 3, 'مدافع', 'هو لاعب كرة قدم بلجيكي بدأ مسيرته الكرويه في بلاده بلجيكا ثم انتقل عام 2004 إلى أياكس أمستردام الهولندي وانتقل في 2009 إلى نادي آرسنال الإنجليزي ثم إلى نادي برشلونة الإسباني مقابل 15 مليون يورو', 'بلجيكي', 14, 0, 'NO'),
(577, 'كورنيل سالاتا', 'Kornel Saláta', '1985-01-24', '1465123808', 1004, 127, 'Right', 89, 191, '', '', '', 25, '2016-06-05 09:50:08', '2016-06-05 09:50:08', 16, 'مدافع', 'كورنيل سالاتا (بالإنجليزية: Kornel Saláta) (مواليد 24 يناير 1985 في كامينيكا ناد هرونوم) لاعب كرة قدم سلوفاكي يلعب حاليا لصالح نادي سلوفان براتيسلافا السلوفاكي.', 'سلوفاكي', 23, 0, 'NO'),
(578, 'شين لونغ', '', '1987-01-22', '1465123998', 311, 107, 'Right and Left', 81, 180, '', '', '', 27, '2016-06-05 09:53:18', '2016-06-05 09:53:18', 9, 'مهاجم', '', 'ايرلندا ', 28, 0, 'NO'),
(579, 'جان فيرتونجن', 'Jan Vertonghen', '1987-04-24', '1465124197', 307, 104, 'Right', 79, 189, '', '', '', 22, '2016-06-05 09:56:37', '2016-06-05 09:56:37', 5, 'مدافع', 'لاعب كرة قدم بلجيكي يلعب في نادي توتنهام هوتسبر الإنجليزي ، كما يلعب لمنتخب بلجيكا المشارك في بطولة كأس العالم 2014 في البرازيل .', 'بلجيكي', 14, 0, 'NO'),
(580, 'روبي كين', '', '1980-07-08', '1465124436', 311, 107, 'Right and Left', 72, 175, '', '', '', 27, '2016-06-05 10:00:36', '2016-06-05 10:00:36', 10, 'مهاجم', '', 'ايرلندا', 28, 0, 'NO'),
(581, 'دوسان سفينتو', 'Dušan Švento', '1985-08-01', '1465124439', 1006, 88, 'Right', 70, 178, '', '', '', 28, '2016-06-05 10:00:39', '2016-06-05 10:00:39', 18, 'مدافع', '', 'سلوفاكي', 23, 0, 'NO'),
(582, 'يان جريجوس', 'Ján Greguš', '1991-01-29', '1465124583', 291, 88, 'Right', 70, 189, '', '', '', 28, '2016-06-05 10:03:03', '2016-06-05 10:03:03', 6, 'خط وسط', '', 'سلوفاكي', 23, 0, 'NO'),
(583, 'جوناثان وولترز', '', '1983-09-20', '1465124770', 1008, 87, 'Right and Left', 79, 183, '', '', '', 27, '2016-06-05 10:11:16', '2016-06-05 10:06:10', 14, 'مهاجم', ' وقد وجه والترز حتى في مورتون، ميرسيسايد والبيت الذي عاش في كان عكس ذلك عدد من ملاعب كرة قدم المجتمع. نشأ وترعرع دعم ايفرتون .  وهو متزوج ولديه بنتان وولد.  واحدة من بناته، ولدت سكارليت مع انشقاق البطن الخلقي .توفيت والدته عندما كان صغيرا، وتربى على يد والده، جيمس جنبا إلى جنب مع إخوته ايدين ويعقوب وشقيقته سامانثا. والده جيم هو حامل تذكرة الموسم في ملعب جوديسون بارك .', 'ايرلندا', 28, 0, 'NO'),
(584, 'فلاديمير فايس', 'Vladimír Weiss', '1989-11-30', '1465124849', 236, 88, 'Right', 71, 173, '', '', '', 0, '2016-06-05 10:07:29', '2016-06-05 10:07:29', 0, 'خط وسط', 'فلاديمير فايس (بالإنجليزية: Vladimír Weiss) (مواليد 30 نوفمبر 1989 في براتيسلافا) هو لاعب كرة قدم سلوفاكي يلعب حالياً لصالح نادي لخويا القطري منذ سنة 2014.[1]', 'سلوفاكي', 23, 0, 'NO'),
(585, 'جايسون دينايير', 'Jason Denayer', '1995-06-28', '1465124899', 1007, 104, 'Right', 70, 184, '', '', '', 22, '2016-06-05 10:08:19', '2016-06-05 10:08:19', 15, 'مدافع', 'الفرق الحالية: غلطة سراي', 'بلجيكي', 14, 0, 'NO'),
(586, 'داريل ميرفي', '', '1985-03-15', '1465124992', 571, 107, 'Right and Left', 88, 191, '', '', '', 27, '2016-06-05 10:09:52', '2016-06-05 10:09:52', 21, 'مهاجم', 'فاز ميرفي أول مكالمة له حتى جمهورية ايرلندا المنتخب الوطني بسبب غياب روبي كين بسبب الاصابة، ولكن كان بديلا غير مستخدم. لعب لاول مرة ضد الإكوادور في ملعب العمالقة يوم 24 مايو 2007. وقد حصل منذ أربعة عشر مباراة دولية، ولكن لم يتم بعد تسجيل', 'ايرلندا ', 28, 0, 'NO'),
(587, 'أوندريج دودا', 'Ondrej Duda', '1994-12-05', '1465125124', 290, 88, 'Right', 74, 181, '', '', '', 28, '2016-06-05 10:12:04', '2016-06-05 10:12:04', 8, 'حارس مرمى', '', 'سلوفاكي', 23, 0, 'NO'),
(588, 'توماس منير', 'Thomas Meunier', '1991-09-12', '1465125176', 1009, 104, 'Right', 78, 190, '', '', '', 22, '2016-06-05 10:12:56', '2016-06-05 10:12:56', 16, 'مدافع', 'الفرق الحالية:  نادي كلوب بروج ', 'بلجيكي', 14, 0, 'NO'),
(589, 'ميروسلاف ستوتش', 'Miroslav Stoch', '1989-10-19', '1465125461', 291, 88, 'Right', 66, 169, '', '', '', 25, '2016-06-05 10:17:41', '2016-06-05 10:17:41', 10, 'خط وسط', '', 'سلوفاكي', 23, 0, 'NO'),
(590, 'كريستيان كباسيلي', 'Christian Kabasele', '1991-02-24', '1465125514', 1010, 104, 'Right', 80, 186, '', '', '', 23, '2016-06-05 10:18:34', '2016-06-05 10:18:34', 18, 'مدافع', '', 'بلجيكي', 14, 0, 'NO'),
(591, 'جوردان لوكاكو', 'Jordan Lukaku', '1994-07-25', '1465125735', 307, 104, 'Right', 83, 186, '', '', '', 23, '2016-06-05 10:22:15', '2016-06-05 10:22:15', 21, 'مدافع', 'الفرق الحالية:  نادي أوستنده الرياضي\r\nالأشقاء: روميلو لوكاكو', 'بلجيكي', 14, 0, 'NO'),
(592, 'باتريك هروشوفسكي', 'Patrik Hrošovský', '1992-04-22', '1465125793', 295, 88, 'Right', 68, 172, '', '', '', 28, '2016-06-05 10:23:13', '2016-06-05 10:23:13', 13, 'خط وسط', '', 'سلوفاكي', 23, 0, 'NO'),
(594, 'لوران سيمان', 'Laurent Ciman', '1985-08-05', '1465126118', 307, 104, 'Right', 70, 184, '', '', '', 23, '2016-06-05 10:28:38', '2016-06-05 10:28:38', 23, 'مدافع', 'وران سيمان لاعب كرة قدم بلجيكي ، يلعب في نادي ستاندارد لييج البلجيكي، كما يلعب لمنتخب بلجيكا الذي شارك في نهائيات كأس العالم 2014 في البرازيل', 'بلجيكي', 14, 0, 'NO'),
(595, 'ماريك هامشيك', 'Marek Hamšík', '1987-07-27', '1465126428', 294, 88, 'Right', 79, 183, '', '', '', 28, '2016-06-05 10:33:48', '2016-06-05 10:33:48', 17, 'خط وسط', 'ماريك هامشيك (بالسلوفاكية:Marek Hamšík) (مواليد 27 يوليو 1987 في بانسكا بيستريكا - تشيكوسلوفاكيا) لاعب كرة قدم سلوفاكي يلعب حاليا لصالح نادي نابولي،الدرجة الأولى الإيطالي منذ 2007 في مركز الوسط المحوري.', 'سلوفاكي', 23, 0, 'NO'),
(597, 'راجا ناينغولان', 'Radja Nainggolan', '1988-05-04', '1465126539', 307, 104, 'Right', 65, 176, '', '', '', 23, '2016-06-05 10:35:39', '2016-06-05 10:35:39', 4, 'خط وسط', ' يلعب حاليا في صفوف نادي روما كما سبق أن لعب في صفوف نادي كالياري و نادي بياتشينزا ولعب في صفوف بيرسخوت آ سي في بلجيكا كما لعب مع المنتخب البلجيكي 4 مباريات ويبلغ طوله 175 سم وهو فلمنكي وهو من أصل إندونيسي باتاقي وهو روماني كاثوليكي وهو يتقن التكلم باللغات اللغة الهولندية و اللغة الإنجليزية و اللغة الفلاميشية و اللغة الإيطالية ويفهم قليلا اللغة الفرنسية', 'بلجيكي', 14, 0, 'NO'),
(598, 'أكسيل فيتسل', 'Axel Witsel', '1989-01-12', '1465127028', 798, 104, 'Right', 73, 186, '', '', '', 22, '2016-06-05 10:43:48', '2016-06-05 10:43:48', 6, 'خط وسط', 'لاعب كرة قدم بلجيكي يلعب بنادي زينيت سانت بطرسبرغ في روسيا ، كما لعب لمنتخب بلجيكا خلال مشاركته في بطولة كأس العالم 2014 في البرازيل', 'بلجيكي', 14, 0, 'NO'),
(599, 'يوراي كوسكا', 'Juraj Kucka', '0000-00-00', '1465127041', 296, 88, 'Right', 86, 186, '', '', '', 28, '2016-06-05 10:44:01', '2016-06-05 10:44:01', 19, 'خط وسط', 'يوراي كوتشا (بالإنجليزية: Juraj Kucka) (مواليد 26 فبراير 1987 في بوينيتسى) لاعب كرة قدم سلوفاكي يلعب حاليا لصالح نادي إي سي ميلان الإيطالي .', 'سلوفاكي', 23, 0, 'NO'),
(601, 'آدام نيمك', 'Adam Nemec', '1985-09-02', '1465127222', 294, 88, 'Right', 84, 190, '', '', '', 25, '2016-06-05 10:47:02', '2016-06-05 10:47:02', 11, 'مهاجم', '', 'سلوفاكي', 23, 0, 'NO'),
(602, 'كيفين دي بروين', 'Kevin De Bruyne', '1991-06-28', '1465127394', 307, 104, 'Right and Left', 86, 181, '', '', '', 22, '2016-06-05 10:49:54', '2016-06-05 10:49:54', 7, 'خط وسط', 'لاعب كرة قدم بلجيكي يلعب حالياً لنادي مانشستر سيتي الإنجليزي، كما يلعب لمنتخب بلجيكا الأول لكرة القدم', 'بلجيكي', 14, 0, 'NO'),
(603, 'ميشال دوريس', 'Michal Ďuriš', '1988-06-01', '1465127457', 1012, 94, 'Right', 75, 183, '', '', '', 28, '2016-06-05 10:50:57', '2016-06-05 10:50:57', 21, 'مهاجم', '', 'سلوفاكي', 23, 0, 'NO'),
(604, 'روبيرت ماك', 'Róbert Mak', '1991-03-08', '1465127614', 236, 88, 'Right', 78, 179, '', '', '', 28, '2016-06-05 10:53:34', '2016-06-05 10:53:34', 20, 'خط وسط', '', 'سلوفاكي', 23, 0, 'NO'),
(605, 'فيكتور بيكوفسكي', 'Viktor Pečovský', '1983-05-24', '1465127799', 297, 88, 'Right', 74, 171, '', '', '', 25, '2016-06-05 10:56:39', '2016-06-05 10:56:39', 22, 'خط وسط', '', 'سلوفاكي', 23, 0, 'NO'),
(606, 'مروان فيلايني', 'Marouane Fellaini', '1987-11-22', '1465127962', 1013, 104, 'Right', 85, 194, '', '', '', 22, '2016-06-05 10:59:22', '2016-06-05 10:59:22', 8, 'خط وسط', 'مروان فلايني من مواليد 22 نوفمبر 1987، هو لاعب كرة قدم بلجيكي يلعب لنادي مانشستر يونايتد ومنتخب بلجيكا لكرة القدم فئة الشباب كلاعب وسط من أصول مغاربية.\r\n\r\nبدأ مروان مسيرته الرياضية عام 1994 مع اندرلخت. ومن ثم انتقل عام 2008 إلى نادي ايفرتون الانجليزي وفي سنة 2013 بعد محاولات من نادي مانشستر يونايتد في بداية الانتقالات الصيفية أستطاع النادي الانجليزي استقطاب اللاعب البلجيكي مروان فلايني في الساعات الأخيرة من الانتقالات بمبلغ قدر ب 27.5 مليون جنية إسترليني.\r\nانضم مروان فلايني إلى المنتخب البلجيكي الأول منذ 2007 ليشارك في 48 مباراة ويحرز 8 أهداف حتى تاريخ 1-06-2014.', 'بلجيكي', 14, 0, 'NO'),
(610, 'إدين هازارد', 'Eden Hazard', '1991-01-07', '1465128435', 1014, 104, 'Right', 74, 173, '', '', '', 23, '2016-06-05 11:07:15', '2016-06-05 11:07:15', 10, 'خط وسط', 'لاعب كرة قدم بلجيكي يلعب حاليا لصالح نادي تشيلسي الإنجليزي منذ 2012 ويلعب في المنتخب البلجيكي في مركز الوسط المهاجم كما يجيد اللعب في مركز الجناح. قام بالتوقيع لصالح نادي تشيلسي اللندني في فترة الانتقالات للموسم 2012-2013، و قدرت قيمة الصفقة ب 32 مليون جنيه استرليني. يعتبر ثاني أغلى لاعب يوقع لنادي شلسي بعد فرناندو توريس[3]. حصل على جائزة رابطة اللاعبين المحترفين لأفضل لاعب شاب في الدوري الإنجليزي الممتاز لموسم 2013-2014', 'بلجيكي', 14, 0, 'NO'),
(611, 'يانيك فيريرا كاراسكو', 'Yannick Carrasco', '1993-09-04', '1465128813', 1016, 104, 'Right', 67, 180, '', '', '', 23, '2016-06-05 11:13:33', '2016-06-05 11:13:33', 11, 'خط وسط', 'هو لاعب كرة قدم بلجيكي في مركز الوسط ولد في يوم 4 سبتمبر 1993 في مدينة إيكسل في بلجيكا يلعب حاليا مع نادي موناكو في فرنسا كما سبق له اللعب مع نادي جينك ومع نادي بيرسخوت آ سي ومع ديجم سبورت و مع نادي ستاد إيفوريس , كما أنه يلعب مع منتخب بلجيكا تحت 21 سنة لكرة القدم', 'بلجيكي', 14, 0, 'NO'),
(612, 'موسى ديمبيلي', 'Mousa Dembélé', '1987-07-16', '1465129123', 307, 104, 'Right', 82, 185, '', '', '', 22, '2016-06-05 11:18:43', '2016-06-05 11:18:43', 19, 'مهاجم', 'لاعب كرة قدم بلجيكي دولي يجيد اللعب في خط الهجوم . يلعب حاليا لصالح نادي توتنهام هوتسبر الإنجليزي منذ 2012 .', 'بلجيكي', 14, 0, 'NO'),
(616, 'روميلو لوكاكو', 'Romelu Lukaku', '1993-05-13', '1465130149', 307, 104, 'Left', 93, 190, '', '', '', 22, '2016-06-05 11:35:49', '2016-06-05 11:35:49', 9, 'مهاجم', 'روميلو لوكاكو ولد في 13 مايو 1993، هو لاعب كرة قدم بلجيكي يلعب حالياً لنادي إيفرتون الإنجليزي معاراً من تشيلسي الإنجليزي.\r\nبدأ روميلو لوكاكو مسيرته الاحترافية مع نادي أندرلخت البلجيكي ليخوض معهم 73 مباراة ويحرز 33 هدف، ثم انتقل إلى نادي تشيلسي الإنجليزي عام 2011 وشارك في 10 مباريا دون أن يحرز أي أهداف.\r\nبعد ذلك أعير روميلو لوكاكو مرتين إلى نادي ويست بروميتش الإنجليزي عام 2012 وسجل 17 هدف، ثم إلى نادي إيفرتون عام 2013 وسجل 15 هدف.\r\nانضم روميلو لوكاكو إلى المنتخب البلجيكي الأول عام 2010 وشارك في 28 مباراة وأحرز 8 أهداف حتى تاريخ 1-06-2014.\r\nحقق روميلو لوكاكو مع نادي أندرلخت البلجيكي لقب الدوري البلجيكي مرة واحدة، بينما حقق مع نادي تشيلسي الإنجليزي لقب كأس إنجلترا مرة واحدة.', 'بلجيكي', 14, 0, 'NO'),
(619, 'درايز ميرتنز', 'Dries Mertens', '1987-05-06', '1465130517', 799, 104, 'Right', 61, 169, '', '', '', 23, '2016-06-05 11:41:57', '2016-06-05 11:41:57', 14, 'مهاجم', 'هو جناح نادي نابولي والمنتخب البلجيكي لكرة القدم ولعب ميرتنز لأندية جينت وإندرشت ألست وأبيلدورن البلجيكيين وأيندهوفن الهولندي ونابولي الإيطالي .\r\n', 'بلجيكي', 14, 0, 'NO'),
(622, 'ديفوك اوريجى', 'Divock Origi', '1995-04-18', '1465131267', 812, 104, 'Right', 75, 185, '', '', '', 23, '2016-06-05 11:54:27', '2016-06-05 11:54:27', 17, 'مهاجم', 'لاعب كرة قدم بلجيكي كما يحمل الجنسية الكينية ، يلعب في نادي ليل الفرنسي معاراً من نادي ليفربول، كما يلعب لمنتخب بلجيكا المشارك في بطولة كأس العالم 2014 في البرازيل', 'بلجيكي', 14, 0, 'NO'),
(624, 'كريستيان بنتيكي', 'Christian Benteke', '1990-12-03', '1465131825', 307, 104, 'Right', 83, 190, '', '', '', 23, '2016-06-05 12:03:45', '2016-06-05 12:03:45', 20, 'مهاجم', 'هو لاعب كرة قدم بلجيكي يلعب لنادي ليفربول ومنتخب بلجيكا لكرة القدم فئة الشباب كمهاجم', 'بلجيكي', 14, 0, 'NO'),
(626, 'ميتشي باتشوايي', 'Michy Batshuayi', '1993-10-02', '1465132128', 792, 104, 'Right', 78, 185, '', '', '', 23, '2016-06-05 12:08:48', '2016-06-05 12:08:48', 22, 'مهاجم', 'يلعب حالياً مع نادي مرسيليا في فرنسا كما سبق له اللعب مع ستاندارد لييج و آندرلخت و نادي بروكسل في بلجيكا ولعب مع منتخب بلجيكا تحت 21 سنة', 'بلجيكي', 14, 0, 'NO'),
(632, 'إيفان فارجيتش', 'Ivan Vargić', '1987-03-15', '1465134798', 1022, 96, 'Right', 90, 192, '', '', '', 28, '2016-06-05 12:53:18', '2016-06-05 12:53:18', 1, 'حارس مرمى', '', 'كرواتي', 16, 0, 'NO'),
(636, 'لوفري كالينيتش', 'Lovre Kalinić', '1990-04-03', '1465137925', 669, 96, 'Right', 96, 201, '', '', '', 28, '2016-06-05 13:45:25', '2016-06-05 13:33:00', 12, 'حارس مرمى', '', 'كرواتي', 16, 0, 'NO'),
(637, 'دانييل سوباشيتش', 'Danijel Subašić', '1984-10-27', '1465137778', 670, 96, 'Right', 87, 191, '', '', '', 28, '2016-06-05 13:42:58', '2016-06-05 13:35:47', 23, 'حارس مرمى', 'دانييل سوباشيتش (بالكرواتية: Danijel Subašić) (مواليد 27 أكتوبر 1984 في زادار, جمهورية يوغسلافيا الاشتراكية الاتحادية) لاعب كرة قدم كرواتي يجيد اللعب في مركز حارس المرمى ويلعب حاليا في نادي موناكو الفرنسي منذ 2012.', 'كرواتي', 16, 0, 'NO'),
(641, 'ماركو بجاكا', 'Marko Pjaca', '1995-05-06', '1465138438', 667, 96, 'Right', 81, 186, '', '', '', 25, '2016-06-05 13:53:58', '2016-06-05 13:53:58', 20, 'مهاجم', '', 'كرواتي', 16, 0, 'NO'),
(642, 'دوجي كوب', 'Duje Čop', '1990-02-01', '1465138599', 692, 96, 'Right', 73, 184, '', '', '', 25, '2016-06-05 13:56:39', '2016-06-05 13:56:39', 22, 'مهاجم', '', 'كرواتي', 16, 0, 'NO'),
(644, 'شيم فيرساليكو', 'Šime Vrsaljko', '1992-01-10', '1465138771', 670, 96, 'Right', 75, 183, '', '', '', 26, '2016-06-05 13:59:31', '2016-06-05 13:59:31', 2, 'مدافع', '', 'كرواتي', 16, 0, 'NO'),
(645, 'بيتر تشيك', 'Petr Čech', '1982-05-20', '1465138806', 1025, 94, 'Right', 90, 196, '', '', '', 22, '2016-06-05 14:00:06', '2016-06-05 14:00:06', 1, 'حارس مرمى', 'بدأ مسيرته الكروية مع نادي إف كا خميل بلشاني في عام 1999، ولعب معهم حتى عام 2001، وشارك معهم في 27 مباراة، وفي موسم 2001/2002 لعب مع نادي سبارتا براغ، وشارك معهم في 27 مباراة، وفي عام 2002 انتقل إلى نادي رين الفرنسي، ولعب معهم حتى عام 2004، وشارك معهم في 70 مباراة، ومنذ عام 2005 وهو يلعب مع نادي تشيلسي الإنجليزي.\r\nو قد بدأ باللعب مع منتخب التشيك لكرة القدم في عام 2002. اختير كأحسن حارس مرمى في أوروبا 2005. تعرض تشيك إلى كسر في الجمجمة إثر تدخل عنيف من أحد المهاجمين في بطولة كأس إنجلترا عام 2006 ولهذا السبب يرتدي الحماية في كل مباراة. وانتقل الى نادي ارسنال في يونيو 2015 أعلن نادي ارسنال اللندني لكرة القدم أنه ضم حارس مرمى نده تشيلسي، التشيكي بيتر تشيك، الى صفوفه لقاء مبلغ لم يعلن عنه. وقال النادي إن تشيك، الذي خاض اكثر من 400 مباراة لصالح تشيلسي في 11 موسما قضاها في ستامفورد بريج، قد انضم إلى أرسنال بموجب عقد طويل الأمد.', 'تشيكي', 19, 0, 'NO'),
(646, 'إيفان سترينيتش', 'Ivan Strinić', '1987-07-17', '1465139122', 669, 96, 'Right', 78, 186, '', '', '', 26, '2016-06-05 14:05:22', '2016-06-05 14:05:22', 3, 'مدافع', '', 'كرواتي', 16, 0, 'NO'),
(647, 'فيدران تشورلوكا', 'Vedran Ćorluka', '1986-02-05', '1465140082', 876, 140, 'Right', 84, 192, '', '', '', 27, '2016-06-05 14:21:22', '2016-06-05 14:21:22', 5, 'مدافع', 'فيدران تشورلوكا، من مواليد 5 فبراير 1986 في درفينتا في يوغسلافيا، لاعب كرة قدم كرواتي.\r\nبدأ مسيرته الكروية مع نادي دينامو زغرب في عام 2003، ولعب معهم حتى عام 2007، وشارك معهم في 61 مباراة وسجل 7 أهداف، وفي موسم 2004/2005 أعير إلى نادي إنتر زابريستش، ولعب معهم 27 مباراة وسجل 4 أهداف، ومنذ عام 2007 وهو يلعب مع نادي مانشستر سيتي الإنجليزي، وفي عام 2008 انتقل إلى نادي توتنهام هوتسبير الإنجليزي ، يعتبر من اللاعبين طوال القامة حيث يبلغ طوله 192 سم ، يتمتع ببنية جسمانية قوية، صنع أكثر من 10 اهداف و سجل هدفين في موسم 2008\\2009.\r\nبدأ مسيرته مع منتخب كرواتيا لكرة القدم في عام 2006.', 'كرواتي', 16, 0, 'NO'),
(648, 'تين جيدفاج', 'Tin Jedvaj', '1995-11-28', '1465140437', 667, 96, 'Right', 80, 184, '', '', '', 25, '2016-06-05 14:27:17', '2016-06-05 14:27:17', 6, 'مدافع', 'تين جيدفاج Tin Jedvaj وهو لاعب كرة قدم كرواتي في مركز الدفاع ولد في يوم 28 نوفمبر 1995 في مدينة زغرب عاصمة كرواتيا وهو يلعب حالياً مع بايرن ليفركوزن في الدوري الألماني معاراً من نادي روما كما سبق له اللعب مع دينامو زغرب و إن كاي زغرب في كرواتيا ويبلغ طوله 188 سم [1].', 'كرواتي', 16, 0, 'NO'),
(649, 'داريو سرنا', 'Darijo Srna', '1982-05-01', '1465140766', 1027, 96, 'Right', 78, 178, '', '', '', 28, '2016-06-05 14:32:46', '2016-06-05 14:32:46', 11, 'مدافع', 'داريو سرنا، من مواليد 1 مايو 1982 في ميتكوفيتش في كرواتيا، لاعب كرة قدم كرواتي.\r\nبدأ مسيرته الكروية مع نادي هايدوك سبيلت الكرواتي في عام 1999، ولعب معهم حتى عام 2003، وشارك معهم في 70 مباراة وسجل 7 أهداف، ومنذ عام 2003 وهو يلعب مع نادي شاختار دونتسك الأوكراني.\r\nو قد بدأ باللعب مع منتخب كرواتيا لكرة القدم في عام 2002.', 'كرواتي', 16, 0, 'NO'),
(650, 'توماس فاتشليك', 'Tomáš Vaclík', '1989-03-29', '1465141096', 278, 94, 'Right', 85, 188, '', '', '', 23, '2016-06-05 14:38:16', '2016-06-05 14:38:16', 16, 'حارس مرمى', 'الفرق الحالية:  نادي بازل', 'تشيكي', 19, 0, 'NO'),
(651, 'غوردون شيلدينفيلد', 'Gordon Schildenfeld', '1985-03-18', '1465141114', 673, 96, 'Right', 89, 191, '', '', '', 25, '2016-06-05 14:38:34', '2016-06-05 14:38:34', 13, 'مدافع', 'غوردون تشيلدينفيلد (بالكرواتية: Gordon Schildenfeld) (مواليد 18 مارس 1985 في شيبينيك, جمهورية يوغسلافيا الاشتراكية الاتحادية) لاعب كرة قدم كرواتي ذو أصول نمساوية يجيد اللعب في مركز قلب الدفاع ويلعب حاليا في آينتراخت فرانكفورت الألمانية منذ 2011.', 'كرواتي', 16, 0, 'NO'),
(652, 'توماس كوبيك', 'Tomáš Koubek', '1992-08-26', '1465141346', 1028, 94, 'Right', 95, 198, '', '', '', 22, '2016-06-05 14:42:26', '2016-06-05 14:42:26', 23, 'حارس مرمى', 'الفرق الحالية:  نادي سلوفان ليبيريتس', 'تشيكي', 19, 0, 'NO'),
(653, 'دوماغوي فيدا', 'Domagoj Vida', '1989-04-29', '1465141442', 1029, 96, 'Right', 73, 184, '', '', '', 26, '2016-06-05 14:44:02', '2016-06-05 14:44:02', 21, 'مدافع', '', 'كرواتي', 16, 0, 'NO'),
(654, 'دافيد لافاتا', 'David Lafata', '1981-09-18', '1465141559', 1030, 94, 'Right', 72, 180, '', '', '', 23, '2016-06-05 14:45:59', '2016-06-05 14:45:59', 21, 'مهاجم', 'لاعب كرة قدم تشيكي يجيد اللعب في مركز المهاجم ويلعب حاليا في بوميت يابلونيتش التشيكي منذ 2008', 'تشيكي', 19, 0, 'NO'),
(655, 'إيفان بيريشيتش', 'Ivan Perišić', '1989-02-02', '1465141661', 669, 96, 'Right', 80, 187, '', '', '', 24, '2016-06-05 14:47:41', '2016-06-05 14:47:41', 4, 'خط وسط', '', 'كرواتي', 16, 0, 'NO'),
(656, 'ميلان سكودا', 'Milan Škoda', '1986-01-16', '1465141782', 481, 127, 'Right', 86, 190, '', '', '', 22, '2016-06-05 14:49:42', '2016-06-05 14:49:42', 12, 'مهاجم', 'الفريق الحالي: سلافيا براغ ', 'تشيكي', 19, 0, 'NO'),
(657, 'إيفان راكيتيتش', 'Ivan Rakitić', '1988-03-10', '1465141909', 1031, 85, 'Right', 78, 184, '', '', '', 26, '2016-06-05 14:51:49', '2016-06-05 14:51:49', 7, 'خط وسط', 'إيفان راكيتش (بالإنجليزية: Ivan Rakitić) هو لاعب كرة قدم كرواتي، من مواليد 10 مارس 1988 في مالين في سويسرا. يلعب حالياً في مركز خط وسط مع نادي الدرجة الأولى نادي برشلونة الإسباني منذ عام 2014حتى الان وهو من ابرز لاعبين نادي برشلونة يمتاز بقوة الركل مركزه المفضل وسط الملعب وفيه يبدع كثيرا ويستطيع جيدا قراءة الملعب ، كما أنه يمتاز بصناعة الأهداف بتمريرات حاسمة لزملائه، لديه مهارة كبيرة في التلاعب بالكرة، ويستطيع اللعب كلاعب ارتكاز وكلاعب وسط هجومي وأيضا كصانع ألعاب خلف المهاجمين.[2]', 'كرواتي', 16, 0, 'NO'),
(658, 'توماش نسيد', 'Tomáš Necid', '1989-08-13', '1465141912', 278, 94, 'Right', 81, 190, '', '', '', 23, '2016-06-05 14:51:52', '2016-06-05 14:51:52', 7, 'مهاجم', 'لاعب كرة قدم تشيكي دولي يجيد اللعب في خط الهجوم . يلعب حاليا لصالح نادي سسكا موسكو الروسي منذ 2009 1', 'تشيكي', 19, 0, 'NO'),
(659, 'ماتيو كوفاتشيتش', 'Mateo Kovačić', '1994-05-06', '1465143047', 310, 108, 'Right', 77, 178, '', '', '', 25, '2016-06-05 15:10:47', '2016-06-05 15:10:47', 8, 'خط وسط', '', 'كرواتي', 16, 0, 'NO'),
(660, 'لوكا مودريتش', 'Luka Modrić', '1985-09-09', '1465143244', 670, 96, 'Right', 65, 174, '', '', '', 23, '2016-06-05 15:14:04', '2016-06-05 15:14:04', 10, 'خط وسط', 'لوكا مودريتش، من مواليد 9 سبتمبر 1985 في زادار في كرواتيا، لاعب كرة قدم كرواتي يلعب مع نادي ريال مدريد الإسباني منذ عام 2012 قادماً من توتنهام هوتسبر الإنجليزي ، مودريتش يلعب أساسياً باعتباره لاعب خط الوسط المركزي ، ولكن يمكن أيضا أن يلعب باعتباره لاعب خط الوسط المهاجم و الجناح . بعد عدة في نادي مسقط زادار فريق الشباب ، تم التوقيع على يد نادي دينامو زغرب عندما كان مراهقا في عام 2002.الذي فاز بثلاثة ألقاب متتالية للدوري وعدة كؤوس محلية، وفي عام 2008 انتقل إلى توتنهام هوتسبر في إنجلترا، قبل أن ينتقل إلى ريال مدريد في صيف عام 2012.\r\nأول مباراة دولية لمودريتش له ضد الأرجنتين في مارس 2006. وقد شارك منذ ذلك الحين في أربع بطولات كبرى، كأس العالم 2006 ، كأس العالم 2014 وكأس الأمم الأوروبية 2008 وكأس الأمم الأوروبية 2012 ، وسجل هدفه الدولي الأول في مباراة ودية ضد إيطاليا.', 'كرواتي ', 16, 0, 'NO'),
(664, 'مارسيلو بروزوفيتش', 'Marcelo Brozović', '1992-11-16', '1465143491', 667, 96, 'Right', 68, 181, '', '', '', 25, '2016-06-05 15:18:11', '2016-06-05 15:18:11', 14, 'خط وسط', '', 'كرواتي', 16, 0, 'NO'),
(665, 'ماركو روج', 'Marko Rog', '1995-07-19', '1465143712', 699, 96, 'Right', 73, 180, '', '', '', 24, '2016-06-05 15:21:52', '2016-06-05 15:21:52', 15, 'خط وسط', '', 'كرواتي', 16, 0, 'NO'),
(666, 'أنتي كوريتش', 'Ante Ćorić', '1997-04-14', '1465143970', 667, 96, 'Right', 70, 177, '', '', '', 24, '2016-06-05 15:26:10', '2016-06-05 15:26:10', 18, 'خط وسط', 'أنتي كوريتش (من مواليد 14 أبريل 1997) هو الكرواتية لاعب كرة قدم ل فريق دينامو زغرب في برفا HNL باعتباره لاعب خط الوسط', 'كرواتي', 16, 0, 'NO'),
(669, 'ميلان باديلي', 'Milan Badelj', '1989-02-25', '1465144153', 667, 96, 'Right', 76, 186, '', '', '', 25, '2016-06-05 15:29:13', '2016-06-05 15:29:13', 19, 'خط وسط', '', 'كرواتي', 16, 0, 'NO'),
(670, 'أندريج كراماريتش', 'Andrej Kramarić', '1991-06-19', '1465144299', 667, 96, 'Right', 70, 177, '', '', '', 24, '2016-06-05 15:31:39', '2016-06-05 15:31:39', 9, 'مهاجم', '', 'كرواتي', 16, 0, 'NO'),
(671, 'نيكولا كالينيتش', 'Nikola Kalinić', '1988-01-05', '1465144536', 1033, 96, 'Right', 80, 187, '', '', '', 24, '2016-06-05 15:35:36', '2016-06-05 15:35:36', 16, 'مهاجم', 'نيكولا كالينيتش، من مواليد 5 يناير 1988 في سولين في كرواتيا، لاعب كرة قدم كرواتي.\r\nبدأ مسيرته الكروية مع نادي بولا في موسم 2005/2006، وشارك معهم في 12 مباراة وسجل 3 أهداف، وفي موسم 2006/2007 انتقل إلى نادي سيبينيك، ولعب معهم 8 مباريات وسجل 4 أهداف، ومنذ عام 2007 وهو يلعب مع نادي هايدوك سبيليت.\r\nبدأ مسيرته مع منتخب كرواتيا لكرة القدم في عام 2008.', 'كرواتي', 16, 0, 'NO'),
(672, 'ماريو ماندجوكيتش', 'Mario Mandžukić', '1986-05-21', '1465144682', 680, 96, 'Right', 85, 190, '', '', '', 24, '2016-06-05 15:38:02', '2016-06-05 15:38:02', 17, 'مهاجم', '', 'كرواتي', 16, 0, 'NO'),
(677, 'دينيس بويكو', '', '1988-01-29', '1465290850', 269, 113, 'Right and Left', 82, 194, '', '', '', 28, '2016-06-07 08:14:10', '2016-06-07 08:14:10', 1, 'حارس مرمى', ' في 21 يناير عام 2016، وقعت بويكو عقدا لمدة 4 سنوات مع النادي التركي بشيكتاش ، مقابل رسم قدره حوالي 3.30 مليون €. كان بويكو بداية مشكلة في بشكتاش التركي، مما يجعل الأخطاء الحرجة وتلقت شباكه هدفا في أول مجموعة له من مباريات. وقد غادر في نهاية المطاف على مقاعد البدلاء من قبل سينول جونيس الذي بدأ مرة أخرى مع طولغا زنكين . ', 'اوكرانيا', 6, 0, 'NO'),
(678, 'ميكيتا شيفشينكو', '', '1993-01-26', '1465291337', 1035, 113, 'Right and Left', 80, 187, '', '', '', 27, '2016-06-07 08:24:27', '2016-06-07 08:22:17', 23, 'حارس مرمى', '', 'اوكرانى', 6, 0, 'NO'),
(679, 'أوليكساندر زينشينكو', '', '1996-12-15', '1465291982', 1036, 113, 'Right and Left', 61, 175, '', '', '', 28, '2016-06-08 07:23:09', '2016-06-07 08:33:02', 21, 'خط وسط', '', 'اوكرانيا', 6, 0, 'NO'),
(680, 'ارتيم فيديتسكي', '', '1985-04-26', '1465292733', 1037, 113, 'Right and Left', 76, 183, '', '', '', 28, '2016-06-07 08:46:56', '2016-06-07 08:45:33', 17, 'مدافع', '', 'اوكرانى', 6, 0, 'NO'),
(681, 'أندري يارمولينكو', '', '1989-10-23', '1465295446', 1038, 160, 'Right and Left', 81, 189, '', '', '', 27, '2016-06-07 09:38:26', '2016-06-07 09:30:46', 7, 'خط وسط', '', 'اوكرانيا', 6, 0, 'NO'),
(682, 'فيكتور كوفالينكو ', '', '1996-02-14', '1465296188', 640, 113, 'Right and Left', 75, 182, '', '', '', 28, '2016-06-07 09:43:08', '2016-06-07 09:43:08', 9, 'خط وسط', 'النادي:	شاختار دونيتسك - أوكرانيا	\r\nرقم اللاعب في النادي:   74', 'اوكرانى', 6, 0, 'NO'),
(683, 'روسلان روتان ', '', '1981-10-29', '1465296635', 1039, 113, 'Right', 67, 174, '', '', '', 28, '2016-06-07 09:52:24', '2016-06-07 09:50:35', 14, 'خط وسط', '', 'اوكرانى', 6, 0, 'NO'),
(684, 'سيرهي سيدورتشوك', '', '1991-05-02', '1465297044', 639, 113, 'Right and Left', 90, 189, '', '', '', 27, '2016-06-07 09:57:24', '2016-06-07 09:57:24', 16, 'خط وسط', 'النادي:	دينامو كييف - أوكرانيا	\r\nرقم اللاعب في النادي:   16', 'اوكرانى', 6, 0, 'NO'),
(685, 'سيرجي ريبالكا ', '', '1990-04-01', '1465373892', 1040, 113, 'Right and Left', 70, 176, '', '', '', 28, '2016-06-08 07:19:44', '2016-06-08 07:18:12', 18, 'خط وسط', 'النادي:	دينامو كييف - أوكرانيا	\r\nرقم اللاعب في النادي:   17', 'اوكرانيا', 6, 0, 'NO'),
(686, 'ألكسندر كارافاييف', '', '1992-06-02', '1465374373', 640, 113, 'Right and Left', 65, 173, '', '', '', 26, '2016-06-08 07:26:13', '2016-06-08 07:26:13', 22, 'خط وسط', '', 'اوكرانيا', 6, 0, 'NO'),
(687, 'ارتور بوروتس', '', '1980-02-20', '1465375378', 902, 92, 'Right', 88, 193, '', '', '', 28, '2016-06-08 07:42:58', '2016-06-08 07:42:58', 12, 'حارس مرمى', '', 'اوكرانيا', 6, 0, 'NO'),
(688, 'توماس جودلوويش ', '', '1985-08-08', '1465376943', 269, 113, 'Right', 91, 189, '', '', '', 27, '2016-06-08 08:09:03', '2016-06-08 08:09:03', 6, 'خط وسط', '', 'بولندا', 6, 0, 'NO'),
(689, 'روي كارول', '', '1977-09-30', '1465378882', 880, 91, 'Right', 80, 188, '', '', '', 28, '2016-06-08 08:41:22', '2016-06-08 08:41:22', 12, 'حارس مرمى', 'النادي:	نوتس كاونتي - إنجلترا	رقم اللاعب في النادي:   1', 'ايرلندى- ايرلندا الشماليه', 8, 0, 'NO'),
(690, 'روي كارول', '', '1977-09-30', '1465378882', 880, 91, 'Right', 80, 188, '', '', '', 28, '2016-06-08 08:41:41', '2016-06-08 08:41:22', 12, 'حارس مرمى', 'النادي:	نوتس كاونتي - إنجلترا	\r\nرقم اللاعب في النادي:   1', 'ايرلندى- ايرلندا الشماليه', 8, 0, 'NO'),
(691, 'لي هودسون ', '', '1991-10-02', '1465379688', 1042, 87, 'Right and Left', 71, 174, '', '', '', 27, '2016-06-08 08:55:41', '2016-06-08 08:54:48', 22, 'مدافع', 'النادي:	ميلتون كينز دونز - إنجلترا	\r\nرقم اللاعب في النادي:   2', 'ايرلندى- ايرلندا الشماليه', 8, 0, 'NO'),
(692, 'كوري إيفانس', '', '1990-07-30', '1465380078', 733, 91, 'Right and Left', 69, 173, '', '', '', 28, '2016-06-08 09:01:18', '2016-06-08 09:01:18', 13, 'خط وسط', '', 'ايرلندى- ايرلندا الشماليه', 8, 0, 'NO'),
(693, 'أوليفير نورود ', '', '1991-04-12', '1465380359', 1043, 87, 'Right and Left', 76, 180, '', '', '', 29, '2016-06-08 09:05:59', '2016-06-08 09:05:59', 16, 'خط وسط', 'النادي:	ريدينج - إنجلترا	\r\nرقم اللاعب في النادي:   6', 'ايرلندى- ايرلندا الشماليه', 8, 0, 'NO'),
(694, 'ستيف مانداندا', '', '1985-03-28', '1465382141', 1045, 161, 'Right and Left', 82, 185, '', '', '', 26, '2016-06-08 09:35:41', '2016-06-08 09:35:41', 12, 'حارس مرمى', 'النادي:	مارسيليا - فرنسا	\r\nرقم اللاعب في النادي:   30', 'فرنسا ', 4, 0, 'NO'),
(695, 'بونوا كوستيل ', '', '1987-07-03', '1465382420', 1046, 81, 'Right and Left', 86, 188, '', '', '', 28, '2016-06-08 09:41:26', '2016-06-08 09:40:20', 23, 'حارس مرمى', 'النادي:	رين - فرنسا	\r\nرقم اللاعب في النادي:   1', 'فرنسا', 4, 0, 'NO'),
(696, 'كريستوف جاليه', '', '1983-10-31', '1465382796', 1047, 81, 'Right and Left', 70, 178, '', '', '', 27, '2016-06-08 09:47:43', '2016-06-08 09:46:36', 2, 'مدافع', 'النادى : Lyon (FRA)\r\n', 'فرنسا', 4, 0, 'NO'),
(699, 'كينغسلي كومان', '', '1996-06-13', '1465461279', 34, 81, 'Right and Left', 71, 178, '', '', '', 27, '2016-06-09 07:34:39', '2016-06-09 07:34:39', 20, 'خط وسط', 'لاعب كرة القدم الذي يلعب ل نادي بايرن ميونيخ ، على سبيل الإعارة من نادي يوفنتوس ، و منتخب فرنسا باعتبارها الأمام أو الجناح .', 'فرنسا', 4, 0, 'NO'),
(700, 'أندريه بيير جينياك', '', '1985-12-05', '1465461600', 1050, 81, 'Right and Left', 84, 187, '', '', '', 28, '2016-06-09 07:41:06', '2016-06-09 07:40:00', 10, 'مهاجم', '', 'فرنسا', 4, 0, 'NO'),
(701, 'انطوان غريزمان', '', '1995-12-05', '1465461920', 31, 81, 'Right and Left', 76, 181, '', '', '', 28, '2016-06-09 07:45:20', '2016-06-09 07:45:20', 11, 'مهاجم', 'النادي:	أتلتيكو مدريد - أسبانيا	\r\nرقم اللاعب في النادي:   7', 'فرنسا', 4, 0, 'NO');
INSERT INTO `players` (`id`, `name`, `nickname`, `birth_date`, `flag`, `city_id`, `country_id`, `prefered_foot`, `weight`, `height`, `facebook`, `twitter`, `instagram`, `speed`, `updated_at`, `created_at`, `num`, `position`, `addition_info`, `nationality`, `team_id`, `team_number`, `best`) VALUES
(702, ' نيكو ايلفدى -Nico Elvedi', '', '1996-09-30', '1465462737', 75, 85, 'Right and Left', 83, 188, '', '', '', 27, '2016-06-09 07:58:57', '2016-06-09 07:58:57', 4, 'مدافع', 'لعب لعدة فرق الشباب السويسرية، ولاول مرة لكبار المنتخب الوطني لكرة القدم سويسرا في 1-2 خسارة ودية ل بلجيكا في 28 مايو 2016.', 'سويسرا', 11, 0, 'NO'),
(703, 'مايكل لانج', '', '1991-02-08', '1465463048', 321, 85, 'Right and Left', 79, 185, '', '', '', 28, '2016-06-09 08:04:08', '2016-06-09 08:04:08', 6, 'مدافع', 'يلعب ل نادي بازل\r\n يوم 1 يونيو عام 2015، انضم لانج بازل في صفقة انتقال حر. قال انه لاول مرة الأولى فريقه الدوري في 19 يوليو 2015 في الفوز 2-0 على أرضه ضد فادوز .وسجل هدفه الأول لناديه الجديد فقط بعد أسبوع واحد يوم 25 يوليو خلال مباراة الذهاب ضد ناديه القديم جراسهوبرز نادي. وكان الهدف الأخير من المباراة، وفاز بازل 3-2. وفي ظل المدرب أورس فيشر فاز لانج السويسري الدوري الممتاز البطولة في نهاية الموسم في الدوري الممتاز 2015-16 . للنادي أنه كان تيتيل السابع على التوالي وال19 تيتيل البطولة في المجموع.  ', 'سويسرا', 11, 0, 'NO'),
(704, 'يوهان دجورو', '', '1987-01-18', '1465463472', 318, 118, 'Right', 87, 191, '', '', '', 28, '2016-06-09 08:11:12', '2016-06-09 08:11:12', 20, 'مدافع', 'ولد دجورو في أبيدجان ، كوت ديفوار ، لأبوين الإيفواري يواكيم وأنجيلاين، واعتمد في وقت لاحق من قبل زوجة أبيه الأولى دانييلي، و السويسرية امرأة.  وانتقلوا إلى جنيف عندما كان عمره 17 شهرا. التحق بمركز التدريب باييرن عندما كان 13 ثم التحق في عام 2002 المحلي دوري الدرجة الثانية النجمة كاروج كلاعب خط وسط في 15. وانضم نادي ارسنال لكرة القدم يوم 1 أغسطس 2003. وكان عضوا في سويسرا تحت 19 فرقة أن وصل الى الدور نصف النهائي من بطولة كأس الامم الاوروبية 2004 ', 'سويسرا', 11, 0, 'NO'),
(705, 'فابيان شار', '', '1991-12-20', '1465463936', 1051, 85, 'Right and Left', 84, 186, '', '', '', 29, '2016-06-09 08:18:56', '2016-06-09 08:18:56', 22, 'مدافع', '', 'سويسرا', 11, 0, 'NO'),
(707, 'دينيس زكريا', '', '1996-11-20', '1465465672', 1053, 162, 'Right and Left', 76, 191, '', '', '', 28, '2016-06-09 08:47:52', '2016-06-09 08:47:52', 14, 'خط وسط', '', 'سويسرا', 11, 0, 'NO'),
(708, 'شاني تاراشاج', '', '1995-02-07', '1465466229', 1054, 85, 'Right and Left', 77, 176, '', '', '', 28, '2016-06-09 08:58:14', '2016-06-09 08:57:09', 17, 'مهاجم', '', 'سويسرا', 11, 0, 'NO'),
(709, 'إرين ديرديوك', '', '1988-06-12', '1465466518', 67, 85, 'Right and Left', 90, 191, '', '', '', 28, '2016-06-09 09:01:58', '2016-06-09 09:01:58', 19, 'مهاجم', 'يلعب فى نادي نادي قاسم باشا\r\nيلعب مع باير ليفركوزن منذ عام 2006.\r\nبدأ باللعب مع منتخب سويسرا لكرة القدم في عام 2008.', 'سويسرا', 11, 0, 'NO'),
(710, 'test', 'test', '1999-10-17', '1476686613', 828, 99, 'Left', 60, 170, '', '', '', 9, '2016-10-17 13:43:33', '2016-10-17 13:43:33', 10, 'مدافع', 'ssss', 'مصرى', 3, 0, 'NO');

-- --------------------------------------------------------

--
-- Table structure for table `players_shoes`
--

CREATE TABLE `players_shoes` (
  `id` int(11) NOT NULL,
  `shoes_id` int(11) NOT NULL,
  `player_id` int(11) NOT NULL,
  `match_id` int(11) NOT NULL,
  `addition_info` text COLLATE utf8_unicode_ci,
  `updated_at` timestamp NOT NULL DEFAULT '0000-00-00 00:00:00',
  `created_at` timestamp NOT NULL DEFAULT '0000-00-00 00:00:00'
) ENGINE=InnoDB DEFAULT CHARSET=utf8 COLLATE=utf8_unicode_ci;

-- --------------------------------------------------------

--
-- Table structure for table `player_histories`
--

CREATE TABLE `player_histories` (
  `id` int(11) NOT NULL,
  `player_id` int(11) NOT NULL,
  `from_team_id` int(11) NOT NULL,
  `to_team_id` int(11) NOT NULL,
  `from_date` date NOT NULL,
  `to_date` date DEFAULT NULL,
  `contract_type` varchar(255) COLLATE utf8_unicode_ci NOT NULL,
  `contract_total` varchar(255) COLLATE utf8_unicode_ci DEFAULT NULL,
  `season_type` varchar(255) COLLATE utf8_unicode_ci NOT NULL,
  `addition_info` text COLLATE utf8_unicode_ci,
  `old_team_num` int(11) NOT NULL,
  `old_team_photo` varchar(255) COLLATE utf8_unicode_ci NOT NULL,
  `updated_at` timestamp NOT NULL DEFAULT CURRENT_TIMESTAMP ON UPDATE CURRENT_TIMESTAMP,
  `created_at` timestamp NOT NULL DEFAULT '0000-00-00 00:00:00'
) ENGINE=InnoDB DEFAULT CHARSET=utf8 COLLATE=utf8_unicode_ci;

--
-- Dumping data for table `player_histories`
--

INSERT INTO `player_histories` (`id`, `player_id`, `from_team_id`, `to_team_id`, `from_date`, `to_date`, `contract_type`, `contract_total`, `season_type`, `addition_info`, `old_team_num`, `old_team_photo`, `updated_at`, `created_at`) VALUES
(1, 5, 32, 33, '2017-02-02', '2017-02-02', 'أعاره', '1000 دولار', 'أنتقالات شتويه', 'asd', 0, '', '2016-10-12 18:14:18', '2016-08-16 07:36:12'),
(2, 3, 32, 33, '2016-11-01', '2017-01-06', 'أعاره', '1000000 دولار', 'انتقالات صيفيه', '', 0, '', '2016-10-12 18:14:38', '2016-10-12 18:05:00'),
(3, 7, 33, 33, '2015-04-03', '2015-03-04', 'أنتقال', '22222 جنيه', 'انتقالات صيفيه', '', 0, '', '2016-10-12 18:14:11', '2016-10-12 18:07:56'),
(4, 9, 33, 36, '2016-02-02', '2017-02-03', 'أنتقال', '10000000 جنيه', 'انتقالات صيفيه', '', 0, '', '2016-10-12 18:14:29', '2016-10-12 18:08:14'),
(5, 15, 36, 33, '2015-02-02', '2017-01-03', 'أنتقال', '1000 دولار', 'انتقالات صيفيه', '', 0, '', '2016-10-12 18:13:57', '2016-10-12 18:08:33');

-- --------------------------------------------------------

--
-- Table structure for table `player_injured_histories`
--

CREATE TABLE `player_injured_histories` (
  `id` int(11) NOT NULL,
  `player_id` int(11) NOT NULL,
  `match_id` int(11) NOT NULL,
  `injured_name` varchar(150) CHARACTER SET utf8 NOT NULL,
  `from_date` date DEFAULT NULL,
  `to_date` date DEFAULT NULL,
  `nature_of_medicine` varchar(150) CHARACTER SET utf8 DEFAULT NULL,
  `medicine_place` varchar(150) CHARACTER SET utf8 DEFAULT NULL,
  `addition_info` text COLLATE utf8_unicode_ci,
  `updated_at` timestamp NOT NULL DEFAULT CURRENT_TIMESTAMP ON UPDATE CURRENT_TIMESTAMP,
  `created_at` timestamp NOT NULL DEFAULT '0000-00-00 00:00:00'
) ENGINE=InnoDB DEFAULT CHARSET=utf8 COLLATE=utf8_unicode_ci;

--
-- Dumping data for table `player_injured_histories`
--

INSERT INTO `player_injured_histories` (`id`, `player_id`, `match_id`, `injured_name`, `from_date`, `to_date`, `nature_of_medicine`, `medicine_place`, `addition_info`, `updated_at`, `created_at`) VALUES
(1, 219, 3, 'name1', '2001-02-16', '2001-02-17', 'nature1', 'egypt', 'ششش', '2016-09-05 10:21:30', '2016-09-05 10:21:30'),
(3, 219, 3, 'inj', '2002-03-19', '2001-02-12', 'med', 'minia', 'tt', '2016-09-05 11:12:33', '2016-09-05 10:26:18');

-- --------------------------------------------------------

--
-- Table structure for table `player_matches`
--

CREATE TABLE `player_matches` (
  `id` int(11) NOT NULL,
  `player_id` int(11) NOT NULL,
  `match_id` int(11) NOT NULL,
  `to_time` time DEFAULT NULL,
  `from_time` time DEFAULT NULL,
  `no_waste_goals` int(11) DEFAULT NULL,
  `no_goals` int(11) DEFAULT NULL,
  `no_assests` int(11) DEFAULT NULL,
  `no_correct_passes` int(11) DEFAULT NULL,
  `no_incorrect_passes` int(11) DEFAULT NULL,
  `running_rate` int(11) DEFAULT NULL,
  `weight` int(11) DEFAULT NULL,
  `team_id` int(11) DEFAULT NULL,
  `addition_info` text COLLATE utf8_unicode_ci,
  `updated_at` timestamp NOT NULL DEFAULT CURRENT_TIMESTAMP ON UPDATE CURRENT_TIMESTAMP,
  `created_at` timestamp NOT NULL DEFAULT '0000-00-00 00:00:00'
) ENGINE=InnoDB DEFAULT CHARSET=utf8 COLLATE=utf8_unicode_ci;

--
-- Dumping data for table `player_matches`
--

INSERT INTO `player_matches` (`id`, `player_id`, `match_id`, `to_time`, `from_time`, `no_waste_goals`, `no_goals`, `no_assests`, `no_correct_passes`, `no_incorrect_passes`, `running_rate`, `weight`, `team_id`, `addition_info`, `updated_at`, `created_at`) VALUES
(2, 244, 3, '03:05:00', '03:05:00', NULL, NULL, NULL, NULL, NULL, NULL, NULL, 8, NULL, '2016-08-17 13:04:49', '2016-08-17 13:04:49'),
(3, 4, 3, '00:00:00', '00:00:00', NULL, NULL, NULL, NULL, NULL, NULL, NULL, 8, NULL, '2016-08-17 13:33:37', '2016-08-17 13:33:37'),
(4, 5, 3, '00:00:00', '00:00:00', NULL, NULL, NULL, NULL, NULL, NULL, NULL, 8, NULL, '2016-08-17 13:33:37', '2016-08-17 13:33:37'),
(5, 7, 3, '00:00:00', '00:00:00', NULL, NULL, NULL, NULL, NULL, NULL, NULL, 8, NULL, '2016-08-17 13:33:37', '2016-08-17 13:33:37'),
(9, 4, 4, '00:00:00', '00:00:00', NULL, NULL, NULL, NULL, NULL, NULL, NULL, 36, NULL, '2016-08-18 07:19:15', '2016-08-18 07:19:15'),
(10, 3, 4, '00:00:00', '00:00:00', NULL, NULL, NULL, NULL, NULL, NULL, NULL, 36, NULL, '2016-08-18 07:24:06', '2016-08-18 07:24:06');

-- --------------------------------------------------------

--
-- Table structure for table `player_sponsors`
--

CREATE TABLE `player_sponsors` (
  `id` int(11) NOT NULL,
  `player_id` int(11) NOT NULL,
  `sponsor_id` int(11) NOT NULL,
  `updated_at` timestamp NOT NULL DEFAULT CURRENT_TIMESTAMP ON UPDATE CURRENT_TIMESTAMP,
  `created_at` timestamp NOT NULL DEFAULT '0000-00-00 00:00:00',
  `from_date` date NOT NULL,
  `to_date` date DEFAULT NULL,
  `amount` int(11) NOT NULL,
  `addition_info` text COLLATE utf8_unicode_ci
) ENGINE=InnoDB DEFAULT CHARSET=utf8 COLLATE=utf8_unicode_ci;

--
-- Dumping data for table `player_sponsors`
--

INSERT INTO `player_sponsors` (`id`, `player_id`, `sponsor_id`, `updated_at`, `created_at`, `from_date`, `to_date`, `amount`, `addition_info`) VALUES
(1, 3, 2, '2016-08-16 07:15:32', '2016-08-16 07:15:14', '2013-01-01', '2016-01-02', 5800, 'asdasd');

-- --------------------------------------------------------

--
-- Table structure for table `posts`
--

CREATE TABLE `posts` (
  `id` int(11) NOT NULL,
  `title` text CHARACTER SET utf8 NOT NULL,
  `body` text CHARACTER SET utf8 NOT NULL,
  `flag` text CHARACTER SET utf8,
  `alt` varchar(255) COLLATE utf8_unicode_ci NOT NULL,
  `date` date NOT NULL,
  `likes` int(11) DEFAULT '0',
  `comments` int(11) NOT NULL,
  `author` varchar(255) COLLATE utf8_unicode_ci NOT NULL,
  `cat_id` int(11) NOT NULL,
  `updated_at` timestamp NOT NULL DEFAULT '0000-00-00 00:00:00',
  `created_at` timestamp NOT NULL DEFAULT '0000-00-00 00:00:00'
) ENGINE=InnoDB DEFAULT CHARSET=utf8 COLLATE=utf8_unicode_ci;

--
-- Dumping data for table `posts`
--

INSERT INTO `posts` (`id`, `title`, `body`, `flag`, `alt`, `date`, `likes`, `comments`, `author`, `cat_id`, `updated_at`, `created_at`) VALUES
(9, 'a', 'aaa', '1475142798', 'efgrg', '2016-03-04', 1, 0, 'alaa', 12, '2016-10-03 20:19:35', '2016-09-29 07:53:18'),
(10, 'dd', 'ddd', '1475648092', 'جاريث بيل', '2016-02-03', 0, 0, 'alaa', 11, '2016-10-05 13:14:52', '2016-10-05 13:14:52'),
(11, 'egr', 'rtr', '1475650851', 'uyiuy', '2015-03-05', 0, 0, 'alaa', 13, '2016-10-05 14:00:51', '2016-10-05 14:00:51'),
(12, 'rfff', 'fff', '1475650862', 'rr', '2014-04-03', 0, 0, 'alaa', 12, '2016-10-05 14:01:02', '2016-10-05 14:01:02'),
(13, 'jjj', 'dafed', '1475650989', 'ff', '2016-04-03', 0, 0, 'alaa', 13, '2016-10-05 14:03:09', '2016-10-05 14:03:09'),
(14, 'jjj', 'wrfer', '1475654132', 'uku', '2016-02-02', 0, 0, 'alaa', 11, '2016-10-05 14:55:32', '2016-10-05 14:55:32'),
(15, 'eef', 'fefe', '1475654143', 'fefref', '2015-02-04', 0, 0, 'alaa', 12, '2016-10-05 14:55:43', '2016-10-05 14:55:43'),
(16, 'fff', 'fef', '1475654153', 'efef', '2014-03-04', 0, 0, 'alaa', 14, '2016-10-05 14:55:53', '2016-10-05 14:55:53'),
(17, 'jjj', 'efe', '1475654162', 'efef', '2016-03-03', 0, 0, 'alaa', 11, '2016-10-05 14:56:02', '2016-10-05 14:56:02'),
(18, 'jjj', 'efef', '1475654172', 'efef', '2016-02-03', 0, 0, 'alaa', 11, '2016-10-05 14:56:12', '2016-10-05 14:56:12'),
(19, 'jjj', 'ddd', '1475654473', 'eee', '2015-02-03', 0, 0, 'alaa', 11, '2016-10-05 15:01:13', '2016-10-05 15:01:13'),
(20, 'jjj', 'eee', '1475654483', 'eee', '2016-02-05', 0, 0, 'alaa', 12, '2016-10-05 15:01:23', '2016-10-05 15:01:23'),
(21, 'jjj', 'eee', '1475654493', '2werw3e', '2015-03-06', 0, 0, 'alaa', 12, '2016-10-05 15:01:33', '2016-10-05 15:01:33'),
(22, 'jjj', 'wrw3', '1475654503', 'wrfwerfe', '2015-04-03', 0, 12, 'alaa', 11, '2016-10-05 18:01:48', '2016-10-05 15:01:43'),
(23, 'jjj', 'fff', '1475655071', 'efef', '2016-03-03', 0, 0, 'alaa', 11, '2016-10-05 15:11:11', '2016-10-05 15:11:11'),
(24, 'jjj', 'wfwf', '1475655080', 'efegt', '2016-02-03', 0, 0, 'alaa', 11, '2016-10-05 15:11:20', '2016-10-05 15:11:20'),
(25, 'wr', '22re2r', '1475655182', 'wrr', '2015-03-02', 0, 0, 'alaa', 11, '2016-10-05 15:13:02', '2016-10-05 15:13:02'),
(26, 'jjj', '2r23r', '1475655191', 'r3r', '2015-03-02', 0, 0, 'alaa', 13, '2016-10-05 15:13:11', '2016-10-05 15:13:11'),
(27, 'jjj', '3r3', '1475655199', '3rt3rt', '2016-02-02', 0, 0, 'alaa', 12, '2016-10-05 15:13:19', '2016-10-05 15:13:19'),
(28, 'jjj', 'ddd', '1475655659', 'eger', '2015-04-03', 0, 0, 'alaa', 13, '2016-10-05 15:20:59', '2016-10-05 15:20:59');

-- --------------------------------------------------------

--
-- Table structure for table `psessions`
--

CREATE TABLE `psessions` (
  `id` int(11) NOT NULL,
  `team_id` int(11) DEFAULT NULL,
  `match_id` int(11) NOT NULL,
  `time` timestamp NOT NULL DEFAULT CURRENT_TIMESTAMP ON UPDATE CURRENT_TIMESTAMP,
  `percent` int(11) NOT NULL,
  `addition_info` text COLLATE utf8_unicode_ci,
  `updated_at` timestamp NOT NULL DEFAULT '0000-00-00 00:00:00',
  `created_at` timestamp NOT NULL DEFAULT '0000-00-00 00:00:00'
) ENGINE=InnoDB DEFAULT CHARSET=utf8 COLLATE=utf8_unicode_ci;

-- --------------------------------------------------------

--
-- Table structure for table `referees`
--

CREATE TABLE `referees` (
  `id` int(11) NOT NULL,
  `name` varchar(150) CHARACTER SET utf8 NOT NULL,
  `job` varchar(150) CHARACTER SET utf8 DEFAULT NULL,
  `birth_date` date DEFAULT NULL,
  `flag` varchar(150) CHARACTER SET utf8 NOT NULL,
  `country_id` int(11) NOT NULL,
  `city_id` int(11) DEFAULT NULL,
  `role` varchar(255) COLLATE utf8_unicode_ci NOT NULL,
  `additional_info` varchar(10000) COLLATE utf8_unicode_ci NOT NULL,
  `best` varchar(50) COLLATE utf8_unicode_ci NOT NULL DEFAULT 'NO',
  `updated_at` timestamp NOT NULL DEFAULT CURRENT_TIMESTAMP ON UPDATE CURRENT_TIMESTAMP,
  `created_at` timestamp NOT NULL DEFAULT '0000-00-00 00:00:00'
) ENGINE=InnoDB DEFAULT CHARSET=utf8 COLLATE=utf8_unicode_ci;

--
-- Dumping data for table `referees`
--

INSERT INTO `referees` (`id`, `name`, `job`, `birth_date`, `flag`, `country_id`, `city_id`, `role`, `additional_info`, `best`, `updated_at`, `created_at`) VALUES
(1, 'نيكولا ريتزولي', 'مهندس معماري', '0000-00-00', '1464260215', 97, 820, '', 'نيكولا ريتزولي (بالإنجليزية: Nicola Rizzoli) (مواليد 5 أكتوبر 1971) حكم كرة قدم إيطالي. بدأ مسيرته التحكيمية في الدرجة الأولى سنة 2002 ثم قرر الاتحاد الدولي لكرة القدم اعتماده حكما دوليا في سنة 2007. في يونيو 2009 قرر الاتحاد الأوروبي لكرة القدم تصعيد ريتزولي إلى حكام النخبة الذين يستطيعون إدارة المباريات الصعبة وأبرز المباريات التي تم اسنادها إليه إياب الدور الربع النهائي بين مانشستر يونايتد الإنجليزي وبايرن ميونخ الألماني في دوري أبطال أوروبا 2009-2010 حيث شهدت المباراة طرد الظهير البرازيلي الأيمن لمانشستر رافاييل لتنتهي المباراة بخساره بايرن ميونخ 3-2 و الفوز في المجموع 4-4 بقانون الأهداف خارج الأرض.\r\n\r\nأهم مباراة أدارها: مباراة الذهاب في اليوروباليغ 2016 بين بوروسيا دورتموند وتوتنهام\r\n', 'YES', '2016-10-17 07:54:55', '2016-05-26 08:56:55'),
(2, 'مارتين أتكينسون', 'لا يوجد', '0000-00-00', '1464261589', 87, 253, '', 'ولد في برادفورد ولكنه يقيم الآن في ليدز، يوركشاير. وبدأ حياته المهنية في سن مبكرة حينما كان يبلغ من العمر 16 عاما. وفي سنة 1998 تم ترقيته ليصبح ضمن لائحة الحكام المساعدين.\r\nأول مباراة يديرها اتكينسون في الدوري الإنجليزي كانت في 20 إبريل 2005، بين فريقا مانشستر سيتي وبرمنغهام. وفي يوم 13 أغسطس 2006 تولى اتكينسون نهائي بطولة درع اتحاد كرة القدم الإنجليزي (كوميونيتي شيلد) على استاد الالفية في كارديف، حيث فاز نادي ليفربول على تشلسي 2-1. وفي نفس العام تم تعيينه في لائحة الفيفا للحكام (الشارة الدولية)\r\n\r\n\r\nأهم مباراة أدارها : نهائي كأس الإتحاد الإنجليزي 2014 بين مانشستر سيتي وسندرلاند\r\n', 'NO', '2016-10-17 07:48:45', '2016-05-26 09:19:49'),
(6, 'شونيت شاكير', 'عميل تأمين', '0000-00-00', '1464263671', 95, 280, '', 'هو حكم كرة قدم دولي تركي. وهو من بين حكام النخبة في الاتحاد الأوروبي لكرة القدم. أدار عدد من المباريات في بطولات شهيرة مثل كأس العالم للشباب 2011 ومباراة نصف النهائي في دوري أبطال أوروبا بين برشلونة وتشيلسي.\r\nوصلات خارجية\r\nمواليد:23 نوفمبر 1976 (العمر 39 سنة)', 'NO', '2016-10-17 07:49:29', '2016-05-26 09:42:24'),
(7, 'مارك كلاتينبرج', 'مهندس كهربائي', '0000-00-00', '1464263290', 87, 167, '', 'أهم مباراة أدارها : المباراة النهائية في أوليمبياد 2012 بين البرازيل والمكسيك\r\n', 'NO', '2016-10-17 07:53:21', '2016-05-26 09:48:10'),
(10, 'أوفيديو هاتيجان', 'طبيب', '0000-00-00', '1464265128', 86, 80, '', 'سنة اعتماده دوليا	: 2008\r\nأهم مباراة أدارها\r\n مباراة الإياب في الشامبيونزليغ في 2016 بين مانشستر سيتي ودينامو كييف\r\n', 'NO', '2016-10-17 07:54:07', '2016-05-26 10:18:48'),
(11, 'سيرجي كاراسيف', 'لا يوجد', '0000-00-00', '1464266069', 89, 822, '', 'سنة اعتماده دوليا: 2010		\r\nأهم مباراة أدارها\r\nمباراة الإياب في الشامبيونزليغ في 2016 بين برشلونة وآرسنال\r\n', 'NO', '2016-10-17 07:54:55', '2016-05-26 10:34:29'),
(12, 'بافل كرالوفيتش', 'مهندس', '0000-00-00', '1464266272', 94, 470, '', 'اعتمده الفيفا كحكم دولي منذ عام 2005.\r\nاختير ليكون ضمن قائمة الحكام لمباريات كأس العالم للناشئين تحت 17 سنة 2011 في المكسيك.', 'NO', '2016-05-26 10:37:52', '2016-05-26 10:37:52'),
(13, 'سايمون مارسينياك', 'رجل اعمال', '0000-00-00', '1464267140', 92, 823, '', 'أهم مباراة أدارها\r\nمواجهة الإياب في الشامبيونزليغ 2016 بين روما وريال مدريد\r\n', 'NO', '2016-05-26 10:52:20', '2016-05-26 10:52:20'),
(16, 'دامير سكومينا', 'مشرف سياحي', '0000-00-00', '1464269343', 138, 826, '', 'أهم مباراة أدارها سكومينا كانت بين البرازيل و الكاميرون في الدور الربع النهائي من دورة الألعاب الأولمبية 2008 التي أقيمت في العاصمة الصينية بكين .\r\nو السوبر الأوروبي في 2012 بين تشيلسي وأتلتيكو مدريد', 'NO', '2016-05-26 11:29:03', '2016-05-26 11:29:03'),
(17, 'كليمنت توربين', 'لايوجد', '0000-00-00', '1464269661', 81, 35, '', 'أهم مباراة أدارها\r\nمواجهة بوروسيا مونشنغلادباخ ومانشستر سيتي في دور المجموعات من بطولة الشامبيونزليغ\r\n 2016\r\nسنة اعتمادة دوليا :2010\r\n\r\n', 'NO', '2016-05-26 11:34:21', '2016-05-26 11:34:21'),
(21, 'بيورن كويبرس', 'لايوجد', '0000-00-00', '1464270215', 99, 828, '', 'بيورن كويبرس (مواليد 28 مارس 1973) هو حكم كرة قدم هولندي. يدير الحكم عدة مباريات في الدوري الهولندي الممتاز، الدوري الأوروبي ودوري أبطال أوروبا. وقد اختاره الاتحاد الأوروبي لكرة القدم للتحكيم في كأس أمم أوروبا 2012. وهو من بين حكام النخبة بليويفا. قرر الاتحاد الدولي لكرة القدم اعتماده حكما دوليا في سنة 2006.', 'NO', '2016-05-26 11:43:35', '2016-05-26 11:43:35'),
(22, 'alaa', 'alaa', '2017-02-02', '1472993354', 85, 63, 'حكم 1', 'aa', 'NO', '2016-09-04 10:49:14', '2016-09-04 10:49:14'),
(23, 'dd', 'dd', '2005-04-16', '1476697920', 86, 81, 'حكم 1', 'dd', 'NO', '2016-10-17 07:52:00', '2016-10-17 07:52:00');

-- --------------------------------------------------------

--
-- Table structure for table `reserve_players`
--

CREATE TABLE `reserve_players` (
  `id` int(11) NOT NULL,
  `player_id` int(11) NOT NULL,
  `team_id` int(11) DEFAULT NULL,
  `match_id` int(11) NOT NULL,
  `addition_info` text COLLATE utf8_unicode_ci,
  `created_at` timestamp NOT NULL DEFAULT CURRENT_TIMESTAMP ON UPDATE CURRENT_TIMESTAMP,
  `updated_at` timestamp NOT NULL DEFAULT '0000-00-00 00:00:00'
) ENGINE=InnoDB DEFAULT CHARSET=utf8 COLLATE=utf8_unicode_ci;

-- --------------------------------------------------------

--
-- Table structure for table `shoes`
--

CREATE TABLE `shoes` (
  `id` int(11) NOT NULL,
  `brand` varchar(150) CHARACTER SET utf8 NOT NULL,
  `flag` varchar(150) CHARACTER SET utf8 DEFAULT NULL,
  `addition_info` text COLLATE utf8_unicode_ci,
  `updated_at` timestamp NOT NULL DEFAULT CURRENT_TIMESTAMP ON UPDATE CURRENT_TIMESTAMP,
  `created_at` timestamp NOT NULL DEFAULT '0000-00-00 00:00:00'
) ENGINE=InnoDB DEFAULT CHARSET=utf8 COLLATE=utf8_unicode_ci;

-- --------------------------------------------------------

--
-- Table structure for table `snews`
--

CREATE TABLE `snews` (
  `id` int(11) NOT NULL,
  `title` text CHARACTER SET utf8 NOT NULL,
  `flag` text CHARACTER SET utf8 NOT NULL,
  `date` date NOT NULL,
  `additional_info` text CHARACTER SET utf8 NOT NULL,
  `user_id` int(11) NOT NULL,
  `likes` int(11) DEFAULT '0',
  `publish` varchar(10) COLLATE utf8_unicode_ci NOT NULL DEFAULT 'NO',
  `today_new` varchar(10) COLLATE utf8_unicode_ci NOT NULL DEFAULT 'NO',
  `cat_id` int(11) NOT NULL,
  `created_at` timestamp NOT NULL DEFAULT CURRENT_TIMESTAMP ON UPDATE CURRENT_TIMESTAMP,
  `updated_at` timestamp NOT NULL DEFAULT '0000-00-00 00:00:00'
) ENGINE=InnoDB DEFAULT CHARSET=utf8 COLLATE=utf8_unicode_ci;

--
-- Dumping data for table `snews`
--

INSERT INTO `snews` (`id`, `title`, `flag`, `date`, `additional_info`, `user_id`, `likes`, `publish`, `today_new`, `cat_id`, `created_at`, `updated_at`) VALUES
(16, 'الارجنتين', '1476249167', '2016-10-14', 'هذا النص هو مثال لنص يمكن أن يستبدل في نفس المساحة، لقد تم توليد هذا النص من مولد النص العربى ... ', 3, 0, 'YES', 'NO', 12, '2016-10-14 05:40:48', '2016-10-14 12:40:48'),
(18, 'ويلز', '1476276505', '2016-10-14', 'هذا النص هو مثال لنص يمكن أن يستبدل في نفس المساحة، لقد تم توليد هذا النص من مولد النص العربى ... ', 3, 350, 'YES', 'YES', 12, '2016-10-14 05:42:24', '2016-10-14 12:42:24'),
(19, 'نيمار وكوبا امريكا', '1476249310', '2016-10-14', 'هذا النص هو مثال لنص يمكن أن يستبدل في نفس المساحة، لقد تم توليد هذا النص من مولد النص العربى ... ', 3, 0, 'YES', 'NO', 14, '2016-10-14 05:42:37', '2016-10-14 12:42:37'),
(20, 'زين الدين زيدان', '1476249373', '2016-10-14', 'هذا النص هو مثال لنص يمكن أن يستبدل في نفس المساحة، لقد تم توليد هذا النص من مولد النص العربى ... ', 3, 0, 'YES', 'YES', 14, '2016-10-14 05:42:37', '2016-10-14 12:42:37'),
(21, 'تشيلسى', '1476249455', '2016-10-14', 'هذا النص هو مثال لنص يمكن أن يستبدل في نفس المساحة، لقد تم توليد هذا النص من مولد النص العربى ... ', 3, 0, 'YES', 'YES', 11, '2016-10-14 05:42:16', '2016-10-14 12:42:16'),
(22, 'جنوب افريقيا', '1476249527', '2016-10-14', 'هذا النص هو مثال لنص يمكن أن يستبدل في نفس المساحة، لقد تم توليد هذا النص من مولد النص العربى ... ', 3, 0, 'YES', 'YES', 15, '2016-10-14 05:42:42', '2016-10-14 12:42:42'),
(23, 'ابوتريكه', '1476249606', '2016-10-14', 'هذا النص هو مثال لنص يمكن أن يستبدل في نفس المساحة، لقد تم توليد هذا النص من مولد النص العربى ... بببب', 3, 0, 'YES', 'YES', 13, '2016-10-14 05:42:32', '2016-10-14 12:42:32'),
(25, 'محمد صلاح', '1476256587', '2016-10-14', 'محمد صلاح فى روما', 3, 0, 'YES', 'NO', 13, '2016-10-14 05:41:56', '2016-10-14 12:41:56'),
(26, 'test', '1476615622', '2016-10-16', 'aaa', 3, 0, 'NO', 'YES', 11, '2016-10-16 11:00:32', '2016-10-16 09:00:32');

-- --------------------------------------------------------

--
-- Table structure for table `sponsors`
--

CREATE TABLE `sponsors` (
  `id` int(11) NOT NULL,
  `name` varchar(150) CHARACTER SET utf8 NOT NULL,
  `flag` varchar(150) CHARACTER SET utf8 DEFAULT NULL,
  `url` varchar(255) COLLATE utf8_unicode_ci DEFAULT NULL,
  `updated_at` timestamp NOT NULL DEFAULT CURRENT_TIMESTAMP ON UPDATE CURRENT_TIMESTAMP,
  `created_at` timestamp NOT NULL DEFAULT '0000-00-00 00:00:00'
) ENGINE=InnoDB DEFAULT CHARSET=utf8 COLLATE=utf8_unicode_ci;

--
-- Dumping data for table `sponsors`
--

INSERT INTO `sponsors` (`id`, `name`, `flag`, `url`, `updated_at`, `created_at`) VALUES
(1, 'Hisense', '1463753102', 'http://global.hisense.com/', '2016-05-21 10:28:48', '2016-05-20 10:05:03'),
(2, 'Orange', '1463753121', 'http://www.orange.com/fr/Euro/Orange-partenaire-global-de-l-UEFA-EURO-2016', '2016-05-21 10:29:45', '2016-05-20 10:05:21'),
(3, 'macdonalds', '1463753182', 'http://www.aboutmcdonalds.com/mcd/country/map.html', '2016-05-21 10:30:09', '2016-05-20 10:06:22'),
(4, 'Carlsberg', '1463753335', 'http://www.carlsberg.com/', '2016-05-21 10:27:06', '2016-05-20 10:08:55'),
(5, 'Coca cola', '1463753525', 'http://www.coca-cola.com/global/glp.html', '2016-05-21 10:29:21', '2016-05-20 10:12:05'),
(6, 'Hyundai', '1464693466', 'http://worldwide.hyundai.com/WW/Main/index.html', '2016-05-31 10:17:46', '2016-05-20 10:25:02'),
(8, 'socar', '1463918739', 'http://www.socar.az/socar/en/home', '2016-05-22 08:05:39', '2016-05-22 08:05:39');

-- --------------------------------------------------------

--
-- Table structure for table `stadia`
--

CREATE TABLE `stadia` (
  `id` int(11) NOT NULL,
  `country_id` int(11) NOT NULL,
  `city_id` int(11) NOT NULL,
  `name` varchar(150) CHARACTER SET utf8 NOT NULL,
  `capacity` int(11) DEFAULT NULL,
  `flag` varchar(150) CHARACTER SET utf8 DEFAULT NULL,
  `ground` varchar(150) CHARACTER SET utf8 DEFAULT NULL,
  `addition_info` varchar(1000) COLLATE utf8_unicode_ci DEFAULT NULL,
  `updated_at` timestamp NOT NULL DEFAULT CURRENT_TIMESTAMP ON UPDATE CURRENT_TIMESTAMP,
  `created_at` timestamp NOT NULL DEFAULT '0000-00-00 00:00:00'
) ENGINE=InnoDB DEFAULT CHARSET=utf8 COLLATE=utf8_unicode_ci;

--
-- Dumping data for table `stadia`
--

INSERT INTO `stadia` (`id`, `country_id`, `city_id`, `name`, `capacity`, `flag`, `ground`, `addition_info`, `updated_at`, `created_at`) VALUES
(2, 81, 34, 'بارك دي برانس', 45000, '1463655781', 'عشب طبيعي', 'الطراز المعماري: عمارة وحشية\r\nالارتفاع: ٤٨ م\r\nالمهندس الإنشائي:روجيه تاليبرت\r\nالنادي صاحب الملعب:باريس سان جيرمان\r\nملعب بارك دي برانس و الذي يعرف باسم ملعب الأمراء, هو ملعب لكرة القدم يقع في الجانب الغربي لـمدينة باريس بفرنسا، أفتتح في يوم 4 يونيو 1972، تبلغ السعة الأجمالية للمتفرجين حوالي 45.127 متفرج, و يعتبر المقر الرئيسي لفريق باريس سان جيرمان لكرة القدم\r\nقد استضاف  هذا الملعب  ست نهائيات كرة القدم الأوروبية ، بما في ذلك أول كأس أندية بطل اوروبا "  في عام 1956 عندما فاز ريال مدريد علي ريميس الشمبانيا 4-3.\r\nبالإضافة إلى تنظيم مباريات في كأس العالم 1938 و 1998 لكرة القدم، وكان الملعب مكانا ل نهائيات كأس الأمم الأوروبية 1960 بطولة و 1984\r\n\r\n\r\n', '2016-05-19 06:03:01', '2016-05-17 05:50:08'),
(3, 81, 61, 'بولار دولولي', 35000, '1463655832', 'عشب طبيعي', 'تم افتتاحه الاصلي  : يونيو 1933\r\nواعاد افتتاحه وتجديده في : اغسطس 2015\r\nيعتبر هذا الاستاد واحد من معالم كرة القدم الأكثر شهرة في فرنسا \r\nيحمل ملعب بولار دولولي التمييز النادر أن تكون قادر على استيعاب كل السكان تقريبا من المدينة التي يقع فيها ، لحوالي 36،000 نسمة.\r\n', '2016-05-19 06:03:52', '2016-05-17 06:04:48'),
(4, 81, 35, 'بوردو     ', 42000, '1463656049', 'عشب طبيعي', 'تم افتتاحه في : 18مايو 2015\r\nالمهندس المعماري: هيرتسوغ ودي مورون\r\nهو ملعب نادي بوردو\r\nستاد أتلانتيك (بالفرنسية: Stade Atlantique) هو ملعب كرة قدم أنشئ في عام 2015، بمدينة بوردو الفرنسية، \r\nو يصل سعة الملعب الذي حل محل ملعب بوردو الكبير\r\n (بالفرنسية: Le Grand stade de Bordeaux) \r\nالملعب السابق لنادي بوردو، إلى 43 ألف متفرج\r\nبدأ العمل على الإستاد في 2013,وافتتح في يونيو 2015 و حل الملعب محل ملعب شابان-دلماس الملعب السابق لنادي بوردو، و سيستضيف منافسات كأس الأمم الأوروبية لكرة القدم2016\r\nتقدر تكلفة الاستاد حوالي 125 مليون يورو.', '2016-05-30 12:06:09', '2016-05-17 06:24:48'),
(5, 81, 34, 'دو فرانس', 80000, '1463655878', 'عشب طبيعي', 'ملعب فرنسا أو ستاد دو فرانس\r\nوهو الملعب الوطني لفرنسا ويقع في ضواحي باريس وبالضبط في سان دوني\r\nتبلغ سعته 81338 مقعد وهو بذلك خامس أكبر ملعب أوروبي ويستضيف اللقاءات الدولية لكلا المنتخبين الفرنسيين لكرة القدم وللرجبي\r\nحتضن الملعب في 12 يوليوز 1998 مباراة نهائي كأس العالم 98 حين هزم منتخب فرنسا منتخب البرازيل بحصة ثلاثة لصفر، وتصنفه اليويفا كملعب خمسة نجوم، كما احتضن كذلك مباريات كأس العالم 98 وكأس العالم لألعاب القوى 2003 وكأس العالم للرجبي 2007 ليصبح الملعب الوحيد في العالم الذي أقيمت على أرضه مبارتا نهاية كأس العالم للرجبي وكرة القدم. في السابق أقيم سباق الأبطال، حدث سنوي للرياضات الميكانيكية، في نسخات 2004 و 2005 و 2006 في الملعب قبل أن ينقل الحدث إلى ملعب ويمبلي في لندن.\r\nعلى المستوى الداخلي، يلعب نادي ستاد الفرنسي، أهم أندية الرجبي بباريس، بعض اللقاءات في الملعب كما يحتضن كذلك مباريات نهاية كأس فرنسا (للرجبي وكرة القدم) ونهاية كأس الدوري الفرنسي ونهاية تحدي فرنسا ونهاية كأس غامبارديلا وبطولة أحسن 14 في اتحاد الرجبي. كما أقيمت مباراتا نهاية نهائي دوري أبطال أوروبا لعامي 2000 و 2006 ', '2016-05-19 06:04:38', '2016-05-17 06:38:40'),
(6, 81, 53, 'ليون', 59000, '1463655933', 'عشب طبيعي', 'تم افتتاحه في : يناير 2016\r\nقام الملعب أول مباراة له يوم 9 يناير عام 2016، عندما فاز أولمبيك ليون تروا 4-1 في الدوري الفرنسي ', '2016-05-19 06:05:33', '2016-05-17 07:11:50'),
(7, 81, 41, 'جوفروا غيشار ', 42000, '1463655706', 'عشب طبيعي', 'بدأ بناء الملعب في 1930 وافتتح في 13 سبتمبر 1931. تم تجديده في 1983.\r\nأهم الأحداث التي استضافها\r\nكأس العالم لكرة القدم 1998\r\nكأس الأمم الأوروبية لكرة القدم 1984\r\nكأس القارات 2003\r\nكأس الأمم الأوروبية لكرة القدم 2016\r\n', '2016-05-19 06:01:47', '2016-05-17 07:16:27'),
(8, 81, 58, 'نيس', 35000, '1463669188', 'عشب طبيعي', 'هو ملعب متعدد الإستخدام يقع في مدينة نيس الفرنسية، وهو الملعب الرئيسي لنادي نيس\r\nهوسادس أكبر ملعب لكرة القدم في فرنسا كما يضم متحف الوطني للرياضة (المتحف الرياضي الوطني)، التي انتقلت إلى كوت دازور من باريس وافتتح رسميا في 15 أكتوبر 2014\r\nافتتح الملعب عام 2013 كملعب بديلاًِ للملعب القديم ستاد دو راي البلدي، و بلغ تكلفة الاستاد الذي تصل سعته إلى 35,624 ألف متفرج. حوالي 245 مليون يورو. و سيستضيف منافسات كأس الأمم الأوروبية لكرة القدم 2016.', '2016-05-30 12:06:46', '2016-05-17 07:41:57'),
(11, 81, 52, 'بيير ماوروي', 500000, '1463669252', 'عشب طبيعي', 'ملعب بيير ماوروي هو ملعب متعدد الاستخدام في فيلينوف داسك قرب ليل، فرنسا. تم افتتاحه يوم 17 أغسطس 2012. من المقرر احتضان الملعب لبعض مباريات كأس الأمم الأوروبية لكرة القدم 2016. ويعتبر الملعب الرئيسي لنادي ليل المنافس في ليغ 1. يسع لجلوس 50,186 متفرج.\r\nسقف الاستاد قابل للطي الساحة ويمكن فتح أو إغلاق في 30 دقيقة ، في حين أن نصف الملعب يمكن أن تثار فوق الأخرى لاستخدامها في العروض الموسيقية و غيرها من الألعاب الرياضية ', '2016-05-19 09:47:32', '2016-05-17 08:00:36'),
(12, 81, 54, 'ستاد فيلودروم', 67000, '1463655900', 'عشب طبيعي', 'تم افتتاحه في : يونيو 1937\r\nوتم الانتهاء من تجديده: اكتوبر 2014\r\nنظمت  ستاد فيلودروم مباريات في نهائيات كأس العالم 1938 و 1998 لكرة القدم، مع زيادة قدرتها على 60،000 للمشاركة في البطولة الأخيرة. استضافت أيضا مباريات في بطولة كأس الأمم الأوروبية 1960 و 1984.', '2016-05-19 06:05:00', '2016-05-17 08:10:22'),
(13, 81, 62, ' تولوز', 33000, '1463655744', 'عشب طبيعي', 'خضع الاستاد تجديدات كبيرة في عام 1949 و 1997 ، وعمل الأخير القادمة قبل نهائيات كأس العالم 1998 عندما استضافت ست مباريات . ثم تم الاضطلاع بعمل ترقية ل كأس الأمم الأوروبية عام 2016، مع المكان اعادة فتح في يناير كانون الثاني 2016 .\r\n• وشهدت الساحة الكثير من أروع لحظات تولوز ، بما في ذلك كأس الاتحاد الاوروبي الجولة الاولى ضد نابولي في تشرين الأول عام 1986، عندما أطلق دييغو مارادونا ضد آخر خلال ركلات الترجيح .\r\n• تضرر الملعب و يلزم بذل جهود إصلاح واسعة بعد تعرض مصنع للمواد الكيميائية في مكان قريب انفجار كبير في عام 2001\r\n', '2016-05-19 06:02:24', '2016-05-17 08:43:48'),
(18, 87, 229, 'ويمبلي', 90000, '1463658043', 'عشبية', '\r\nملعب ومبلي[1] استاد رياضي يقع في منطقة ويمبلي بالعاصمة البريطانية لندن . يعد من أشهر ملاعب كرة القدم في العالم، افتتح في نهائي كأس إنجلترا 28 - 4 - 1923م بين فريقي نادي بولتون واندرز 2 - 0 وست هام يونايتد في حضور جماهير هائلة بلغت قرابة 127 ألف متفرج.\r\nحجم الملعب العرض: 69 متر الطول: 105 متر\r\nسنة الافتتاح 1924 آخر تجديد 2014\r\nهو أحد اقدم الملاعب في تاريخ كرة القدم و كان يعتبر في ذالك الوقت بالتحفه المعمارية و حتى وقتنا الحاضر فأنه يعتبر المشاركة به شرف عظيم', '2016-05-19 06:40:43', '2016-05-19 06:40:43'),
(19, 86, 86, 'بوخارست', 55634, '1463658256', 'عشبية', 'تاريخ الانشاء\r\n1953\r\n', '2016-05-19 06:44:16', '2016-05-19 06:44:16'),
(21, 85, 75, 'ليتزيغروند', 25000, '1463658732', 'عشبية', 'تاريخ الانشاء:1925 ', '2016-05-19 06:52:12', '2016-05-19 06:52:12'),
(22, 88, 236, 'تيهيلنه بوله', 30085, '1463659687', 'عشبية', 'تاريخ الانشاء: 1940', '2016-05-19 07:08:07', '2016-05-19 07:08:07'),
(23, 89, 238, 'لوجنيكي', 78360, '1463659962', 'عشب طبيعي', ' تاريخ الانشاء: يوليو 1956', '2016-05-19 07:14:02', '2016-05-19 07:12:42'),
(24, 90, 146, 'الألفية', 74500, '1463661515', 'عشب طبيعي', 'تاريخ الانشاء:1999', '2016-05-19 07:38:35', '2016-05-19 07:38:35'),
(26, 91, 48, 'ويندسور بارك', 24347, '1463662820', 'طيني رملي', 'تاريخ الانشاء: 1996', '2016-05-25 12:06:54', '2016-05-19 08:00:20'),
(28, 113, 269, 'مجمع أولمبيسكي الوطني الرياض', 70050, '1463663031', 'عشب طبيعي', 'ناريخ الانشاء 1923', '2016-05-19 08:03:51', '2016-05-19 08:03:51'),
(31, 95, 280, 'تليكوم أرينا', 53000, '1463663883', 'عشب طبيعي', 'تاريخ الانشاء : 2011', '2016-05-19 08:18:03', '2016-05-19 08:18:03'),
(32, 95, 280, 'أتاتورك الأولمبي', 76000, '1463664015', 'نجيلة طبيعية', 'تاريخ الانشاء : 1999', '2016-05-19 08:20:15', '2016-05-19 08:20:15'),
(33, 94, 278, 'جنرالي أرينا', 21000, '1463664450', 'عشب طبيعي', 'تاريخ الانشاء : 1969', '2016-05-19 08:27:30', '2016-05-19 08:27:30'),
(34, 97, 301, ' أولمبيكو', 73000, '1463665063', 'عشب طبيعي', 'ملعب الأولمبيكو(إستاديو أوليمبيكو)، هو أكبر وأهم المنشئات الرياضية في العاصمة الإيطالية روما، يقع الإستاد ضمن مجمع الـ"فورو إيتاليكو" الرياضي شمال العاصمة الإيطالية وهو ملك للجمعية الإيطالية الوطنية الأولمبية وهو مخصص بشكلٍ رئيسي لكرة القدم. الملعب هو مقر لناديي لاتسيو وروما الناشطين في دوري الدرجة الأولى الإيطالية في كرة القدم(السيري آ)، ويخاض عليه سنوياً نهائي كأس إيطاليا(كوبا إيتاليا). تم إعادة بناء الملعب ليكون أحد الملاعب المستضيفة لكأس العالم 1990 حيث لعبت عليه المباراة النهائية. يحمل الملعب حالياً تصنيف "ملعب خمس نجوم" من قبل الإتحاد الأوروبي لكرة القدم وقد استضاف أربع نهائيات لدوري أبطال أوروبا كان آخرها عام 2009.[2][3]\r\nبعيداً عن كرة القدم يتم استخدام الإستاد من قبل المنتخب الإيطالي الوطني للرغبي وهو أيضاً مقر للفريق الإيطالي لألعاب القوى، كما يستضيف أحياناً العديد من الحفلات والأحداث المختلفة\r\n', '2016-05-19 08:38:06', '2016-05-19 08:37:43'),
(35, 104, 307, 'بوزيلستاديون ', 17000, '1463666536', 'عشب طبيعي', 'الافتتاح	1923', '2016-05-19 09:02:16', '2016-05-19 09:02:16'),
(36, 108, 310, 'إرنست هابل', 68500, '1463666876', 'عشب طبيعي', '', '2016-05-19 09:07:56', '2016-05-19 09:07:56'),
(38, 109, 312, ' ألغارفي', 30000, '1463667095', 'عشب طبيعي', '', '2016-05-19 09:11:35', '2016-05-19 09:11:35'),
(40, 111, 315, 'لاوغاردالسفولور', 9800, '1463667440', 'عشب طبيعي', '', '2016-05-19 09:17:20', '2016-05-19 09:17:20'),
(41, 96, 667, 'ملعب ماكسيمير', 39000, '1464256142', 'عشب طبيعي', 'عب ماكسيمير هو ملعب متعدد الاستخدام يقع في زغرب عاصمة كرواتيا. غالبا ما يتم استخدامه لمباريات كرة القدم. يسع الملعب لجلوس 38،923 متفرج. يعتبر الملعب الرسمي الذي يخوض فيه منتخب كرواتيا مبارياته الدولية. تم افتتاح الملعب في سنة 1912', '2016-05-26 07:49:02', '2016-05-26 07:49:02'),
(42, 85, 63, 'alaa', 20, '1473328784', 'jjj', 'kkk', '2016-09-08 07:59:44', '2016-09-08 07:59:44');

-- --------------------------------------------------------

--
-- Table structure for table `tags`
--

CREATE TABLE `tags` (
  `id` int(11) NOT NULL,
  `meta_words` varchar(255) CHARACTER SET utf8 NOT NULL,
  `url_word` varchar(255) CHARACTER SET latin1 NOT NULL,
  `page_id` int(11) NOT NULL,
  `created_at` timestamp NOT NULL DEFAULT '0000-00-00 00:00:00',
  `updated_at` timestamp NOT NULL DEFAULT CURRENT_TIMESTAMP ON UPDATE CURRENT_TIMESTAMP
) ENGINE=InnoDB DEFAULT CHARSET=utf8 COLLATE=utf8_unicode_ci;

--
-- Dumping data for table `tags`
--

INSERT INTO `tags` (`id`, `meta_words`, `url_word`, `page_id`, `created_at`, `updated_at`) VALUES
(27, 'الاهلى', 'videos', 16, '2016-09-29 07:47:28', '2016-09-29 13:29:16'),
(29, 'Adiddas', 'posts', 9, '2016-09-29 07:54:16', '2016-09-29 13:29:18'),
(31, 'Adiddas', 'posts', 9, '2016-09-29 08:10:10', '2016-10-03 13:19:23'),
(35, 'fff', 'videos', 19, '2016-09-29 11:03:27', '2016-09-29 11:03:27'),
(41, 'ddd', 'videos', 20, '2016-10-03 19:40:55', '2016-10-03 15:30:41'),
(42, 'ddd', 'videos', 21, '2016-10-03 19:41:15', '2016-10-03 15:30:45'),
(43, 'صلاح', 'blogs', 7, '2016-10-04 18:02:47', '2016-10-04 11:03:18'),
(44, 'السيد حمدى', 'videos', 22, '2016-10-04 20:40:24', '2016-10-05 05:46:30'),
(45, 'طه اسماعيل', 'videos', 23, '2016-10-04 20:40:37', '2016-10-05 05:46:23'),
(46, 'اجوان ابو تريكه', 'videos', 24, '2016-10-04 20:40:45', '2016-10-05 05:46:11'),
(47, 'رونالدوا', 'videos', 25, '2016-10-04 20:40:56', '2016-10-05 05:45:51'),
(48, 'Ronney', 'videos', 26, '2016-10-04 20:41:10', '2016-10-05 05:46:00'),
(49, 'ميسي', 'videos', 27, '2016-10-04 20:41:18', '2016-10-05 05:45:43'),
(50, 'صلاح', 'videos', 28, '2016-10-04 20:42:13', '2016-10-05 05:45:40'),
(51, 'جاريث بيل', 'posts', 10, '2016-10-05 13:14:52', '2016-10-05 13:14:52'),
(55, 'ghjhj', 'posts', 11, '2016-10-05 14:00:51', '2016-10-05 14:00:51'),
(57, 'ghjhj', 'posts', 13, '2016-10-05 14:03:09', '2016-10-05 14:03:09'),
(58, 'yyy', 'blogs', 8, '2016-10-05 14:05:24', '2016-10-05 14:05:24'),
(59, 'yyy', 'blogs', 9, '2016-10-05 14:05:49', '2016-10-05 14:05:49'),
(60, 'yyy', 'blogs', 10, '2016-10-05 14:06:00', '2016-10-05 14:06:00'),
(61, 'yyy', 'blogs', 11, '2016-10-05 14:08:29', '2016-10-05 14:08:29'),
(63, 'yyy', 'blogs', 13, '2016-10-05 14:09:47', '2016-10-05 14:09:47'),
(66, 'ggg', 'posts', 16, '2016-10-05 14:55:53', '2016-10-05 14:55:53'),
(67, 'ggg', 'posts', 17, '2016-10-05 14:56:02', '2016-10-05 14:56:02'),
(68, 'ggg', 'posts', 18, '2016-10-05 14:56:13', '2016-10-05 14:56:13'),
(69, 'ggg', 'posts', 19, '2016-10-05 15:01:13', '2016-10-05 15:01:13'),
(70, 'ggg', 'posts', 20, '2016-10-05 15:01:23', '2016-10-05 15:01:23'),
(71, 'ggg', 'posts', 21, '2016-10-05 15:01:33', '2016-10-05 15:01:33'),
(72, 'ggg', 'posts', 22, '2016-10-05 15:01:43', '2016-10-05 15:01:43'),
(73, 'ggg', 'posts', 23, '2016-10-05 15:11:11', '2016-10-05 15:11:11'),
(74, 'ggg', 'posts', 24, '2016-10-05 15:11:20', '2016-10-05 15:11:20'),
(75, 'ggg', 'posts', 25, '2016-10-05 15:13:02', '2016-10-05 15:13:02'),
(76, 'ggg', 'posts', 26, '2016-10-05 15:13:11', '2016-10-05 15:13:11'),
(77, 'ggg', 'posts', 27, '2016-10-05 15:13:19', '2016-10-05 15:13:19'),
(78, 'rgrg', 'posts', 28, '2016-10-05 15:20:59', '2016-10-05 15:20:59'),
(81, 'gg', 'blogs', 16, '2016-10-05 15:30:40', '2016-10-05 15:30:40'),
(90, 'ميسي', 'news', 16, '2016-10-12 12:12:47', '2016-10-12 12:12:47'),
(91, 'الارجنتين', 'news', 16, '2016-10-12 12:12:47', '2016-10-12 12:12:47'),
(92, 'جاريث بيل', 'news', 18, '2016-10-12 12:14:29', '2016-10-12 12:14:29'),
(93, 'نيمار', 'news', 19, '2016-10-12 12:15:10', '2016-10-12 12:15:10'),
(94, 'البرازيل', 'news', 19, '2016-10-12 12:15:10', '2016-10-12 12:15:10'),
(95, 'زيدان', 'news', 20, '2016-10-12 12:16:13', '2016-10-12 12:16:13'),
(96, 'ريال مدريد', 'news', 20, '2016-10-12 12:16:13', '2016-10-12 12:16:13'),
(97, 'مصر', 'news', 21, '2016-10-12 12:17:35', '2016-10-12 12:17:35'),
(98, 'افريقيا', 'news', 22, '2016-10-12 12:18:47', '2016-10-12 12:18:47'),
(99, 'افريقيا', 'news', 23, '2016-10-12 12:20:06', '2016-10-12 12:20:06'),
(100, 'صلاح', 'news', 25, '2016-10-12 14:16:27', '2016-10-12 14:16:27'),
(101, 'رما', 'news', 25, '2016-10-12 14:16:27', '2016-10-12 14:16:27'),
(102, 'مصر', 'news', 25, '2016-10-12 14:16:27', '2016-10-12 14:16:27'),
(103, 'dd', 'news', 26, '2016-10-16 09:00:22', '2016-10-16 09:00:22'),
(104, 'dds', 'news', 26, '2016-10-16 09:00:22', '2016-10-16 09:00:22');

-- --------------------------------------------------------

--
-- Table structure for table `teamcloths`
--

CREATE TABLE `teamcloths` (
  `id` int(11) NOT NULL,
  `team_id` int(11) NOT NULL,
  `principle_cloths` varchar(150) CHARACTER SET utf8 NOT NULL,
  `reserve_cloths` varchar(150) CHARACTER SET utf8 DEFAULT NULL,
  `reserve2_cloths` varchar(255) CHARACTER SET utf8 DEFAULT NULL,
  `practise_cloths` varchar(255) CHARACTER SET utf8 DEFAULT NULL,
  `updated_at` timestamp NOT NULL DEFAULT CURRENT_TIMESTAMP ON UPDATE CURRENT_TIMESTAMP,
  `created_at` timestamp NOT NULL DEFAULT '0000-00-00 00:00:00'
) ENGINE=InnoDB DEFAULT CHARSET=utf8 COLLATE=utf8_unicode_ci;

--
-- Dumping data for table `teamcloths`
--

INSERT INTO `teamcloths` (`id`, `team_id`, `principle_cloths`, `reserve_cloths`, `reserve2_cloths`, `practise_cloths`, `updated_at`, `created_at`) VALUES
(1, 32, '1471363234', '1471363234', '1471363234', '1471363234', '2016-08-16 14:00:34', '2016-08-16 14:00:34');

-- --------------------------------------------------------

--
-- Table structure for table `teams`
--

CREATE TABLE `teams` (
  `id` int(11) NOT NULL,
  `name` varchar(150) CHARACTER SET utf8 NOT NULL,
  `slogan` varchar(150) CHARACTER SET utf8 DEFAULT NULL,
  `flag` varchar(150) CHARACTER SET utf8 DEFAULT NULL,
  `flag2` varchar(255) COLLATE utf8_unicode_ci DEFAULT NULL,
  `country_id` int(11) NOT NULL,
  `stadium_id` int(11) DEFAULT NULL,
  `history` varchar(5000) CHARACTER SET utf8 DEFAULT NULL,
  `continent` varchar(255) CHARACTER SET utf8 DEFAULT NULL,
  `coach_id` int(11) DEFAULT NULL,
  `start_date` year(4) DEFAULT NULL,
  `is_team` varchar(11) CHARACTER SET utf32 NOT NULL DEFAULT 'نادى',
  `manager_id` int(11) DEFAULT NULL,
  `best` varchar(50) COLLATE utf8_unicode_ci NOT NULL DEFAULT 'NO',
  `updated_at` timestamp NOT NULL DEFAULT CURRENT_TIMESTAMP ON UPDATE CURRENT_TIMESTAMP,
  `created_at` timestamp NOT NULL DEFAULT '0000-00-00 00:00:00'
) ENGINE=InnoDB DEFAULT CHARSET=utf8 COLLATE=utf8_unicode_ci;

--
-- Dumping data for table `teams`
--

INSERT INTO `teams` (`id`, `name`, `slogan`, `flag`, `flag2`, `country_id`, `stadium_id`, `history`, `continent`, `coach_id`, `start_date`, `is_team`, `manager_id`, `best`, `updated_at`, `created_at`) VALUES
(3, 'النمسا', 'فريق داس', '1464599359', '1464599359', 108, 36, 'ارك المنتخب النمساوي مرتين في كأس أوروبا عامي 2008 و2016. تأسس الإتحاد النمساوي لكرة القدم في 18 مارس 1904. حصل الفريق على المركز الرابع في كأس العالم 1934 والثالث 1954 والمركز الثاني في الألعاب الأولمبية 1936، انسحب الفريق من كأس العالم 1938 بسبب اتحاد النمسا مع ألمانيا وانضم بعض لاعبي الفريق إلى منتخب ألمانيا لكرة القدم.', 'اوربا', 22, 1904, 'منتخب', NULL, 'NO', '2016-10-17 06:56:28', '2016-05-24 06:56:58'),
(4, 'فرنسا ', 'لي بلو /الديوك', '1464602089', '1464602089', 81, 5, '\r\nمنتخب فرنسا لكرة القدم (بالفرنسية: Équipe de France de football) تصنيفه العالمي 16، تأسس الاتحاد الفرنسي لكرة القدم في عام 1919، وانضم إلى الفيفا في العام 1904. يلعب المنتخب الفرنسي مبارياته الرسمية على ملعب فرنسا و الذي يتسع لـ81,338 متفرج.\r\nكانت أول مباراة دولية لفرنسا في عام 1904 وتعادلت فيها مع منتخب بلجيكا 3-3، بينما كان أكبر فوز لها كان في عام 1995 على منتخب أذربيجان 10-0، واقسى خسارة عام 1908 على يد منتخب الدنمارك 1-17.\r\nتأهلت فرنسا ثلاثة عشر إلى نهائيات كأس العالم لكرة القدم، وتغيبت عن نهائيات 1950، 1962، 1970، 1974، 1990، 1994. فكانت فرنسا واحدة من الفرق الأوروبية الاربعة التي شاركت في النسخة الأولى من بطولة كأس العالم لكرة القدم التي جرت في الأوروغواي عام 1930. فازت فرنسا بلقب بطولة كأس العالم لكرة القدم 1998 ، وجائت ثانياً عام بطولة كأس العالم لكرة القدم 2006، وحلت بالمرتبة الثالثة في بطولة كأس العالم لكرة القدم 1958 و بطولة كأس العالم لكرة القدم 1986 ورابعاً عام في بطولة كأس العالم لكرة القدم 1982. شاركت فرنسا في كأس القارات لكرة القدم مرتين، فازت خلالها بلقبين كانا في 2001 و 2003.\r\nوعلى المستوى الأوروبي، تأهلت فرنسا لكأس الأمم الأوروبية ثمان مرات، حصدت من خلالها اللقب مرتين، الأولى كانت كأس الأمم الأوروبية لكرة القدم 1984 بقيادة ميشيل بلاتيني و الثانية كأس الأمم الأوروبية لكرة القدم 2000 بقيادة زين الدين زيدان. وحلت بالمركز الرابع مرتين في كأس الأمم الأوروبية لكرة القدم 1960 و كأس الأمم الأوروبية لكرة القدم 1996.\r\nيصف البعض الأسلوب الفرنسي في كرة القدم بالمدرسة الأنيقة حيث انبعثت من هذه المدرسة أسماء كبيرة في تاريخ كرة القدم منهم زين الدين زيدان ولوران بلان ويوري دجوركاييف وكريستوف دوغاري وكريستيان كاريمبو وميشيل بلاتيني وإريك كانتونا وتييري هنري. يتكون الفريق الحالي من هذه الأسماء فابيان بارتيز، وليام كالاس، انثوني ريفليري، ليليان ثورام، باتريك فييرا، ديديه ديشامب وآخرون.\r\nيعتبر تييري هنري أبرز هداف في منتخب فرنسا واحرز للمنتخب الفرنسي 51 هدفاً في مشواره مع منتخب بلاده. كما أن أكثر لاعب ارتدي قميص المنتخب الفرنسي هو المدافع ليليان تورام ب 142 مباراة.\r\n\r\nعلى صعيد الإنجازات تحتل الكرة الفرنسية مكانة متميزة على الساحتين الأوربية والعالمية, حيث حقق "الديوك" لقب أمم أوربا عامي 1984 و2000 وتوج المنتخب الأولمبي الفرنسي بذهبية كرة القدم في دورتي الألعاب الأولمبية عامي 1900 و1984 ومنتخب الشباب بكأس العالم دون 20 سنة العام الماضي في تركيا.\r\nعالمياً فاز المنتخب الفرنسي مع جيل زين الدين زيدان بلقبين في كأس القارات عامي 2001 و2003 أما على صعيد كأس العالم للكبار فقد شارك المنتخب الفرنسي في النهائيات ثلاثة عشرة مرة ونجح في إحراز اللقب خلال مشاركته العاشرة على أرضه عام 1998 بعد فوزه الثلاثي التاريخي على البرازيل , كما فاز بمركز الوصيف في ألمانيا 2006  عقب خسارته بفارق ركلات الترجيح أمام نظيره الإيطالي بعد أن حقق المركز الثالث عامي 1958 و1986 والرابع في نسخة 1982.\r\nالمنتخب الفرنسي المصنف السابع عشر عالمياً والحادي عشر أوربياً في تصنيف الإتحاد الدولي برصيد 929 نقطة والذي تزيل المجموعة الأولى في مشاركته الأخيرة في جنوب أفريقيا قبل 4 سنوات,يبدأ مسيرة استعادة الهيبة في المونديال بلقاء هندوراس في الخامس عشر من يونيو على ملعب بيرا ريو في بورتو أليجري ,ثم يواجه نظيره السويسري بعدها بخمسة أيام على ملعب فونتي نوفا في سالفادور ,قبل أن يختتم مشواره في مرحلة المجموعات بلقاء الإكوادور في الخامس والعشرين من نفس الشهر على ملعب الماراكانا في ريو دي جانيرو.\r\n', 'اوربا', 45, 1904, 'منتخب', NULL, 'NO', '2016-10-17 06:56:25', '2016-05-24 11:53:23'),
(6, 'اوكرانيا ', 'الصُفر الزُرق', '1464599582', '1464599582', 113, 28, 'منتخب أوكرانيا لكرة القدم هو ممثل أوكرانيا الرسمي في رياضة كرة القدم, تاسس الاتحاد الأوكراني لكرة القدم في العام 1991، وانضم إلى الفيفاي العام 1992.تأهلت أوكرانيا للنهائيات بسهولة وكانت أول دولة أوروبية تحصل على بطاقة التأهل في البطولة.\r\n\r\nتشارك أوكرانيا للمرة الأولى في نهائيات كأس العالم لكرة القدم. أول مباراة دولية لها كانت في عام 1992 وتعادلت فيه مع هنغاريا 2 - 2 وأكبر فوز لها كان في عام 1998 على جورجيا 4 - 0 واقسى خسارة كانت في عام 1993 امام كرواتيا 0 - 4. قبل 29 ابريل 1992 كان اللاعبون الأوكران يلعبون في صفوف منتخب الاتحاد السوفييتي.\r\n\r\nمدرب الفريق هو أوليج بلوخين: ولد في العام 1952 بكييف.حصل على الكرة الذهبية الأوروبية عام 1975، عندما كان النجم الأوحد في صفوف منتخب الاتحاد السوفيتي السابق.لعب 432 مباراة، وسجل خلالها 211 هدفاً. لعب في صفوف المنتخب السوفيتي في نهائيات كأس العالم لعامي 1982 و1986، وسجل 42 هدفاً مع المنتخب، يعد واحداً من أفضل 10 مدربين في العالم، علماً أنه يقود أوكرانيا منذ العام 2003.\r\n\r\nمن اللاعبين البارزين اندريه شيفجينكو لاعب نادي A.C. Milan في إيطاليا.يعتبر أندريي شيفشينكو: من مواليد العام 1976 في كييف من نجوم الفريق قاد ناديه الأسبق دينامو كييف إلى لقب الدوري المحلي 5 مرات، وحاز كأسين محليتين في غضون 5 سنوات بين عامي 1994 و1999. فاز بلقب الدوري الإيطالي، وكأس دوري رابطة الأبطال الأوروبية، وكأس السوبر الأوروبية، وكأس إيطاليا. سجل28 هدفاً في 63 مباراة مع منتخب أوكرانيا. يعتبر رسلان روتان الذي سجل اهدافا حاسمة للفريق خلال التصفيات من نجوم الفريق، قائد الفريق هو اندريه شيفتشينكو مهاجم ميلانو الإيطالي ولاعب دينامو كييف السابق الذي يعد واحدا من أكثر لاعبي أوكرانيا شهرة', 'اوربا', 27, 1991, 'منتخب', NULL, 'NO', '2016-10-17 06:40:13', '2016-05-25 11:40:36'),
(8, 'ايرلندا الشماليه ', ' 	الجيش الأخضر والأبيض', '1464599654', '1464599654', 91, 26, 'المنتخب أيرلندا الشمالية في مسابقات كرة القدم الدولية سواء كانت كأس العالم أو كأس امم أوروبا أو غيرها من البطولات. من عام 1882 حتى عام 1921 كانت أيرلندا ممثلة بفريق واحد هو منتخب أيرلندا لكرة القدم، الذي كان يتم ادارته من قبل اتحاد أيرلندا لكرة القدم. في عام 1921 تم انفصال اندية أيرلندا الشمالية عن اتحاد أيرلندا لكرة القدم في أعقاب قيام الدولة الأيرلندية الحرة في الجزء الجنوبي من أيرلندا، وتأسس الأتحاد الأيرلندي لكرة القدم الـ(IFA) الذي اصبح مسؤولاً عن اندية كرة القدم في أيرلندا الشمالية.\r\n\r\nلكن على الرغم ذلك ظلت الأيرلندتين ممثلة بمنتخب وطني موحد حتى عام 1950، عندما اعلن قيام جمهورية أيرلندا وانفصالها عن التاج البريطاني وأعلن عن تأسيس الاتحاد الايرلندي لكرة القدم (FAI) ممثلاً بمنتخب جمهورية أيرلندا لكرة القدم.\r\n\r\nوبالرغم من أن أيرلندا الشمالية هي جزءاً من المملكة المتحدة، الا انها منذ عام 1950 أصبحت تمتلك منتخباً خاصاً بها يمثلها في مختلف البطولات الدولية بأستثناء دورة الالعاب الاولمبية، حيث اللجنة الأولمبية الدولية تعترف بمنتخب بريطانيا العظمى لكرة القدم.\r\n\r\nوقد شارك منتخب أيرلندا الشمالية ثلاث مرات في بطولة كأس العالم لكرة القدم، و وصل إلى ربع النهائي في بطولتي عام 1958 و 1982. ونجح بالتأهل الى بطولة كأس الأمم الأوروبية 2016 حيث سيكون أول ظهور له في البطولة القارية.\r\nنبذة تاريخية\r\n\r\nفي 18 فبراير 1882، أي بعد خمسة عشر شهراً من تأسيس الاتحاد الايرلندي لكرة القدم، لعبت أيرلندا أول مبارياتها على الصعيد الدولي ضد إنكلترا على أرضية ملعب بلومفيلد في بلفاست، حيث خسرتها بنتيجة 13-0. وتبقى هذه الهزيمة هي الأكبر في سجلات الفريق، وتعتبر أيضاً أكبر فوز لمنتخب إنكلترا. في 25 شباط 1882، لعبت أيرلندا اللقاء الدولي الثاني، وكان أمام ويلز على أرضية مضمار بلدة ريكسهام في ويلز، وانتهت بالتعادل 1-1 حيث سجل هدف التعادل اللاعب جونستون الذي أصبح أول هدف بتاريخ أيرلندا.\r\n\r\nفي عام 1884 شاركت ايرلندا في النسخة الاولى من البطولة الوطنية البريطانية[1] وخسرت جميع مبارياتها الثلاثة أمام اسكتلندا (5-0) وأمام ويلز (6-0) وأمام إنكلترا\r\n ستطع أيرلندا الفوز في مبارياتها حتى 19 فبراير 1887، عندما حققت الفوز 4-1 على ويلز في بلفاست. لاول مرة بتاريخها في هذه اللعبة، بعد 14 هزيمة وتعادل واحد، وعلى الرغم من توقف سلسلة الهزائم، الا أن الهزائم الثقيلة عادت من جديد. ففي 3 مارس 1888 خسرت 11-0 من ويلز، وبعده بثلاثة أسابيع يوم 24 مارس خسر 10-2 من اسكتلندا. وفي 15 مارس 1890 خسرت 9-1 على يد إنكلترا، وعادت وخسرت في 18 فبراير 1899 بنتيجة 13-2 من إنكلترا أيضاً، وفي 2 شباط عام 1901 خسرت 11-0 من اسكتلندا.\r\nم 1899 غير الاتحاد الايرلندي القواعد التي تحكم اختيار اللاعبين غير المقيمين في أيرلندا. حيث كان في السابق يتم اختيار لاعبي المنتخب الأيرلندي بشكل حصري من الدوري الأيرلندي، ولا سيما الأندية الثلاثة التي مقرها في مدينة بلفاست وهي (لينفيلد، كليفتونفيل ودستليري. في 4 مارس 1899 في المباراة التي خاضتها أيرلندا ضد ويلز، شملت تشكيلة المنتخب الايرلندي أربعة لاعبين يلعبون إنكلترا. أثمرت السياسة الجديدة بفوز ايرلندا 1-0. بعد ثلاثة أسابيع، واحد من هؤلاء اللاعبين الأربعة ارشي غودال، الذين كان عمره 34 عاما و 279 يوما، وأصبح أكبر لاعب يسجل في مباراة كرة القدم دولية خلال القرن ال19 عندما سجل ايرلندا في المباراة التي فازت بها اسكتلندا 9-1.\r\nعام 1920 تم تقسيم ايرلندا الى قسمين شمالية وجنوبية. في عام 1922 حصل جنوب أيرلندا على حكم ذاتي تحت اسم الدولة الأيرلندية الحرة، لتعلن في وقت لاحق إعلان الجمهورية وانفصالها عن بريطانيا تحت اسم جمهورية أيرلندا. وسط هذه الاضطرابات السياسية، التي طالت حتى مؤسسات كرة القدم، ظهر اتحاد أيرلندا لكرة القدم في دبلن في عام 1921 ونظم دوري مستقل و منتخب وطني. في عام 1923 تم الاعتراف بالـFAI من قبل الفيفا باسم هيئة إدارة الدولة الأيرلندية الحرة بشرط أن تغير اسمها إلى اتحاد كرة القدم في الدولة الأيرلندية الحرة. بينما واصل الاتحاد الايرلندي (IFA) تنظيم المنتخب الوطني الأيرلندي على أساس يمثل كل أيرلندا.\r\nيلعب منتخب أيرلندا الشمالية مبارياته الرسمية في ملعب ويندسور بارك في العاصمة بلفاست، وهذا الملعب يعود لنادي لينفيلد، الذي يستخدم بناءاً على عقد إيجار مدته 108 سنة، مقابل 15? من العائدات للملاك، بما في ذلك من عائدات التذاكر وحقوق البث التلفزيوني[2].\r\n\r\nكان هناك اقتراح لبناء ملعب جديدد لأيرلندا الشمالية لاستخدامه في ألعاب متعددة مثل الرجبي، والألعاب الغالية وكرة القدم[3]. وأعطي الضوء الأخضر من قبل اتحاد كرة القدم. ولكن ذلك، واجه معارضة شديدة من قبل المشجعين.\r\n\r\nبحلول عام 2007، أصبحت الحاجة الملحة أكثر الى بناء ملعب جديد، وذلك بعد سلسلة من عمليات التفتيش التي شككت في مدى ملاءمة ويندسور بارك لاستضافة مباريات كرة القدم الدولية. وذلك بعد خفض طاقته الاستيعابية بسبب إغلاق حامل للسكك الحديدية، أدى الى اعتراف الـ(IFA) يرغبته في إنهاء العقد المبرم مع الملاك لاستخدام الملعب. وأشار تقرير للصحة والسلامة في أكتوبر 2007 أنه قد يتعين إغلاق المقصورة الجنوبية ، الأمر الذي يقلل من قدرة الملعب الاستيعابية ب9000 شخص[4]. في أبريل 2008، أعلن مجلس مدينة بلفاست أنهم قد قاموا بإجراء دراسة جدوى في بناء ملعب رياضي في بلفاست يمكن أن يستوعب المباريات الدولية لكرة القدم، وتبعه في بداية شهر مايو 2008 من قبل تكهنات بأنه في حالة عدم وجود عمل كبير لتحسين ويندسور بارك، فإن أيرلندا الشمالية قد تضطر للعب مبارياتها الرسمية خارج أيرلندا الشمالية لفترة.\r\n\r\nفي سبتمبر 2009، أعلن عن مشروع لإعادة تطوير ويندسور بارك و رفع قدرته إلى 20،000 متفرج[5]. وفي عام 2011، تم تخصيص 138 مليون يورو لبرنامج إعادة تطوير الملاعب في جميع أنحاء ايرلندا الشمالية، خصص منها 28 مليون يورو لإعادة تطوير ويندسور بارك', 'اوربا', 38, 0000, 'منتخب', NULL, 'NO', '2016-10-17 06:40:13', '2016-05-25 11:48:15'),
(9, 'بولندا', 'Białe Orły (النسور البيضاء)', '1464601305', '1464601305', 92, 18, 'منتخب بولندا لكرة القدم هو ممثل بولندا الرسمي في رياضة كرة القدم. تأسس اتحاد كرة القدم البولندي في العام 1919 وانضم إلى الفيفا في العام 1923 م.\r\n\r\nوصل المنتخب البولندي إلى نهائيات كأس العالم لكرة القدم سبع مرات في أعوام 1938، 1974، 1978، 1982، 1986، 2002، و2006 كانت أول مباراة دولية لبولندا عام 1921 وخسرت فيه أمام المجر 0 - 1 وأكبر فوز لها كانت عام 1963 على سان مارينو 10 - 0 واقسى خسارة في عام 1948 على يد الدنمارك 0 - 8. حلت بولندا بالمرتبة الثالثة في نهائيات كأس العالم لكرة القدم لنسختين 1974، 1982.\r\n\r\nمن أبرز اللاعبيين الحاليين روبرت ليفاندوفسكي لاعب نادي بايرن ميونيخ الألماني وهو أشهر لاعب بولندي في الوقت الحالي أيضاً اللاعب ياكوب بلاشتشيكوفسكي لاعب بوروسيا دورتموند الألماني وماجيج زوراوسكي الذي يلعب في صفوف نادي سيلتك الاسكتلندي\r\n\r\n', 'اوربا', 39, 1919, 'منتخب', NULL, 'YES', '2016-10-17 08:07:54', '2016-05-25 11:58:12'),
(10, 'ايطاليا', '	الأزوري', '1464866721', '1464599832', 97, 34, 'هو ممثل إيطاليا الرسمي في رياضة كرة القدم، وتقع إدارته على عاتق الاتحاد الإيطالي لكرة القدم الذي تأسس في 1898 و انضم إلى الاتحاد الدولي لكرة القدم في عام 1905. كانت أول مباراة دولية لإيطاليا في عام 1910 في مدينة ميلانو الإيطالية وفازت فيها إيطاليا على فرنسا بنتيجة 6 - 2. بنما كان أكبر فوز لها كان في عام 1948 على حساب منتخب الولايات المتحدة بنتيجة 9 - 0، كانت اقسى خسارة عام 1924 على يد منتخب هنغاريا بنتيجة 1 - 7.\r\nشاركت إيطاليا في جميع نهائيات كأس العالم لكرة القدم باستثناء عامي 1930، 1958. يعتبر المنتخب الإيطالي أول منتخب أوروبي استطاع الفوز بلقب بطولة كأس عالم لكرة القدم، ففازت بها أربعة مرات كانت في أعوام (1934، 1938، 1982، 2006). بينما حلت وصيفاً عامي (1970، 1994)، و حلت في المركز الثالث في بطولة 1990.\r\nلم يكن مشوار المنتخب الإيطالي في كأس الأمم الأوروبية حافلاً مثلما كان في بطولة كأس العالم لكرة القدم، فشاركت 8 مرات من أصل 16 بطولة. و فازت خلال مشاركتها بلقب وحيد كان في بطولة 1968، و احتلت الوصافة مرتين أعوام (2000، 2012). أما في مسابقة كأس العالم للقارات شاركت إيطاليا مرتين في 2009 و 2013، و احتلت المركز الثالث في نسخة كأس القارات 2013. المشاركة. أيضا شاركت إيطاليا في دورة الألعاب الأولمبية الصيفية في عدة مناسبات، حصدت خلال مشاركتها على الميدالية الذهبية في الألعاب الأولمبية الصيفية 1936، و احتلت المركز الثالث مرتين في الألعاب الأولمبية الصيفية 1928, الألعاب الأولمبية الصيفية 2004.\r\nانبعثت من المدرسة الإيطالية أسماء مثل جياني ريفيرا وفرانكو باريزي وجاشينتو فاكيتي قائد الفريق الحاصل على البطولة الأوربية الوحيدة عام 1968 وباولو روسي هداف كأس العالم 1982 وروبيرتو باجيو أفضل لاعب في العالم لعام 1993 ودينو زوف ووالتر زينغا وألساندرو ألتوبيلي وروبيرتو دونادوني ولويجي ريفا الهداف التاريخي في منتخب إيطاليا لكرة القدم وباولو مالديني، فيليبو إنزاغي،ألساندرو دل بييرو، ألساندرو نيستا، كريستيان فييري ،وفرانشيسكو توتي، و أندريا بيرلو ، وغيرهم الكثير. يدرب المنتخب حالياً المدرب أنطونيو كونتي', 'اوربا', 36, 0000, 'منتخب', NULL, 'NO', '2016-10-17 06:40:13', '2016-05-25 12:00:10'),
(11, 'سويسرا', 'شفايتزر ناتي / ناتي سويس', '1464601989', '1464601989', 85, 21, 'أسس الإتحاد السويسري لكرة القدم عام 1895 وأنضم للإتحاد الدولي مع بدأ تأسيسه عام 1904 ولم تحقق الكرة في البلد الأوربي المترف إنجازات تُذكر باستثناء فوز منتخب الناشئين بلقب كأس العالم تحت 17 سنة عام 2009  على حساب نيجيريا,وبلوغ المنتخب الأول نهائيات أمم أوربا في ثلاث مناسبات ودع خلالها البطولة منذ الدور الأول.\r\nفي كأس العالم يشارك المنتخب السويسري في النهائيات للمرة العاشرة في تاريخه,حيث بدأ الدخول في زمرة الكبار منذ النسخة الثانية في إيطاليا 1934 وبلغ دور الثمانية قبل خروجه أمام تشيكوسلوفاكيا بهدفين لثلاثة, ثم كرر هذا النجاح في بطولتي 1938 في فرنسا وودع أمام المجر بخسارته بهدفين نظيفين و1954 على أرضه عندما تأهل للدور الثاني مع إنجلترا على حساب إيطاليا قبل أن يسقط أمام النمسا في الدور الثاني (5 – 7) في لقاء شهير يعد من أكثر المباريات على صعيد الغزارة التهديفية طوال تاريخ البطولة.\r\nتأهلت سويسرا لنهائيات كأس العالم 2006 م بعد أن تخطت منتخب تركيا بفارق الأهداف التي أحرزها خارج أرضه بعد التعادل 4-4 في ملحق التصفيات\r\nهذه المرة العاشرة التي وصل فيها سويسرا إلى نهائيات كأس العالم لكرة القدم بعد مشاركاتها السابقة في 1934، 1938، 1950، 1954، 1962، 1966، 1994، 2006، و2010 كانت أول مباراة دولية لسويسرا في عام 1905 وخسرت فيه أمام فرنسا 0 - 1 \r\nوأكبر فوز لها كان في عام 1991 على ليتوانيا 9 - 0 واقسى خسارة كانت في عام 1909 امام المجر 0 - 9. \r\nوصلت سويسرا إلى مرحلة الربع نهائي في نهائيات كأس العالم لكرة القدم في الأعوام 1934، 1938، 1954.\r\n\r\nرفاق نجم الوسط شيردان شاكيري يقصون شريط الافتتاح في الخامس عشر من يونيو أمام الإكوادور على ملعب ماني جارينشا في العاصمة برازيليا,ثم يصطدمون بفرنسا بعدها بخمسة أيام على ملعب فونتي نوفا في مدينة سالفادور, قبل أن يختتموا مسيرتهم في مرحلة المجموعات في الخامس والعشرين من نفس الشهر أمام هندوراس على ملعب أرينا دا أمازونيا في مدينة ماناوس التي تزعج برطوبتها وجوها الحار الخبير هتسفيلد.\r\n\r\n\r\n\r\nمشوار التأهل\r\n \r\nخاض منتخب سويسرا غمار التصفيات في المجموعة الخامسة رفقة الخماسي أيسلندا وسلوفينيا والنرويج وألبانيا وقبرص وتمكن من حصد 24 نقطة منحته المركز الأول وبطاقة التأهل المباشرة بفارق سبع نقاط كاملة عن منتخب أيسلندا.\r\nرجال المدرب الألماني المخضرم أوتمار هتسفيلد خاضوا 10 مباريات في التصفيات فازوا في سبع منها على سلوفينيا وألبانيا وأيسلندا والنرويج بنتيجة (2- 0) وقبرص وسلوفينيا (1- 0) وألبانيا (2- 1), وتعادلوا في ثلاث مواجهات مع النرويج (1- 1) وقبرص (0 – 0) وأيسلندا (4- 4).\r\nالمنتخب السويسري الذي يحتل المركز السابع عالمياً والرابع أوربياً في تصنيف الإتحاد الدولي برصيد 1123 نقطة سجل خلال المباريات العشر 17 هدف واستقبلت شباكه 6 أهداف وحصل نجومه على 19 ورقة صفراء وبطاقة حمراء وحيدة ,وتصدر فابيان شاير قائمة هدافيه برصيد 3 أهداف يليه السداسي شيردان شاكيري,جرانيت اكزاكا,جوخان إينلر ,ستيفان ليشتستاينر وماريو جافرنوفيتش برصيد هدفين لكل لاعب.\r\nاهم اللاعبيين في تاريخ المنتخب السويسري:\r\n-	أدمير محمدي\r\n-	بنجامين سيغرست\r\n-	دييغو بيناليو\r\n-	تيم كلوزه\r\n-	يوسيب درميتش\r\n\r\n\r\nاهم واشهر الاندية في سويسرا:\r\n-	نادي بيلينزونا‏\r\n-	نادي سيون لكرة القدم\r\n-	نادي بازل\r\n-	نادي باولم\r\n-	نادي بيلينزونا\r\n-	نادي ثون\r\n-	نادي زيورخ\r\n-	نادي بيرن\r\n-	نادي بيل بيين\r\n\r\nاشهر الملاعب في السويسرا:\r\n-	ليتزيغروند\r\n-	استاد سويسرا أو ملعب دي سويس وانكدورف\r\n-	استاد جنيف\r\n\r\nهذه المرة العاشرة التي وصل فيها سويسرا إلى نهائيات كأس العالم لكرة القدم بعد مشاركاتها السابقة في 1934، 1938، 1950، 1954، 1962، 1966، 1994، 2006، و2010 كانت أول مباراة دولية لسويسرا في عام 1905 وخستر فيه أمام فرنسا 0 - 1 وأكبر فوز لها كان في عام 1991 على ليتوانيا 9 - 0 واقسى خسارة كانت في عام 1909 امام المجر 0 - 9. وصلت سويسرا إلى مرحلة الربع نهائي في نهائيات كأس العالم لكرة القدم في الأعوام 1934، 1938، 1954.', 'اوربا', 29, 0000, 'منتخب', NULL, 'NO', '2016-10-17 06:40:13', '2016-05-26 06:52:28'),
(13, 'رومانيا', 'Tricoloruri', '1464601703', '1464601703', 86, 19, 'هو الفريق الذي يمثل رومانيا في رياضة كرة القدم دولياً،\r\nالذي يديره الاتحاد الروماني لكرة القدم. يعد المنتخب واحد من بين الفرق الأربعة التي شاركت في أول ثلاثة بطولات لكأس العالم (مع منتخب البرازيل لكرة القدم، ومنتخب فرنسا لكرة القدم، ومنتخب بلجيكا لكرة القدم.\r\nلكن المنتخب لم يتأهل إلى كأس العالم سوى مرة واحدة بين عامي 1950 و1986. في التسعينات أصبح لرومانيا ظهور قوى في كأس العالم، حيث تأهلت للدور الثاني على الأقل في البطولات الثلاث في ذلك العقد.\r\nفي تلك الفترة حقق منتخب رومانيا أفضل إنجازاته بعدما وصل للدور ربع النهائي من بطولة كأس العالم لكرة القدم 1994 تحت قيادة نجمه غيورغيه هاجي، والفوز على منتخب الأرجنتين لكرة القدم بنتيجة 3 - 2، قبل أن يخرجوا من ربع النهائي بعد خسارة أمام منتخب السويد لكرة القدم بالركلات الرتجيحية.\r\n\r\nكما ظهر منتخب رومانيا بقوة في كأس أمم أوروبا عام 2000 بتعادله مع منتخب ألمانيا لكرة القدم بنتيجة 1 - 1، وفوزه على منتخب إنجلترا لكرة القدم بنتيجة 3 - 2، وفي النهاية خرج من الدور ربع النهائي بعد خسارته أمام منتخب إيطاليا لكرة القدم. هبط مستوى المنتخب منذ عام 2001، ولم يستطيع التأهل لبطولة كأس العالم لكرة القدم 2002 وبطولة كأس العالم لكرة القدم 2006، كما لم يتأهل الفريق لكأس أمم أوروبا عام 2004.\r\nحقق الفريق أعلى تصنيف له من الفيفا في سبتمبر عام 1997، وهو المركز الثالث. أول مباراة دولية لرومانيا كانت ضد منتخب يوغوسلافيا لكرة القدم التي أقيمت في مدينة بيلغراد في يوغوسلافيا السابقة في 8 يونيو 1922  \r\nأكبر انتصار لمنتخب رومانيا كان ضد منتخب فنلندا لكرة القدم بنتيجة 9 - 0 في مدينةبوخارست الرومانية في 14 أكتوبر 1973، وبنفس النتيجة كانت أكبر خسارة لرومانيا أمام منتخب المجر لكرة القدم في 6 يونيو 1948، \r\nفي مدينة بودابست،المجر.\r\nاهم اللاعبيين في تاريخ المنتخب الروماني:\r\nيعد غيورغيه هاجي أفضل الهدافين الذين لعبوا لصالح المنتخب الروماني بتسجيله 35 هدفاً دولياً. \r\nأكثر لاعب حمل شارة القائد هو دورينيل مونتيانو في 131 مباراة. \r\n\r\nتاريخ رومانيا في كأس أمم أوروبا\r\n\r\nمن 1980 الي 1960: لم يتأهل\r\n1984: الدور الاول\r\n1988: لم يتأهل\r\n1992: لم يتأهل\r\n1996: الدور الاول\r\n2000: ربع النهائي\r\n2004: لم يتأهل\r\n2008: الدور الاول\r\nاهم واشهر الاندية في رومانيا:\r\n\r\n-	أوليمبيا بوخارست\r\n-	نادي أوتيلول ريشيتا\r\n-	نادي أوراديا\r\n-	نادي أسترا جورجو لكرة القدم\r\n-	نادي دينامو بوخارست\r\n-	ستيوا بوخارست‏\r\n\r\nاشهر الملاعب في رومانيا:\r\n-	الملعب الوطني (بوخارست)\r\n-	ملعب ستيوا\r\n-	ملعب الدكتور كونستانتين رادوليسكو\r\n-	ملعب إيلي أوانا\r\n-	ملعب مارين أناستاسوفيتش\r\n-	ملعب دينامو\r\n-	ملعب ترانس-سيل\r\n', 'اوربا', 41, 1909, 'منتخب', NULL, 'NO', '2016-10-17 06:40:13', '2016-05-26 07:03:23'),
(14, 'بلجيكا', 'الشياطين الحمر', '1464601212', '1464601212', 104, 35, 'شارك المنتخب البلجيكي في التصفيات الأوربية ضمن المجموعة الأولى رفقة الخماسي  كرواتيا وصربيا وإسكوتلندا وويلز ومقدونيا ,وتألق بصورة غير مسبوقة بعد أن حصد 26 نقطة تصدر بها ترتيب المجموعة بفارق تسع نقاط كاملة عن نظيره الكرواتي وتأهل مباشرة للنهائيات بعد غياب دورتين.\r\n"الشياطين الحمر" لم يعرفوا طعم الخسارة طيلة مسيرتهم في التصفيات, وتعادلوا في لقاءين فقط بنتيجة (1 – 1) مع كرواتيا وويلز في الجولتين الثانية خارج الديار والعاشرة داخلها , وحققوا 8 انتصارات منها ثلاثة داخل قواعدهم على اسكوتلندا (2 – 0) مقدونيا (1- 0) وصربيا (2 – 1) في الجولات الرابعة والسادسة والسابعة , وخمسة خارجها على ويلز ومقدونيا وإسكوتلندا (2 – 0) وصربيا (3 – 0) وكرواتيا (2- 1) في الجولات الأولى والثالثة والخامسة والثامنة والتاسعة.\r\nزملاء توماس فيرمايلين حصلوا على 12 بطاقة صفراء ولم ينالوا أي ورقة حمراء وسجل نجوم الفريق 18 هدف وتلقت شباكهم 4 أهداف فقط وتصدر كيفين دوبروين  قائمة هدافي الفريق برصيد 4 أهداف يليه الخماسي روميلو لوكاكو وكيفين ميرالاس وفينسنت كومباني وكريستيان بنتيكي وايدين هازارد برصيد هدفين.\r\nشارك ثيبو كورتوا حارس أتلتيكو مدريد الإسباني البالغ من العمر 21 عاماً في كل مباريات منتخب بلجيكا في التصفيات وشاركه في هذا الإنجاز المدافع  يان فيرتونين (26 سنة – توتنهام الإنجليزي) وثلاثي الوسط ,اكسيل فيتسل (25 سنة – زينيت يان بطرسبرج),موسى ديمبيلي (26 سنة – توتنهام الإنجليزي) وكيفين دو بروين (22 سنة – فولفسبورج الألماني).\r\nمع هذا الخماسي استعان المدير الفني فيلموتس بمجموعة من النجوم الشباب وأصحاب الخبرة  الذين يلعبون في الدوريات الأوربية الكبرى وخصوصاً "البريمير ليج, ففي الدفاع تألق فينسنت كومباني (27 سنة - مانشستر سيتي الإنجليزي),توماس فيرمايلين (28 سنة – أرسنال الإنجليزي), دانيال فان بوتين (36 سنة – باير ميونخ الألماني), توبي ألديرفيريلد(25 سنة - أتلتيكو مدريد الأسباني) , ونجوم الوسط  والهجوم , كيفين ميرالاس (26 سنة – إيفرتون الإنجليزي) ,ناصر الشاذلي (24 سنة – توتنهام الإنجليزي ), مروان فيلايني (26 سنة – مانشستر يونايتد الإنجليزي ), كريستيان بنتيكي (23 سنة – أستون فيلا الإنجليزي), روميلو لوكاكو (20 سنة – إيفرتون الإنجليزي), ومعهم النجم الموهوب أيدين هازارد نجم تشيلسي الإنجليزي البالغ من العمر 23 عاماً.', 'اوربا', 23, 0000, 'منتخب', NULL, 'NO', '2016-10-17 06:40:13', '2016-05-26 07:26:24'),
(15, 'انجلترا ', 'The Three Lions', '1464599484', '1464599484', 87, 18, 'تعتبر إنجلترا مهد لعبة كرة القدم الحديثة، فكانت أول مبارياتها الدولية في عام 1872 عندما واجهت منتخب اسكتلندا وتعتبر هذه المباراة أول مباراة دولية في تاريخ كرة القدم وجرت في 30 نوفمبر 1872 في غلاسكو في اسكتلندا، و انتهت بالتعادل السلبي. وأكبر فوز لها كان في عام 1882 على إيرلندا 13 - 0، بينما أقسى خسارة لها كانت في عام 1954 على يد هنغاريا 1 - 7.\r\nرغم قوة الدوري الإنجليزي وثراء الأندية وكون البلاد هي مهد كرة القدم، فإن رصيدها من الإنجازات العالمية لا يضم إلا بطولة وحيدة وتفتقر إلى الألقاب القارية. و على الرغم من مشاركتها في جميع نهائيات كأس العالم لكرة القدم باستثناء الأعوام 1930، 1934، 1938، 1974، 1978، 1994، فازت إنجلترا بنهائيات كأس العالم لكرة القدم مرة واحدة فقط في عام 1966، ووصلت إلى مرحلة الربع النهائي في الأعوام 1954، 1962، 1970، 1986، 2002 ومرحلة نصف النهائي في عام 1990. وصلت إنجلترا إلى نهائيات كأس الأمم الأوروبية لكرة القدم 7 مرات وكان ترتيبها الثالث عام 1968.', 'اوربا ', 26, 0000, 'منتخب', NULL, 'NO', '2016-10-17 06:40:13', '2016-05-26 07:41:53'),
(16, 'كرواتيا', '	الناري/الشيكس', '1464866626', '1464602176', 96, 41, 'هو ممثل كرواتيا الرسمي في رياضة كرة القدم، وتصنيفه العالمي 14، تأسس الاتحاد الكرواتي لكرة القدم في العام 1912، وانضم إلى الفيفا في العام 1992. تأهلت كرواتيا للنهائيات بعد اعتلاءها قمة المجموعة الثامنة بالتصفيات الأوروبية المؤهلة لكأس العالم بعد التغلب على السويد أقوى منافسيها في المجموعة ذهاباً وإياباً.\r\nهذه المرة الرابعة التي تصل فيها كرواتيا إلى نهائيات كأس العالم لكرة القدم بعد مشاركاتها السابقة في 1998، 2002، 2006 أول مباراة دولية لها كانت في سنة 1990 وفازت فيها على الولايات المتحدة 2 - 1 وأكبر فوز لها كان في عام 1998 عى أستراليا 7 - 0 واقسى خسارة كان عام 1994 على يد سلوفاكيا 1 - 4. أفضل انجاز لها في نهائيات كأس العالم لكرة القدم كان حصولها على المرتبة الثالثة عام 1998 وصلت كرواتيا إلى نهائيات كأس الأمم الأوروبية لكرة القدم مرتين ووصلت إلى مرحلة الربع النهائي في عام 1996.\r\nمدرب الفريق هو زلاتكو كرانكار: يبلغ من العمر 50 عاماً، ويعد واحداً من أبرز من يمكن أن يثبتوا خصوبة المدرسة الكرواتية في إنجاب المدربين. يعد خبيراً دولياً بارزاً، جعل من منتخب كرواتيا فريقاً صلب المراس، حيث سجل في التصفيات 21 هدفاً ولم تحسب عليه إلا خمسة أهداف.\r\nمن ابرز اللاعبين بوسكو بالابان ودادو برشو الذي يلعب لنادي Rangers F.C في أسكتلندا ونيكو كرانججار الذي يشبهه البعض بالاعب الفرنسي زين الدين زيدان. يعتبر لاعب الوسط، نيكو كوفاتش: واحد من مخضرمي النهائيات، فهو من مواليد العام 1971 في برلين. يلعب في صفوف نادي هرتا برلين الألماني. لعب في صفوف بارين ميونيخ وباير ليفركوسن وهامبورغ. نجم الفريق هو اللاعب داريو سيرنا المحترف في صفوف نادي شختار دونيتشك الأوكراني الذي سجل عددا من الأهداف المؤثرة في مشوار التصفيات.، قائد الفريق هو المدافع نيكو كوفاتش البالغ من العمر 34 عاما والمحترف في صفوف نادي هرتا برلين الألماني والذي يتمتع بخبرة كبيرة, ومن اللاعبين البارزين المهاجم دادو برسو المحترف في صفوف نادي جلاسجو الإسكتلندي الذي يعد أبرز لاعبي خط الهجوم في كرواتيا على مدار السنوات الأخيرة وأيضاً الاعب داريو جيرتك لاعب نادي الفيصلي السعودي يلعب في خط الوسط ويجيد صنع الكرات للمهاجمين\r\nاما أشهر لاعبي كرة القدم الكرواتية منذ تأسيس اتحادها 1992 فهم: دافور سوكر -زفونيمير بوبان - آلان بوكسيتش - روبيرت بروزنسكي - روبيرت يارني', 'اوربا', 24, 1912, 'منتخب', NULL, 'NO', '2016-10-17 06:40:13', '2016-05-26 07:53:51'),
(17, 'روسيا ', 'Russia', '1464601552', '1464601552', 89, 23, 'منتخب روسيا لكرة القدم (بالروسية: Национальная сборная России по футболу) الممثل الرسمي لروسيا في لعبة كرة القدم والواقع تحت مظلة اتحاد روسيا لكرة القدم (بالروسية: Российский Футбольный Союз) المنوط بإدارة شؤؤن اللعبة في البلاد، ويتخذ المنتخب الروسي العديد من الملاعب الرسمية له؛ يأتي في مقدمتها ستاد لوجنيكي بالعاصمة الروسية موسكو وهو الملعب المعتمد من قبل الاتحاد الروسي كملعب رئيسي للمقابلات الدولية، كذلك ستاد لوكوموتيف بموسكو وستاد بتروفسكي بسانت بطرسبرغ، ويتولي القيادة الفنية للمنتخب الهولندي ديك أدفوكات والذي تعاقد معه الاتحاد الروسي في مايو 2010 خلفا لمواطنه غوس هيدينك والذي قاد المنتخب الروسي خلال غمار بطولة كأس الأمم الأوروبية لكرة القدم 2008 ليحقق أفضل إنجازات الكرة الروسية في العصر الحديث بتخطي دور المجموعات لأول مرة في تاريخه في أي من البطولات الكبرى ووصوله للدور قبل النهائي في ثالث مشاركات المنتخب الروسي بالبطولة الأوروبية بعد مشاركتين سابقتين عامي 1996 و2004 قبل تأهله الأخير عام 2012، كما شارك المنتخب الروسي في 3 بطولات لكأس العالم لكرة القدم أعوام 1994 و2002 و2014. وإن لم تضاه تلك الإنجازات مثيلتها التاريخية للمنتخب السوفيتي.\r\nمن جانبه اعترف الاتحاد الدولي لكرة القدم (الفيفا) بالمنتخب الروسي كوريث شرعي لبطولات وإنجازات منتخبي اتحاد الدول المستقلة والاتحاد السوفيتي لكرة القدم.\r\n', 'اوربا ', 37, 0000, 'منتخب', NULL, 'NO', '2016-10-17 06:40:13', '2016-05-26 07:57:50'),
(19, 'التشيك', '	 نارودني/الجيش الأحمر', '1464866683', '1464598580', 94, 33, 'هو ممثل الجمهورية التشيكية الرسمي في رياضة كرة القدم، ويشرف عليه الاتحاد التشيكي لكرة القدم المتأسس في عام 1901، والمنضم إلى الفيفا في عام 1907 م.\r\nقبل الحرب العالمية الأولى كانت الجمهورية التشيكية جزءا من الاتحاد الملكي بين النمسا وهنغاريا وكانت الجمهورية التشيكية تعرف آنذاك باسم بوهيميا. عندما كانت الجمهورية التشيكية جزءا من تشيكوسلوفاكيا أحرز ذلك الفريق المرتبة الثانية في نهائيات كأس العالم لكرة القدم عامي 1934، 1962 وأحرز كأس الأمم الأوروبية لكرة القدم عام 1976 م. تأهلت التشيك لنهائيات كأس العالم 2006 المقامة في ألمانيا لأول مرة بصعوبة فقد أنهى الفريق التصفيات كثاني مجموعته بعد هولندا ليخوض الملحق الأوروبي المؤهل لكأس العالم. ووقعت التشيك في جولة الملحق أمام النرويج، لكنها فازت عليها ذهابا وإيابا بنتيجة 1-0 ليكون مجموع مباراتي الذهاب والإياب 2-0.\r\nبعد انقسام تشيكوسلوفاكيا إلى سلوفاكيا والجمهورية التشيكية لعب منتخب الجمهورية التشيكية لكرة القدم أولى مبارياته الدولية مع تركيا في عام 1994 وفاز بنتيجة 4-1 وحاز على المرتبة الثانية في نهائيات كأس الأمم الأوروبية لكرة القدم عام 1996 ووصلت إلى مرحلة النصف النهائي عام 2004. مدرب الفريق هو كاريل بروكنر الذي نجح في تدريب منتخبات الفئات العُمرية، قبل أن يستلم مقاليد المنتخب الأول من المدرب الشهير شوفانيك عام 2002.\r\nمن أبرز اللاعبين (سواء المعتزلين أم غير المعتزلين) بافيل نيدفيد الذي يلعب لنادي يوفنتوس وتوماس روزيسكي الذي يلعب لنادي آرسنال. القائد السابق للفريق هو توماش غالاسيك المحترف في صفوف أياكس أمستردام الهولندي. ويمثل اللاعب البالغ من العمر 33 عاما محور ارتكاز خط وسط التشيك لما يتمتع به من قدرة على إمداد زملائه بالكرات التي تساعدهم على التقدم للهجوم, ومن اللاعبين البارزين يان كولر وكارل بوبورسكي وبيتر تشيك. يعتبر ميلان باروش من مواليد العام 1981 من النجوم الواعدة سجل 26 هدفاً في 44 مباراة له مع منتخب بلاده. يلعب في صفوف نادي ليون الفرنسي بعد أن كان يلعب في صفوف ليفربول الإنجليزي ومن بعده أستون فيلا.', 'اوربا', 46, 1901, 'منتخب', NULL, 'NO', '2016-10-17 06:40:13', '2016-05-26 07:58:57'),
(20, 'ويلز', 'Dreigiau (Dragons)', '1464602347', '1464602347', 90, 24, 'هو ممثل ويلز الرسمي في رياضة كرة القدم ويشرف عليه اتحاد ويلز لكرة القدم, لعب امام منتخب اسكتلندا لكرة القدم في أول مباراة دولية عام 1876. وكان أكبر فوز لها نتيجة 11-0 ضد ايرلندا 3 مارس عام 1888 واكبر خساره لها هي في 23 مارس 1878 ضد اسكتلندا ومن أشهر لاعبيها هو غاريث بيل الذي انضم لنادي ريال مدريد سنة 2013 وآرون رامزي لاعب نادي آرسنال الإنجليزي والاشهر هو راين جيجز مساعد مدرب مانشستر يونايتد', 'اوربا ', 25, 0000, 'منتخب', NULL, 'NO', '2016-10-17 06:40:13', '2016-05-26 08:03:21'),
(23, 'سلوفاكيا ', 'الأبيض الأزرق', '1464688970', '1464688970', 88, 22, 'هو الممثل الرسمي للجمهورية السلوفاكية في رياضة كرة القدم، يُعْتَبر المنتخب السلوفاكي ثالث منتخب سوفييتي وثاني منتخب تشيكوسلوفاكي يتأهل لكأس العالم بعد روسيا وأوكرانيا وجمهورية التشيك.\r\nتأهل المنتخب السلوفاكي للمرة الأولى على التوالي إلى نهائيات مونديال جنوب أفريقيا 2010 وفاز في المجموعة السادسة على نظيره الإيطالي 3-2 ليُقْصِي حامل اللقب عن دور المجموعات قبل أن يَخْرُج من الدور الثاني بخسارته 1-2 على يد نظيره الهولندي.', 'اوربا ', 35, 0000, 'منتخب', NULL, 'NO', '2016-10-17 06:40:13', '2016-05-26 08:09:24'),
(24, 'البرتغال', 'السيلساو', '1464688398', '1464688398', 109, 38, 'انضم إلى الفيفا في العام 1923. أول مباراة دولية للبرتغال كانت في عام 1921 وخسرت فيه امام إسبانيا 1 - 3، بينما أكبر فوز لها كانت في عام 1994 على ليختنشتاين 8 - 0، واقسى خسارة كانت في عام 1947 على يد بريطانيا 0 -7. حلت البرتغال بالمرتبة الثالثة في نهائيات كأس العالم لكرة القدم 1966 و بالمرتبة الرابعة في كأس العالم لكرة القدم 2006، وحلت في المرتبة الثانية في نهائيات كأس الأمم الأوروبية لكرة القدم 2004.\r\nأخرجت البرتغال العديد من اللاعبين المشهورين على مستوى العالم مثل أوزيبيو وروي كوستا ولويس فيغو ونونو غوميش وباوليتا وفرناندو كوتو وديكو. بينما حالياً يحوي المنتخب على العديد اللاعبين البارزين في صفوفه مثل كرستيانو رونالدو وفابيو كوينتراو وجواو موتينيو وريكاردو كوستا وميغيل فيلوسو وبيبي.', 'اوربا', 40, 1914, 'منتخب', NULL, 'NO', '2016-10-17 06:40:13', '2016-05-26 08:42:23'),
(25, 'تركيا ', 'The Crescent-Stars', '1464866652', '1464597852', 95, 32, 'هو الفريق الوطني الذي يمثل جمهورية تركيا والذي يشرف عليه الاتحاد التركي لكرة القدم. وهو أحد أعضاء الويفا (UEFA). أفضل إنجاز حققه المنتخب هو حصوله على المركز الثالث في بطولة كأس العالم لكرة القدم 2002 التي أقيمت في كوريا الجنوبية واليابان. من أشهر اللاعبين الأتراك هاكان شوكور وروشتو ريتشبر. في يونيو 2004 استطاع المنتخب الوصول إلى أعلى ترتيب له وهو الخامس عالمياً. لعب أول مباراة دولية مع منتخب رومانيا لكرة القدم في إسطنبول بتركيا في 26 أكتوبر 1923.\r\nشارك في نهائيات بطولة كأس العالم لكرة القدم 1954 وخرج من الدور الأول. كما حصل على المركز الثالث في بطولة كأس العالم لكرة القدم 2002. وعلى الصعيد القاري وصل المنتخب إلى الدور الأول من بطولة كأس الأمم الأوروبية 1996 وإلى ربع النهائي في كأس الأمم الأوروبية 2000. وإلى نصف النهائي في كأس الأمم الأوروبية 2008', 'اوربا ', 28, 0000, 'منتخب', NULL, 'NO', '2016-10-17 06:40:13', '2016-05-26 08:44:02'),
(28, ' جمهورية ايرلندا ', 'الجيش الأخضر', '1464689113', '1464689113', 107, 37, 'يمثل أيرلندا في كرة القدم ويشرف عليه اتحاد أيرلندا لكرة القدم. غالباً ما يلعب مبارياته البيتية على ملعب أفيفا في العاصمة دبلن.\r\nتأسس اتحاد ايرلندا لكرة القدم (FAI) عام 1921 داخل أراضي الدولة الأيرلندية الحرة، وفي عام 1923 حصل الـ(FAI) على اعتراف الفيفا بشرط أن يغير اسمه إلى "اتحاد كرة القدم في الدولة الأيرلندية الحرة"، وكان أول ظهور لهذا الفريق في دورة الالعاب الاولمبية الصيفية 1924، ووصل إلى الدور ربع النهائي. منذ عام 1936، أصبح كلاً من الاتحاد الأيرلندي لكرة القدم (IFA) الذي كان مقره في بلفاست واتحاد أيرلندا لكرة القدم الذي كان مقره دبلن بتنظيم منتخب وطني خاص به على أساس ان يمثل أيضاً كل ايرلندا. وصار كلا الفريقين يلعبان باسم أيرلندا، وخلال هذه الحقبة تناوب 39 لاعباً على الأقل على تمثيل كلا الفريقين في المباريات الدولية[2]، حيث كان اللاعب يمثل فريق في مباراة ثم يعود وتمثيل الفريق الثاني بمبارة أخرى.\r\nوفي عام 1949، شارك الفريقان في التصفيات المؤهلة لنهائيات كأس العالم 1950. بعد تلك التصفيات أتخذ اتحاد الـ(FAI) خطوات لمنع اللاعبين المتواجدين في جمهورية أيرلندا من اللعب لفريق أيرلندا (IFA)، وهدد اتحادالـ(FAI) بعدم منح شهادات براءة الذمة للاعبين الجمهورية المحترفين في الخارج إلا إذا قدموا تعهداً بعدم اللعب لمنتخب أيرلندا التابع للـ(IFA). وفي أبريل 1951، اشتكى الأتحاد الأيرلندي (IFA) الى الفيفا. وكان جواب الفيفا ان ذلك مخالفاً لأنظمتها، وإن المنتخب الأيرلندي التابع الى الـ(IFA) لا يمكن اختيار اللاعبين من "مواطني جمهورية ايرلندا".\r\nاستمر الاتحاد الأيرلندي الـ(IFA) و اتحاد أيرلندا الـ(FAI) المنافسة على اسم أيرلندا[3]. حتى مؤتمر الفيفا في عام 1953، حيث تم تعديل المادة 3 الخاصة بها والتي اشترطت ان تكون تسمية أي فريق دولي يجب أن تكون "معترف بها سياسيا وجغرافيا للبلدان أو الأقاليم". وقضت الفيفا في وقت بأنه لا يحق لأي من الفريقين أن يستخدم أسم أيرلندا، معلناً أن فريق FAI أصبح رسميا يحمل اسم منتخب جمهورية أيرلندا، بينما كان فريق (IFA) أصبح يحمل أسم منتخب أيرلندا الشمالية[4].\r\nكان منتخب جمهورية ايرلندا أول فريق من خارج المملكة المتحدة يستطيع هزيمة منتخب إنجلترا في المباراة التي لعبت على ملعب غوديسون بارك في ليفربول عام 1949. ووصل الفريق أيضا إلى مرحلة ربع النهائي من تصفيات كأس الأمم الأوروبية 1964، بعد أن خرج على يد منتخب أسبانيا الذي توج بلقب البطولة.\r\nكان العصره الذهبي لمنتخب جمهورية أيرلندا تحت إشراف جاك تشارلتون، عندما وصل إلى أعلى مرتبة له على الإطلاق هي السادسة على العالم في تصنيف الفيفا لشهر أغسطس من عام 1993، والتأهل الى بطولة كأس الأمم الأوروبية عام 1988 في ألمانيا في أول ظهور له في تلك البطولة، ومن ثم الوصول إلى ربع نهائي بطولة كأس العالم عام 1990 في أول ظهور لهم على الاطلاق في نهائيات كأس العالم، ودور ال16 في نهائيات كأس العالم عام 1994. وبعد جاك تشارلتون تم تعيين ميك مكارثي خلفاً له، الذي لم ينج بالتاهل للبطولات الكبرى حتى تأهل في نهاية المطاف الى نهائيات كأس العالم عام 2002، حيث وصل فيها الى دور ال16 وخرج على يد أسبانيا. فتولى من بعده جيوفاني تراباتوني، الذي خسر بفارق ضئيل في التأهل لنهائيات كأس العالم عام 2010 خلال مباراة فاصلة أثارت جدل واسع مع منتخب فرنسا، ولكنه نجح فيما بعد في التأهل لكأس الأمم الأوروبية 2012.\r\nفشل الفريق في التأهل لنهائيات كأس العالم لكرة القدم 2014 في البرازيل والتي وضعت حدا لمهمة جيوفاني تراباتوني. وتراجع الفريق أيضا إلى ادنى مستوى لتصنيف الفيفا 70 في يونيو 2014[5]. وعين بعد ذلك مارتن أونيل مدربا للمنتخب الأيرلندي في تصفيات كأس الامم الاوروبية وجائت جمهورية أيرلندا في المركز الثالث بعد ألمانيا وبولندا، لتلعب بعد ذلك في ملحق التصفيات مع منتخب البوسنة والهرسك وتفوز عليه 3- 1 في مجموع المباراتين، لتنجح بالتأهل الى نهائيات كأس الامم الاوروبية 2016.', 'اوربا ', 42, 1921, 'منتخب', NULL, 'NO', '2016-10-17 06:40:13', '2016-05-26 09:13:09'),
(29, 'zamalek', 'asd', '1471255288', '1471255288', 86, 2, 'asd', 'afrika', 29, 1911, 'منتخب', NULL, 'NO', '2016-08-15 08:01:45', '2016-08-15 08:01:28'),
(32, 'test', 'aa', '1471255752', '1471255752', 85, 0, 'asd', 'afrika', 0, 2004, 'منتخب', NULL, 'NO', '2016-10-17 06:40:13', '2016-08-15 08:09:12'),
(33, 'aaa', 'aa', '1471256002', '1471256002', 85, NULL, 'aa', 'afrika', NULL, 2001, 'منتخب', NULL, 'NO', '2016-10-17 06:40:13', '2016-08-15 08:13:22'),
(35, 'xx', 'aa', '1471360483', '1471360484', 81, 3, 'jjj', 'افريقيا', 45, 2002, 'منتخب', 1, 'NO', '2016-08-16 13:14:41', '2016-08-16 13:00:10'),
(36, 'asd', 'asden', '1471448612', '1471448612', 81, 4, 'asd', 'اوربا', 14, 2010, 'نادى', 1, 'NO', '2016-10-17 06:56:51', '2016-08-17 13:43:32'),
(37, 'سسس', 'سس', '1472992152', '1472992152', 81, 3, 'سسس', 'أوربا', 41, 2002, 'نادى', 1, 'NO', '2016-10-17 06:56:47', '2016-09-04 10:29:12');

-- --------------------------------------------------------

--
-- Table structure for table `team_championships`
--

CREATE TABLE `team_championships` (
  `id` int(11) NOT NULL,
  `team_id` int(11) DEFAULT NULL,
  `championship_id` int(11) DEFAULT NULL,
  `no_goals` int(11) DEFAULT '0',
  `no_points` int(11) DEFAULT '0',
  `no_draughts` int(11) DEFAULT '0',
  `no_winnes` int(11) DEFAULT '0',
  `no_loses` int(11) DEFAULT '0',
  `addition_info` text COLLATE utf8_unicode_ci,
  `updated_at` timestamp NOT NULL DEFAULT CURRENT_TIMESTAMP ON UPDATE CURRENT_TIMESTAMP,
  `created_at` timestamp NOT NULL DEFAULT '0000-00-00 00:00:00'
) ENGINE=InnoDB DEFAULT CHARSET=utf8 COLLATE=utf8_unicode_ci;

--
-- Dumping data for table `team_championships`
--

INSERT INTO `team_championships` (`id`, `team_id`, `championship_id`, `no_goals`, `no_points`, `no_draughts`, `no_winnes`, `no_loses`, `addition_info`, `updated_at`, `created_at`) VALUES
(1, 8, 10, 0, 1, 1, 0, 0, NULL, '2016-09-27 12:57:21', '2016-09-27 12:57:21'),
(2, 4, 10, 0, 3, 3, 0, 0, NULL, '2016-09-27 13:05:48', '2016-09-27 12:57:21'),
(3, 8, NULL, 0, 1, 1, 0, 0, NULL, '2016-09-27 13:04:47', '2016-09-27 13:04:47'),
(4, 8, 10, 0, 1, 1, 0, 0, NULL, '2016-09-27 13:05:48', '2016-09-27 13:05:48');

-- --------------------------------------------------------

--
-- Table structure for table `team_championship_players`
--

CREATE TABLE `team_championship_players` (
  `id` int(11) NOT NULL,
  `team_id` int(11) DEFAULT NULL,
  `player_id` int(11) NOT NULL,
  `championship_id` int(11) NOT NULL,
  `win_date` timestamp NOT NULL DEFAULT CURRENT_TIMESTAMP ON UPDATE CURRENT_TIMESTAMP,
  `addition_info` text COLLATE utf8_unicode_ci,
  `updated_at` timestamp NOT NULL DEFAULT '0000-00-00 00:00:00',
  `created_at` timestamp NOT NULL DEFAULT '0000-00-00 00:00:00'
) ENGINE=InnoDB DEFAULT CHARSET=utf8 COLLATE=utf8_unicode_ci;

-- --------------------------------------------------------

--
-- Table structure for table `team_groups`
--

CREATE TABLE `team_groups` (
  `id` int(11) NOT NULL,
  `team_id` int(11) DEFAULT NULL,
  `group_id` int(11) DEFAULT NULL,
  `role` int(11) DEFAULT NULL,
  `champion_id` int(11) NOT NULL,
  `created_at` timestamp NOT NULL DEFAULT CURRENT_TIMESTAMP ON UPDATE CURRENT_TIMESTAMP,
  `updated_at` timestamp NOT NULL DEFAULT '0000-00-00 00:00:00'
) ENGINE=InnoDB DEFAULT CHARSET=utf8 COLLATE=utf8_unicode_ci;

--
-- Dumping data for table `team_groups`
--

INSERT INTO `team_groups` (`id`, `team_id`, `group_id`, `role`, `champion_id`, `created_at`, `updated_at`) VALUES
(16, 33, 2, 16, 10, '2016-09-06 13:42:27', '2016-09-06 13:42:27'),
(17, 36, NULL, NULL, 10, '2016-09-06 13:42:42', '2016-09-06 13:42:42'),
(18, 33, NULL, NULL, 10, '2016-09-06 13:43:01', '2016-09-06 13:43:01'),
(19, 33, 2, 16, 10, '2016-09-06 13:43:12', '2016-09-06 13:43:12');

-- --------------------------------------------------------

--
-- Table structure for table `team_history_coaches`
--

CREATE TABLE `team_history_coaches` (
  `id` int(11) NOT NULL,
  `team_id` int(11) NOT NULL,
  `coach_id` int(11) NOT NULL,
  `from_date` date NOT NULL,
  `to_date` date DEFAULT NULL,
  `contract` int(11) NOT NULL,
  `addition_info` text COLLATE utf8_unicode_ci,
  `updated_at` timestamp NOT NULL DEFAULT CURRENT_TIMESTAMP ON UPDATE CURRENT_TIMESTAMP,
  `created_at` timestamp NOT NULL DEFAULT '0000-00-00 00:00:00'
) ENGINE=InnoDB DEFAULT CHARSET=utf8 COLLATE=utf8_unicode_ci;

--
-- Dumping data for table `team_history_coaches`
--

INSERT INTO `team_history_coaches` (`id`, `team_id`, `coach_id`, `from_date`, `to_date`, `contract`, `addition_info`, `updated_at`, `created_at`) VALUES
(0, 32, 23, '2016-02-03', '2016-04-05', 50, 'bbbbbbbbbbbbb', '2016-09-01 06:35:22', '2016-09-01 06:35:11');

-- --------------------------------------------------------

--
-- Table structure for table `team_players`
--

CREATE TABLE `team_players` (
  `id` int(11) NOT NULL,
  `team_id` int(11) DEFAULT NULL,
  `player_id` int(11) NOT NULL,
  `created_at` timestamp NOT NULL DEFAULT '0000-00-00 00:00:00',
  `updated_at` timestamp NOT NULL DEFAULT CURRENT_TIMESTAMP ON UPDATE CURRENT_TIMESTAMP
) ENGINE=InnoDB DEFAULT CHARSET=utf8;

--
-- Dumping data for table `team_players`
--

INSERT INTO `team_players` (`id`, `team_id`, `player_id`, `created_at`, `updated_at`) VALUES
(30, 4, 7, '2016-05-31 09:20:10', '2016-05-31 13:59:42'),
(39, 13, 279, '2016-05-31 13:43:31', '2016-05-31 13:43:31'),
(40, 13, 284, '2016-05-31 13:59:27', '2016-05-31 13:59:27'),
(41, 13, 287, '2016-05-31 14:05:34', '2016-05-31 14:05:34'),
(42, 13, 289, '2016-05-31 14:10:06', '2016-05-31 14:10:06'),
(43, 13, 297, '2016-05-31 14:30:00', '2016-05-31 14:30:00'),
(44, 13, 299, '2016-05-31 14:32:35', '2016-05-31 14:32:35'),
(45, 13, 303, '2016-05-31 14:37:09', '2016-05-31 14:37:09'),
(46, 13, 304, '2016-05-31 14:40:01', '2016-05-31 14:40:01'),
(47, 13, 305, '2016-05-31 14:44:54', '2016-05-31 14:44:54'),
(48, 13, 308, '2016-05-31 14:59:48', '2016-05-31 14:59:48'),
(49, 13, 309, '2016-05-31 15:04:18', '2016-05-31 15:04:18'),
(50, 13, 310, '2016-05-31 15:07:14', '2016-05-31 15:07:14'),
(63, 13, 311, '2016-06-01 07:01:25', '2016-06-01 07:01:25'),
(64, 13, 314, '2016-06-01 07:18:55', '2016-06-01 07:18:55'),
(65, 3, 315, '2016-06-01 07:28:55', '2016-06-01 07:28:55'),
(66, 13, 316, '2016-06-01 07:33:52', '2016-06-01 07:33:52'),
(67, 3, 317, '2016-06-01 07:38:17', '2016-06-01 07:38:17'),
(68, 13, 323, '2016-06-01 08:05:52', '2016-06-01 08:05:52'),
(70, 11, 350, '2016-06-01 10:17:22', '2016-06-01 10:25:39'),
(71, 6, 162, '2016-06-01 10:31:24', '2016-06-01 10:31:24'),
(74, 15, 73, '2016-06-01 10:55:20', '2016-06-01 10:55:20'),
(75, 15, 100, '2016-06-01 10:55:30', '2016-06-01 10:55:30'),
(76, 15, 90, '2016-06-01 10:55:41', '2016-06-01 10:55:41'),
(77, 15, 77, '2016-06-01 10:55:59', '2016-06-01 10:55:59'),
(79, 11, 53, '2016-06-01 10:56:36', '2016-06-01 10:56:36'),
(80, 9, 271, '2016-06-01 10:57:03', '2016-06-01 10:57:03'),
(81, 11, 68, '2016-06-01 10:57:12', '2016-06-01 10:57:12'),
(83, 17, 346, '2016-06-01 10:57:37', '2016-06-01 10:57:37'),
(84, 17, 291, '2016-06-01 10:57:46', '2016-06-01 10:57:46'),
(89, 13, 260, '2016-06-01 10:58:39', '2016-06-01 10:58:39'),
(90, 4, 8, '2016-06-01 10:58:47', '2016-06-01 10:58:47'),
(93, 13, 342, '2016-06-01 10:59:16', '2016-06-01 10:59:16'),
(96, 15, 193, '2016-06-01 10:59:51', '2016-06-01 10:59:51'),
(97, 15, 255, '2016-06-01 11:00:01', '2016-06-01 11:00:01'),
(98, 8, 219, '2016-06-01 11:00:16', '2016-06-01 11:00:16'),
(99, 8, 220, '2016-06-01 11:00:31', '2016-06-01 11:00:31'),
(101, 13, 307, '2016-06-01 11:00:57', '2016-06-01 11:00:57'),
(102, 9, 259, '2016-06-01 11:01:07', '2016-06-01 11:01:07'),
(103, 9, 296, '2016-06-01 11:01:20', '2016-06-01 11:01:20'),
(104, 17, 301, '2016-06-01 11:01:27', '2016-06-01 11:01:27'),
(108, 13, 345, '2016-06-01 11:02:05', '2016-06-01 11:02:05'),
(109, 13, 265, '2016-06-01 11:02:15', '2016-06-01 11:02:15'),
(110, 15, 202, '2016-06-01 11:02:26', '2016-06-01 11:02:26'),
(111, 17, 325, '2016-06-01 11:02:36', '2016-06-01 11:02:36'),
(114, 15, 217, '2016-06-01 11:03:24', '2016-06-01 11:03:24'),
(115, 13, 337, '2016-06-01 11:03:33', '2016-06-01 11:03:33'),
(119, 15, 134, '2016-06-01 11:07:33', '2016-06-01 11:07:33'),
(120, 8, 227, '2016-06-01 11:08:57', '2016-06-01 11:23:36'),
(122, 9, 283, '2016-06-01 11:09:45', '2016-06-01 11:09:45'),
(123, 8, 225, '2016-06-01 11:10:25', '2016-06-01 11:10:25'),
(124, 4, 3, '2016-06-01 11:10:57', '2016-06-01 11:10:57'),
(126, 15, 79, '2016-06-01 11:11:40', '2016-06-01 11:11:40'),
(127, 8, 236, '2016-06-01 11:12:39', '2016-06-01 11:12:39'),
(128, 11, 56, '2016-06-01 11:12:59', '2016-06-01 11:12:59'),
(131, 15, 253, '2016-06-01 11:14:20', '2016-06-01 11:14:20'),
(132, 13, 211, '2016-06-01 11:14:45', '2016-06-01 11:14:45'),
(133, 11, 61, '2016-06-01 11:15:03', '2016-06-01 11:15:03'),
(134, 8, 252, '2016-06-01 11:15:09', '2016-06-08 09:11:01'),
(135, 6, 170, '2016-06-01 11:15:22', '2016-06-01 11:15:22'),
(136, 17, 330, '2016-06-01 11:15:45', '2016-06-01 11:15:45'),
(137, 6, 178, '2016-06-01 11:16:14', '2016-06-01 11:16:14'),
(138, 11, 38, '2016-06-01 11:16:51', '2016-06-01 11:16:51'),
(140, 17, 306, '2016-06-01 11:18:23', '2016-06-01 11:18:23'),
(141, 6, 150, '2016-06-01 11:18:31', '2016-06-01 11:18:31'),
(142, 6, 204, '2016-06-01 11:19:00', '2016-06-01 11:19:00'),
(144, 9, 295, '2016-06-01 11:19:37', '2016-06-01 11:19:37'),
(145, 17, 294, '2016-06-01 11:19:51', '2016-06-01 11:19:51'),
(146, 13, 263, '2016-06-01 11:19:56', '2016-06-01 11:19:56'),
(147, 6, 158, '2016-06-01 11:20:25', '2016-06-01 11:20:25'),
(148, 11, 44, '2016-06-01 11:20:31', '2016-06-01 11:20:31'),
(149, 15, 190, '2016-06-01 11:20:55', '2016-06-01 11:20:55'),
(150, 4, 25, '2016-06-01 11:21:00', '2016-06-01 11:21:00'),
(151, 15, 240, '2016-06-01 11:21:16', '2016-06-01 11:21:16'),
(152, 13, 343, '2016-06-01 11:21:30', '2016-06-01 11:21:30'),
(153, 6, 151, '2016-06-01 11:21:35', '2016-06-01 11:21:35'),
(154, 8, 237, '2016-06-01 11:21:59', '2016-06-01 11:21:59'),
(155, 11, 45, '2016-06-01 11:22:27', '2016-06-01 11:22:27'),
(156, 4, 5, '2016-06-01 11:22:40', '2016-06-01 11:22:40'),
(157, 3, 338, '2016-06-01 11:22:55', '2016-06-01 11:22:55'),
(158, 3, 347, '2016-06-01 11:23:22', '2016-06-01 11:23:22'),
(160, 4, 14, '2016-06-01 11:24:16', '2016-06-01 11:24:16'),
(161, 11, 47, '2016-06-01 11:24:31', '2016-06-01 11:24:31'),
(162, 9, 275, '2016-06-01 11:24:34', '2016-06-01 11:24:34'),
(163, 13, 215, '2016-06-01 11:25:19', '2016-06-01 11:25:19'),
(164, 3, 326, '2016-06-01 11:25:36', '2016-06-01 11:25:36'),
(165, 4, 10, '2016-06-01 11:25:51', '2016-06-01 11:25:51'),
(166, 15, 266, '2016-06-01 11:25:58', '2016-06-01 11:25:58'),
(168, 9, 261, '2016-06-01 11:26:24', '2016-06-01 11:26:24'),
(169, 4, 24, '2016-06-01 11:26:48', '2016-06-01 11:26:48'),
(170, 4, 32, '2016-06-01 11:26:53', '2016-06-01 11:26:53'),
(171, 4, 23, '2016-06-01 11:27:07', '2016-06-01 11:27:07'),
(172, 15, 257, '2016-06-01 11:27:22', '2016-06-01 11:27:22'),
(173, 11, 42, '2016-06-01 11:27:47', '2016-06-01 11:27:47'),
(174, 8, 250, '2016-06-01 11:27:48', '2016-06-01 11:27:48'),
(175, 6, 143, '2016-06-01 11:28:21', '2016-06-01 11:28:21'),
(176, 15, 78, '2016-06-01 11:28:24', '2016-06-01 11:28:24'),
(177, 6, 176, '2016-06-01 11:28:34', '2016-06-01 11:28:34'),
(179, 17, 341, '2016-06-01 11:28:41', '2016-06-01 11:28:41'),
(180, 9, 293, '2016-06-01 11:28:45', '2016-06-01 11:28:45'),
(182, 6, 210, '2016-06-01 11:29:06', '2016-06-01 11:29:06'),
(183, 8, 242, '2016-06-01 11:29:18', '2016-06-01 11:29:18'),
(184, 11, 35, '2016-06-01 11:29:22', '2016-06-01 11:29:22'),
(186, 6, 206, '2016-06-01 11:29:35', '2016-06-01 11:29:35'),
(187, 9, 300, '2016-06-01 11:29:44', '2016-06-01 11:29:44'),
(190, 4, 12, '2016-06-01 11:30:09', '2016-06-01 11:30:09'),
(191, 15, 197, '2016-06-01 11:30:19', '2016-06-01 11:30:19'),
(193, 4, 17, '2016-06-01 11:30:32', '2016-06-01 11:30:32'),
(196, 3, 321, '2016-06-01 11:30:58', '2016-06-01 11:30:58'),
(197, 15, 212, '2016-06-01 11:31:06', '2016-06-01 11:31:06'),
(198, 6, 141, '2016-06-01 11:31:23', '2016-06-01 11:31:23'),
(199, 3, 318, '2016-06-01 11:31:30', '2016-06-01 11:31:30'),
(200, 11, 36, '2016-06-01 11:31:30', '2016-06-01 11:31:30'),
(202, 4, 22, '2016-06-01 11:32:12', '2016-06-01 11:32:12'),
(203, 3, 348, '2016-06-01 11:32:18', '2016-06-01 11:32:18'),
(204, 11, 39, '2016-06-01 11:32:54', '2016-06-01 11:32:54'),
(205, 23, 198, '2016-06-01 11:33:12', '2016-06-01 11:33:12'),
(206, 15, 87, '2016-06-01 11:33:26', '2016-06-01 11:33:26'),
(207, 6, 196, '2016-06-01 11:33:48', '2016-06-01 11:33:48'),
(208, 9, 298, '2016-06-01 11:34:10', '2016-06-01 11:34:10'),
(210, 4, 9, '2016-06-01 11:34:32', '2016-06-01 11:34:32'),
(211, 6, 205, '2016-06-01 11:34:50', '2016-06-01 11:34:50'),
(212, 8, 213, '2016-06-01 11:35:26', '2016-06-01 11:35:26'),
(213, 8, 249, '2016-06-01 11:35:32', '2016-06-01 11:35:32'),
(214, 8, 232, '2016-06-01 11:35:46', '2016-06-01 11:35:46'),
(216, 8, 247, '2016-06-01 11:36:02', '2016-06-01 11:36:02'),
(217, 3, 329, '2016-06-01 11:36:39', '2016-06-01 11:36:39'),
(218, 15, 64, '2016-06-01 11:36:41', '2016-06-01 11:36:41'),
(219, 6, 200, '2016-06-01 11:36:46', '2016-06-01 11:36:46'),
(220, 15, 230, '2016-06-01 11:36:55', '2016-06-01 11:36:55'),
(223, 15, 82, '2016-06-01 11:37:19', '2016-06-01 11:37:19'),
(224, 4, 16, '2016-06-01 11:37:29', '2016-06-01 11:37:29'),
(225, 8, 244, '2016-06-01 11:37:37', '2016-06-08 09:13:45'),
(226, 11, 72, '2016-06-01 11:37:44', '2016-06-01 11:37:44'),
(227, 11, 63, '2016-06-01 11:37:45', '2016-06-01 11:37:45'),
(228, 8, 222, '2016-06-01 11:37:56', '2016-06-01 11:37:56'),
(231, 3, 327, '2016-06-01 11:38:18', '2016-06-01 11:38:18'),
(232, 13, 254, '2016-06-01 11:38:23', '2016-06-01 11:38:23'),
(233, 9, 267, '2016-06-01 11:38:40', '2016-06-01 11:38:40'),
(234, 6, 142, '2016-06-01 11:38:55', '2016-06-01 11:38:55'),
(235, 13, 214, '2016-06-01 11:39:11', '2016-06-01 11:39:11'),
(236, 4, 26, '2016-06-01 11:39:13', '2016-06-01 11:39:13'),
(238, 9, 274, '2016-06-01 11:39:25', '2016-06-01 11:39:25'),
(239, 3, 319, '2016-06-01 11:39:29', '2016-06-01 11:39:29'),
(240, 6, 156, '2016-06-01 11:39:45', '2016-06-01 11:39:45'),
(241, 9, 302, '2016-06-01 11:39:57', '2016-06-01 11:39:57'),
(242, 4, 29, '2016-06-01 11:39:57', '2016-06-01 11:39:57'),
(243, 9, 292, '2016-06-01 11:40:06', '2016-06-01 11:40:06'),
(245, 8, 223, '2016-06-01 11:40:30', '2016-06-01 11:40:30'),
(246, 9, 278, '2016-06-01 11:40:35', '2016-06-01 11:40:35'),
(248, 13, 264, '2016-06-01 11:40:58', '2016-06-01 11:40:58'),
(249, 11, 70, '2016-06-01 11:41:11', '2016-06-01 11:41:11'),
(250, 9, 281, '2016-06-01 11:41:12', '2016-06-01 11:41:12'),
(251, 3, 320, '2016-06-01 11:41:13', '2016-06-01 11:41:13'),
(252, 15, 258, '2016-06-01 11:41:29', '2016-06-01 11:41:29'),
(253, 28, 272, '2016-06-01 11:41:31', '2016-06-01 11:41:31'),
(254, 13, 207, '2016-06-01 11:42:02', '2016-06-01 11:42:02'),
(255, 8, 234, '2016-06-01 11:42:10', '2016-06-01 11:42:10'),
(256, 8, 229, '2016-06-01 11:42:17', '2016-06-01 11:42:17'),
(257, 4, 21, '2016-06-01 11:42:26', '2016-06-01 11:42:26'),
(258, 9, 290, '2016-06-01 11:42:34', '2016-06-01 11:42:34'),
(259, 4, 15, '2016-06-01 11:42:37', '2016-06-01 11:42:37'),
(260, 4, 20, '2016-06-01 11:42:43', '2016-06-01 11:42:43'),
(261, 4, 27, '2016-06-01 11:42:53', '2016-06-01 11:42:53'),
(265, 15, 81, '2016-06-01 11:43:29', '2016-06-01 11:43:29'),
(266, 8, 221, '2016-06-01 11:43:40', '2016-06-01 11:43:40'),
(267, 6, 136, '2016-06-01 11:43:44', '2016-06-01 11:43:44'),
(268, 13, 339, '2016-06-01 11:43:53', '2016-06-01 11:43:53'),
(269, 15, 97, '2016-06-01 11:43:59', '2016-06-01 11:43:59'),
(270, 6, 184, '2016-06-01 11:44:00', '2016-06-01 11:44:00'),
(271, 4, 4, '2016-06-01 11:44:16', '2016-06-01 11:44:16'),
(272, 9, 286, '2016-06-01 11:44:20', '2016-06-01 11:44:20'),
(273, 15, 80, '2016-06-01 11:44:40', '2016-06-01 11:44:40'),
(274, 15, 228, '2016-06-01 11:44:41', '2016-06-01 11:44:41'),
(275, 9, 288, '2016-06-01 11:45:02', '2016-06-01 11:45:02'),
(276, 11, 60, '2016-06-01 11:45:05', '2016-06-01 11:45:05'),
(277, 11, 41, '2016-06-01 11:45:20', '2016-06-01 11:45:20'),
(278, 6, 181, '2016-06-01 11:45:42', '2016-06-01 11:45:42'),
(279, 9, 282, '2016-06-01 11:45:47', '2016-06-01 11:45:47'),
(280, 11, 52, '2016-06-01 11:45:53', '2016-06-01 11:45:53'),
(281, 11, 160, '2016-06-01 11:45:55', '2016-06-01 11:45:55'),
(282, 4, 13, '2016-06-01 11:46:05', '2016-06-01 11:46:05'),
(283, 15, 84, '2016-06-01 11:46:08', '2016-06-01 11:46:08'),
(286, 15, 83, '2016-06-01 11:46:27', '2016-06-01 11:46:27'),
(287, 11, 37, '2016-06-01 11:46:28', '2016-06-01 11:46:28'),
(288, 6, 165, '2016-06-01 11:46:42', '2016-06-01 11:46:42'),
(289, 6, 146, '2016-06-01 11:46:45', '2016-06-01 11:46:45'),
(290, 6, 164, '2016-06-01 11:46:52', '2016-06-01 11:46:52'),
(291, 4, 19, '2016-06-01 11:46:58', '2016-06-01 11:46:58'),
(293, 9, 270, '2016-06-01 11:47:09', '2016-06-01 11:47:09'),
(294, 4, 18, '2016-06-01 11:47:16', '2016-06-01 11:47:16'),
(295, 4, 34, '2016-06-01 11:47:24', '2016-06-01 11:47:24'),
(296, 13, 241, '2016-06-01 11:47:34', '2016-06-01 11:47:34'),
(297, 6, 167, '2016-06-01 11:47:49', '2016-06-01 11:47:49'),
(299, 3, 324, '2016-06-01 11:47:56', '2016-06-01 11:47:56'),
(300, 11, 54, '2016-06-01 11:48:18', '2016-06-01 11:48:18'),
(301, 8, 216, '2016-06-01 11:48:25', '2016-06-01 11:48:25'),
(302, 4, 28, '2016-06-01 11:48:39', '2016-06-09 07:24:02'),
(303, 15, 98, '2016-06-01 11:48:49', '2016-06-01 11:48:49'),
(304, 13, 235, '2016-06-01 11:48:51', '2016-06-01 11:48:51'),
(305, 15, 110, '2016-06-01 11:48:52', '2016-06-01 11:48:52'),
(306, 13, 246, '2016-06-01 11:49:00', '2016-06-01 11:49:00'),
(307, 15, 59, '2016-06-01 11:49:09', '2016-06-01 11:49:09'),
(308, 13, 313, '2016-06-01 11:49:10', '2016-06-01 11:49:10'),
(309, 13, 312, '2016-06-01 11:49:20', '2016-06-01 11:49:20'),
(310, 11, 74, '2016-06-01 11:49:21', '2016-06-01 11:49:21'),
(311, 11, 40, '2016-06-01 11:49:26', '2016-06-01 11:49:26'),
(312, 13, 256, '2016-06-01 11:49:29', '2016-06-01 11:49:29'),
(314, 9, 277, '2016-06-01 11:49:42', '2016-06-01 11:49:42'),
(315, 13, 238, '2016-06-01 11:49:50', '2016-06-01 11:49:50'),
(316, 15, 85, '2016-06-01 11:49:53', '2016-06-01 11:49:53'),
(317, 8, 224, '2016-06-01 11:50:02', '2016-06-01 11:50:02'),
(318, 15, 239, '2016-06-01 11:50:08', '2016-06-01 11:50:08'),
(319, 11, 66, '2016-06-01 11:50:09', '2016-06-01 11:50:09'),
(320, 9, 276, '2016-06-01 11:50:18', '2016-06-01 11:50:18'),
(321, 15, 251, '2016-06-01 11:50:19', '2016-06-01 11:50:19'),
(322, 15, 262, '2016-06-01 11:50:31', '2016-06-01 11:50:31'),
(323, 17, 328, '2016-06-01 11:50:35', '2016-06-01 11:50:35'),
(324, 3, 331, '2016-06-01 11:50:39', '2016-06-01 11:50:39'),
(326, 15, 268, '2016-06-01 11:50:51', '2016-06-01 11:50:51'),
(328, 4, 11, '2016-06-01 11:51:04', '2016-06-01 11:51:04'),
(329, 3, 333, '2016-06-01 11:51:05', '2016-06-01 11:51:05'),
(331, 3, 344, '2016-06-01 11:51:17', '2016-06-01 11:51:17'),
(332, 6, 139, '2016-06-01 11:51:24', '2016-06-01 11:51:24'),
(333, 15, 118, '2016-06-01 11:51:29', '2016-06-01 11:51:29'),
(335, 15, 76, '2016-06-01 11:51:48', '2016-06-01 11:51:48'),
(336, 3, 340, '2016-06-01 11:51:54', '2016-06-01 11:51:54'),
(338, 8, 233, '2016-06-01 11:52:08', '2016-06-01 11:52:08'),
(339, 15, 248, '2016-06-01 11:52:20', '2016-06-01 11:52:20'),
(340, 6, 153, '2016-06-01 11:52:25', '2016-06-01 11:52:25'),
(342, 15, 201, '2016-06-01 11:52:39', '2016-06-01 11:52:39'),
(343, 9, 280, '2016-06-01 11:52:47', '2016-06-01 11:52:47'),
(344, 6, 148, '2016-06-01 11:52:49', '2016-06-01 11:52:49'),
(345, 11, 50, '2016-06-01 11:52:53', '2016-06-01 11:52:53'),
(346, 15, 243, '2016-06-01 11:53:03', '2016-06-01 11:53:03'),
(348, 8, 226, '2016-06-01 11:53:16', '2016-06-01 11:53:16'),
(349, 15, 58, '2016-06-01 11:53:25', '2016-06-01 11:53:25'),
(350, 15, 133, '2016-06-01 11:53:40', '2016-06-01 11:53:40'),
(351, 15, 218, '2016-06-01 11:53:57', '2016-06-01 11:53:57'),
(352, 15, 208, '2016-06-01 11:55:22', '2016-06-01 11:55:22'),
(353, 9, 285, '2016-06-01 11:55:33', '2016-06-01 11:55:33'),
(355, 15, 91, '2016-06-01 11:55:50', '2016-06-01 11:55:50'),
(356, 9, 273, '2016-06-01 11:55:56', '2016-06-01 11:55:56'),
(358, 3, 332, '2016-06-01 11:56:15', '2016-06-01 11:56:15'),
(359, 11, 65, '2016-06-01 11:56:18', '2016-06-01 11:56:18'),
(360, 8, 245, '2016-06-01 11:56:26', '2016-06-01 11:56:26'),
(362, 11, 71, '2016-06-01 11:56:38', '2016-06-01 11:56:38'),
(363, 15, 75, '2016-06-01 11:56:39', '2016-06-01 11:56:39'),
(364, 15, 191, '2016-06-01 11:56:51', '2016-06-01 11:56:51'),
(365, 11, 51, '2016-06-01 11:56:58', '2016-06-01 11:56:58'),
(366, 17, 336, '2016-06-01 11:57:09', '2016-06-01 11:57:09'),
(367, 3, 352, '2016-06-01 12:01:59', '2016-06-01 12:01:59'),
(368, 3, 353, '2016-06-01 12:07:05', '2016-06-01 12:07:05'),
(369, 3, 354, '2016-06-01 12:09:58', '2016-06-01 12:09:58'),
(371, 3, 356, '2016-06-01 12:13:34', '2016-06-01 12:13:34'),
(373, 24, 358, '2016-06-01 12:18:58', '2016-06-01 12:18:58'),
(375, 24, 360, '2016-06-01 12:25:09', '2016-06-01 12:25:09'),
(379, 24, 364, '2016-06-01 12:37:24', '2016-06-01 12:37:24'),
(382, 17, 367, '2016-06-01 12:44:55', '2016-06-01 12:44:55'),
(383, 17, 368, '2016-06-01 12:48:44', '2016-06-01 12:48:44'),
(386, 17, 371, '2016-06-01 12:57:05', '2016-06-01 12:57:05'),
(387, 24, 372, '2016-06-01 12:59:30', '2016-06-01 12:59:30'),
(388, 17, 373, '2016-06-01 13:02:19', '2016-06-01 13:02:19'),
(389, 17, 374, '2016-06-01 13:02:19', '2016-06-01 13:02:19'),
(391, 17, 376, '2016-06-01 13:08:15', '2016-06-01 13:08:15'),
(393, 24, 378, '2016-06-01 13:11:04', '2016-06-01 13:11:04'),
(394, 17, 379, '2016-06-01 13:13:49', '2016-06-01 13:13:49'),
(395, 24, 380, '2016-06-01 13:16:21', '2016-06-01 13:16:21'),
(397, 24, 382, '2016-06-01 13:22:35', '2016-06-01 13:22:35'),
(398, 17, 383, '2016-06-01 13:23:28', '2016-06-01 13:23:28'),
(400, 24, 385, '2016-06-01 13:27:59', '2016-06-01 13:27:59'),
(401, 24, 386, '2016-06-01 13:31:26', '2016-06-01 13:31:26'),
(402, 17, 387, '2016-06-01 13:32:22', '2016-06-01 13:32:22'),
(404, 17, 389, '2016-06-01 13:37:08', '2016-06-01 13:37:08'),
(406, 24, 391, '2016-06-01 13:39:42', '2016-06-01 13:39:42'),
(407, 17, 392, '2016-06-01 13:44:11', '2016-06-01 13:44:11'),
(409, 24, 394, '2016-06-01 13:49:11', '2016-06-01 13:49:11'),
(411, 17, 396, '2016-06-01 13:54:26', '2016-06-01 13:54:26'),
(412, 24, 397, '2016-06-01 13:54:40', '2016-06-01 13:54:40'),
(414, 17, 399, '2016-06-01 14:02:31', '2016-06-01 14:02:31'),
(415, 17, 400, '2016-06-01 14:11:13', '2016-06-01 14:11:13'),
(416, 24, 401, '2016-06-01 14:11:25', '2016-06-01 14:11:25'),
(418, 17, 403, '2016-06-01 14:15:55', '2016-06-01 14:15:55'),
(420, 24, 405, '2016-06-01 14:20:05', '2016-06-01 14:20:05'),
(422, 24, 407, '2016-06-01 14:23:59', '2016-06-01 14:23:59'),
(424, 24, 409, '2016-06-01 14:30:54', '2016-06-01 14:30:54'),
(426, 24, 411, '2016-06-01 14:34:14', '2016-06-01 14:34:14'),
(427, 24, 412, '2016-06-01 14:39:37', '2016-06-01 14:39:37'),
(428, 20, 413, '2016-06-01 14:45:28', '2016-06-01 14:45:28'),
(429, 24, 414, '2016-06-01 14:51:54', '2016-06-01 14:51:54'),
(430, 20, 415, '2016-06-01 14:53:14', '2016-06-01 14:53:14'),
(431, 24, 416, '2016-06-01 14:55:20', '2016-06-01 14:55:20'),
(432, 24, 417, '2016-06-01 15:01:11', '2016-06-01 15:01:11'),
(433, 24, 418, '2016-06-01 15:06:11', '2016-06-01 15:06:11'),
(434, 20, 419, '2016-06-02 07:39:30', '2016-06-02 07:39:30'),
(436, 20, 421, '2016-06-02 07:45:47', '2016-06-02 07:45:47'),
(440, 20, 425, '2016-06-02 08:38:23', '2016-06-02 08:38:23'),
(444, 20, 430, '2016-06-02 08:58:06', '2016-06-02 08:58:06'),
(447, 20, 435, '2016-06-02 09:13:00', '2016-06-02 09:13:00'),
(450, 20, 441, '2016-06-02 09:24:21', '2016-06-02 09:24:21'),
(453, 20, 444, '2016-06-02 09:34:45', '2016-06-02 09:34:45'),
(455, 20, 446, '2016-06-02 09:38:57', '2016-06-02 09:38:57'),
(458, 20, 449, '2016-06-02 09:44:40', '2016-06-02 09:44:40'),
(462, 20, 453, '2016-06-02 10:09:12', '2016-06-02 10:09:12'),
(463, 20, 454, '2016-06-02 10:15:20', '2016-06-02 10:15:20'),
(465, 25, 456, '2016-06-02 10:16:16', '2016-06-02 10:16:16'),
(466, 25, 457, '2016-06-02 10:18:03', '2016-06-02 10:18:03'),
(467, 25, 458, '2016-06-02 10:21:05', '2016-06-02 10:21:05'),
(469, 25, 460, '2016-06-02 10:24:06', '2016-06-02 10:24:06'),
(471, 20, 462, '2016-06-02 10:28:03', '2016-06-02 10:28:03'),
(473, 25, 464, '2016-06-02 10:30:25', '2016-06-02 10:30:25'),
(477, 25, 468, '2016-06-02 10:48:21', '2016-06-02 10:48:21'),
(479, 20, 470, '2016-06-02 10:52:49', '2016-06-02 10:52:49'),
(480, 20, 471, '2016-06-02 11:03:25', '2016-06-02 11:03:25'),
(481, 25, 472, '2016-06-02 11:05:33', '2016-06-02 11:05:33'),
(482, 25, 473, '2016-06-02 11:15:37', '2016-06-02 11:15:37'),
(483, 20, 474, '2016-06-02 11:18:14', '2016-06-02 11:18:14'),
(486, 20, 477, '2016-06-02 11:25:58', '2016-06-02 11:25:58'),
(488, 20, 480, '2016-06-02 11:30:33', '2016-06-02 11:30:33'),
(489, 25, 481, '2016-06-02 11:31:24', '2016-06-02 11:31:24'),
(491, 25, 483, '2016-06-02 11:33:04', '2016-06-02 11:33:04'),
(493, 20, 485, '2016-06-02 11:39:45', '2016-06-02 11:39:45'),
(495, 20, 487, '2016-06-02 11:46:57', '2016-06-02 11:46:57'),
(497, 20, 489, '2016-06-02 11:52:45', '2016-06-02 11:52:45'),
(506, 20, 499, '2016-06-02 12:30:17', '2016-06-02 12:30:17'),
(511, 25, 504, '2016-06-02 13:01:46', '2016-06-02 13:01:46'),
(512, 3, 505, '2016-06-02 13:03:35', '2016-06-02 13:03:35'),
(513, 25, 506, '2016-06-02 13:05:32', '2016-06-02 13:05:32'),
(516, 25, 509, '2016-06-02 13:13:55', '2016-06-02 13:13:55'),
(517, 25, 510, '2016-06-02 13:19:16', '2016-06-02 13:19:16'),
(518, 23, 511, '2016-06-02 13:23:12', '2016-06-02 13:23:12'),
(520, 25, 513, '2016-06-02 13:25:58', '2016-06-02 13:25:58'),
(524, 25, 517, '2016-06-02 13:38:54', '2016-06-02 13:38:54'),
(527, 25, 520, '2016-06-02 13:50:04', '2016-06-02 13:50:04'),
(529, 25, 522, '2016-06-02 14:03:45', '2016-06-02 14:03:45'),
(530, 23, 523, '2016-06-02 14:25:07', '2016-06-02 14:25:07'),
(531, 23, 524, '2016-06-02 14:33:55', '2016-06-02 14:33:55'),
(532, 10, 525, '2016-06-02 14:36:29', '2016-06-02 14:36:29'),
(533, 10, 526, '2016-06-02 14:39:56', '2016-06-02 14:39:56'),
(534, 23, 527, '2016-06-02 14:41:59', '2016-06-02 14:41:59'),
(535, 10, 528, '2016-06-02 14:44:13', '2016-06-02 14:44:13'),
(536, 23, 529, '2016-06-02 14:45:05', '2016-06-02 14:45:05'),
(537, 10, 530, '2016-06-02 14:48:42', '2016-06-02 14:48:42'),
(538, 10, 531, '2016-06-02 14:54:32', '2016-06-02 14:54:32'),
(539, 10, 532, '2016-06-05 07:29:32', '2016-06-05 07:29:32'),
(540, 10, 533, '2016-06-05 07:34:32', '2016-06-05 07:34:32'),
(541, 10, 534, '2016-06-05 07:42:09', '2016-06-05 07:42:09'),
(542, 28, 535, '2016-06-05 07:44:08', '2016-06-05 07:44:08'),
(543, 10, 536, '2016-06-05 07:45:40', '2016-06-05 07:45:40'),
(544, 28, 537, '2016-06-05 07:48:05', '2016-06-05 07:48:05'),
(545, 10, 538, '2016-06-05 07:49:53', '2016-06-05 07:49:53'),
(546, 10, 539, '2016-06-05 07:53:34', '2016-06-05 07:53:34'),
(547, 28, 540, '2016-06-05 07:54:21', '2016-06-05 07:54:21'),
(548, 10, 541, '2016-06-05 07:56:59', '2016-06-05 07:56:59'),
(549, 10, 542, '2016-06-05 08:00:23', '2016-06-05 08:00:23'),
(550, 10, 543, '2016-06-05 08:06:07', '2016-06-05 08:06:07'),
(551, 28, 544, '2016-06-05 08:09:56', '2016-06-05 08:09:56'),
(552, 10, 545, '2016-06-05 08:13:26', '2016-06-05 08:13:26'),
(553, 10, 546, '2016-06-05 08:16:55', '2016-06-05 08:16:55'),
(554, 10, 547, '2016-06-05 08:20:50', '2016-06-05 08:20:50'),
(555, 28, 548, '2016-06-05 08:20:51', '2016-06-05 08:20:51'),
(556, 10, 549, '2016-06-05 08:26:38', '2016-06-05 08:26:38'),
(557, 28, 550, '2016-06-05 08:27:56', '2016-06-05 08:27:56'),
(558, 10, 551, '2016-06-05 08:30:06', '2016-06-05 08:30:06'),
(559, 10, 552, '2016-06-05 08:34:12', '2016-06-05 08:34:12'),
(560, 10, 553, '2016-06-05 08:37:58', '2016-06-05 08:37:58'),
(561, 10, 554, '2016-06-05 08:42:59', '2016-06-05 08:42:59'),
(562, 28, 555, '2016-06-05 08:46:08', '2016-06-05 08:46:08'),
(563, 33, 556, '2016-06-05 08:53:10', '2016-08-23 12:12:11'),
(564, 28, 557, '2016-06-05 09:01:36', '2016-06-05 09:01:36'),
(565, 23, 558, '2016-06-05 09:04:03', '2016-06-05 09:04:03'),
(566, 28, 559, '2016-06-05 09:06:31', '2016-06-05 09:06:31'),
(567, 28, 560, '2016-06-05 09:09:09', '2016-06-05 09:09:09'),
(569, 23, 562, '2016-06-05 09:15:28', '2016-06-05 09:15:28'),
(570, 14, 563, '2016-06-05 09:16:01', '2016-06-05 09:16:01'),
(572, 23, 565, '2016-06-05 09:19:18', '2016-06-05 09:19:18'),
(573, 14, 566, '2016-06-05 09:22:56', '2016-06-05 09:22:56'),
(574, 28, 567, '2016-06-05 09:22:58', '2016-06-05 09:22:58'),
(575, 23, 568, '2016-06-05 09:23:13', '2016-06-05 09:23:13'),
(576, 14, 569, '2016-06-05 09:25:14', '2016-06-05 09:25:14'),
(577, 28, 570, '2016-06-05 09:27:20', '2016-06-05 09:27:20'),
(578, 14, 571, '2016-06-05 09:32:23', '2016-06-05 09:32:23'),
(579, 28, 572, '2016-06-05 09:36:17', '2016-06-05 09:36:17'),
(580, 28, 573, '2016-06-05 09:39:00', '2016-06-05 09:39:00'),
(581, 28, 574, '2016-06-05 09:43:27', '2016-06-05 09:43:27'),
(582, 28, 575, '2016-06-05 09:46:21', '2016-06-05 09:46:21'),
(583, 14, 576, '2016-06-05 09:46:45', '2016-06-05 09:46:45'),
(584, 23, 577, '2016-06-05 09:50:08', '2016-06-05 09:50:08'),
(585, 28, 578, '2016-06-05 09:53:18', '2016-06-05 09:53:18'),
(586, 14, 579, '2016-06-05 09:56:37', '2016-06-05 09:56:37'),
(587, 28, 580, '2016-06-05 10:00:36', '2016-06-05 10:00:36'),
(588, 23, 581, '2016-06-05 10:00:39', '2016-06-05 10:00:39'),
(589, 23, 582, '2016-06-05 10:03:03', '2016-06-05 10:03:03'),
(590, 28, 583, '2016-06-05 10:06:10', '2016-06-05 10:06:10'),
(591, 23, 584, '2016-06-05 10:07:29', '2016-06-05 10:07:29'),
(592, 14, 585, '2016-06-05 10:08:19', '2016-06-05 10:08:19'),
(593, 28, 586, '2016-06-05 10:09:52', '2016-06-05 10:09:52'),
(594, 23, 587, '2016-06-05 10:12:04', '2016-06-05 10:12:04'),
(595, 14, 588, '2016-06-05 10:12:56', '2016-06-05 10:12:56'),
(596, 23, 589, '2016-06-05 10:17:41', '2016-06-05 10:17:41'),
(597, 14, 590, '2016-06-05 10:18:34', '2016-06-05 10:18:34'),
(598, 14, 591, '2016-06-05 10:22:15', '2016-06-05 10:22:15'),
(599, 23, 592, '2016-06-05 10:23:13', '2016-06-05 10:23:13'),
(601, 14, 594, '2016-06-05 10:28:38', '2016-06-05 10:28:38'),
(602, 23, 595, '2016-06-05 10:33:48', '2016-06-05 10:33:48'),
(604, 14, 597, '2016-06-05 10:35:39', '2016-06-05 10:35:39'),
(605, 14, 598, '2016-06-05 10:43:48', '2016-06-05 10:43:48'),
(606, 23, 599, '2016-06-05 10:44:01', '2016-06-05 10:44:01'),
(608, 23, 601, '2016-06-05 10:47:02', '2016-06-05 10:47:02'),
(609, 14, 602, '2016-06-05 10:49:54', '2016-06-05 10:49:54'),
(610, 23, 603, '2016-06-05 10:50:57', '2016-06-05 10:50:57'),
(611, 23, 604, '2016-06-05 10:53:34', '2016-06-05 10:53:34'),
(612, 23, 605, '2016-06-05 10:56:39', '2016-06-05 10:56:39'),
(613, 14, 606, '2016-06-05 10:59:22', '2016-06-05 10:59:22'),
(615, 14, 610, '2016-06-05 11:07:15', '2016-06-05 11:07:15'),
(616, 14, 611, '2016-06-05 11:13:33', '2016-06-05 11:13:33'),
(617, 14, 612, '2016-06-05 11:18:43', '2016-06-05 11:18:43'),
(620, 14, 616, '2016-06-05 11:35:49', '2016-06-05 11:35:49'),
(622, 14, 619, '2016-06-05 11:41:57', '2016-06-05 11:41:57'),
(625, 14, 622, '2016-06-05 11:54:27', '2016-06-05 11:54:27'),
(627, 14, 624, '2016-06-05 12:03:45', '2016-06-05 12:03:45'),
(629, 14, 626, '2016-06-05 12:08:48', '2016-06-05 12:08:48'),
(635, 16, 632, '2016-06-05 12:53:18', '2016-06-05 12:53:18'),
(639, 16, 636, '2016-06-05 13:33:00', '2016-06-05 13:33:00'),
(640, 16, 637, '2016-06-05 13:35:47', '2016-06-05 13:35:47'),
(644, 16, 641, '2016-06-05 13:53:58', '2016-06-05 13:53:58'),
(645, 16, 642, '2016-06-05 13:56:39', '2016-06-05 13:56:39'),
(647, 16, 644, '2016-06-05 13:59:31', '2016-06-05 13:59:31'),
(648, 19, 645, '2016-06-05 14:00:06', '2016-06-05 14:00:06'),
(649, 16, 646, '2016-06-05 14:05:22', '2016-06-05 14:05:22'),
(650, 16, 647, '2016-06-05 14:21:22', '2016-06-05 14:21:22'),
(651, 16, 648, '2016-06-05 14:27:17', '2016-06-05 14:27:17'),
(652, 16, 649, '2016-06-05 14:32:46', '2016-06-05 14:32:46'),
(653, 19, 650, '2016-06-05 14:38:16', '2016-06-05 14:38:16'),
(654, 16, 651, '2016-06-05 14:38:34', '2016-06-05 14:38:34'),
(655, 19, 652, '2016-06-05 14:42:26', '2016-06-05 14:42:26'),
(656, 16, 653, '2016-06-05 14:44:02', '2016-06-05 14:44:02'),
(657, 19, 654, '2016-06-05 14:45:59', '2016-06-05 14:45:59'),
(658, 16, 655, '2016-06-05 14:47:41', '2016-06-05 14:47:41'),
(659, 19, 656, '2016-06-05 14:49:42', '2016-06-05 14:49:42'),
(660, 16, 657, '2016-06-05 14:51:49', '2016-06-05 14:51:49'),
(661, 19, 658, '2016-06-05 14:51:52', '2016-06-05 14:51:52'),
(662, 16, 659, '2016-06-05 15:10:47', '2016-06-05 15:10:47'),
(663, 16, 660, '2016-06-05 15:14:04', '2016-06-05 15:14:04'),
(664, 16, 664, '2016-06-05 15:18:11', '2016-06-05 15:18:11'),
(665, 16, 665, '2016-06-05 15:21:52', '2016-06-05 15:21:52'),
(666, 16, 666, '2016-06-05 15:26:10', '2016-06-05 15:26:10'),
(667, 16, 669, '2016-06-05 15:29:13', '2016-06-05 15:29:13'),
(668, 16, 670, '2016-06-05 15:31:39', '2016-06-05 15:31:39'),
(669, 16, 671, '2016-06-05 15:35:36', '2016-06-05 15:35:36'),
(670, 16, 672, '2016-06-05 15:38:02', '2016-06-05 15:38:02'),
(675, 6, 677, '2016-06-07 08:14:10', '2016-06-07 08:14:10'),
(676, 6, 678, '2016-06-07 08:22:17', '2016-06-07 08:22:17'),
(677, 6, 679, '2016-06-07 08:33:02', '2016-06-07 08:33:02'),
(678, 6, 680, '2016-06-07 08:45:33', '2016-06-07 08:45:33'),
(679, 6, 681, '2016-06-07 09:30:46', '2016-06-07 09:30:46'),
(680, 6, 682, '2016-06-07 09:43:08', '2016-06-07 09:43:08'),
(681, 6, 683, '2016-06-07 09:50:35', '2016-06-07 09:50:35'),
(682, 6, 684, '2016-06-07 09:57:24', '2016-06-07 09:57:24'),
(683, 6, 685, '2016-06-08 07:18:12', '2016-06-08 07:18:12'),
(684, 6, 686, '2016-06-08 07:26:13', '2016-06-08 07:26:13'),
(685, 6, 687, '2016-06-08 07:42:58', '2016-06-08 07:42:58'),
(686, 6, 688, '2016-06-08 08:09:03', '2016-06-08 08:09:03'),
(687, 8, 689, '2016-06-08 08:41:22', '2016-06-08 08:41:22'),
(688, 8, 690, '2016-06-08 08:41:22', '2016-06-08 08:41:22'),
(689, 8, 691, '2016-06-08 08:54:48', '2016-06-08 08:54:48'),
(690, 8, 692, '2016-06-08 09:01:18', '2016-06-08 09:01:18'),
(691, 8, 693, '2016-06-08 09:05:59', '2016-06-08 09:05:59'),
(692, 4, 694, '2016-06-08 09:35:41', '2016-06-08 09:35:41'),
(693, 4, 695, '2016-06-08 09:40:20', '2016-06-08 09:40:20'),
(694, 4, 696, '2016-06-08 09:46:36', '2016-06-08 09:46:36'),
(697, 4, 699, '2016-06-09 07:34:39', '2016-06-09 07:34:39'),
(698, 4, 700, '2016-06-09 07:40:00', '2016-06-09 07:40:00'),
(699, 4, 701, '2016-06-09 07:45:20', '2016-06-09 07:45:20'),
(700, 11, 702, '2016-06-09 07:58:57', '2016-06-09 07:58:57'),
(701, 11, 703, '2016-06-09 08:04:08', '2016-06-09 08:04:08'),
(702, 11, 704, '2016-06-09 08:11:12', '2016-06-09 08:11:12'),
(703, 11, 705, '2016-06-09 08:18:56', '2016-06-09 08:18:56'),
(705, 11, 707, '2016-06-09 08:47:52', '2016-06-09 08:47:52'),
(706, 11, 708, '2016-06-09 08:57:09', '2016-06-09 08:57:09'),
(707, 11, 709, '2016-06-09 09:01:58', '2016-06-09 09:01:58'),
(708, 3, 4, '2016-07-21 07:30:59', '2016-07-21 07:30:59'),
(711, 32, 5, '2016-08-23 12:07:44', '2016-08-23 12:07:44'),
(712, 32, 7, '2016-08-23 12:07:44', '2016-08-23 12:07:44'),
(713, 3, 4, '2016-10-17 13:51:20', '2016-10-17 13:51:20'),
(714, 3, 5, '2016-10-17 13:51:20', '2016-10-17 13:51:20'),
(715, 3, 7, '2016-10-17 13:51:20', '2016-10-17 13:51:20'),
(718, 37, 4, '2016-10-17 13:57:30', '2016-10-17 13:57:49');

-- --------------------------------------------------------

--
-- Table structure for table `team_sponsors`
--

CREATE TABLE `team_sponsors` (
  `id` int(11) NOT NULL,
  `team_id` int(11) DEFAULT NULL,
  `sponsor_id` int(11) NOT NULL,
  `created_at` timestamp NOT NULL DEFAULT '0000-00-00 00:00:00',
  `updated_at` timestamp NOT NULL DEFAULT CURRENT_TIMESTAMP ON UPDATE CURRENT_TIMESTAMP
) ENGINE=InnoDB DEFAULT CHARSET=utf8 COLLATE=utf8_unicode_ci;

--
-- Dumping data for table `team_sponsors`
--

INSERT INTO `team_sponsors` (`id`, `team_id`, `sponsor_id`, `created_at`, `updated_at`) VALUES
(3, 32, 3, '2016-09-05 13:46:00', '2016-09-05 13:47:13'),
(4, 32, 3, '2016-09-05 13:46:00', '2016-09-05 13:46:00');

-- --------------------------------------------------------

--
-- Table structure for table `users`
--

CREATE TABLE `users` (
  `id` int(11) NOT NULL,
  `name` varchar(255) CHARACTER SET utf8 NOT NULL,
  `email` varchar(255) CHARACTER SET utf8 NOT NULL,
  `password` varchar(60) CHARACTER SET utf8 NOT NULL,
  `remember_token` varchar(100) CHARACTER SET utf8 DEFAULT NULL,
  `created_at` timestamp NOT NULL DEFAULT '0000-00-00 00:00:00',
  `updated_at` timestamp NOT NULL DEFAULT '0000-00-00 00:00:00',
  `role` varchar(255) CHARACTER SET utf8 NOT NULL DEFAULT 'disactivated'
) ENGINE=InnoDB DEFAULT CHARSET=utf8 COLLATE=utf8_unicode_ci;

--
-- Dumping data for table `users`
--

INSERT INTO `users` (`id`, `name`, `email`, `password`, `remember_token`, `created_at`, `updated_at`, `role`) VALUES
(2, 'lames', 'lames@lames.com', '$2y$10$d8WHCeFB2GbdeVSABCHUr.IQmMt.v4tXzr32iOEUfh9NTdl0rReFO', 'U1DiaOyY9RE56RsCojnHLpdb4sSUzFTNVtlNPrh7A5zGrVQ192jl4rVLTRFI', '2016-05-11 06:01:54', '2016-09-27 13:43:31', 'Editor'),
(3, 'alaa', 'alaa@yahoo.com', '$2y$10$BKmcSsvjypRF/Xjm4LSaL./osSpNt/FbUYLu.Ik1AKC05VO2ldVue', 'GGVLaLxMN9NzKc9EDIJUTBagBW8rsvMvRM1vhwaj68UwMCjAX6seBAddK5Hd', '2016-05-11 06:04:22', '2016-09-27 12:47:20', 'Admin'),
(4, 'mohaned', 'm.fouad.developer@gmail.com', '$2y$10$BKmcSsvjypRF/Xjm4LSaL./osSpNt/FbUYLu.Ik1AKC05VO2ldVue', 'AFtDw748GdoVIzrQkQ8pO4p5Zq18qqAUawomI3NdFHqXMp2U777cc7GMbIYi', '2016-05-15 13:23:10', '2016-09-04 08:08:54', 'Data Entry'),
(5, 'amera', 'amera.elsayed6@gmail.com', '$2y$10$5Itr3pLJTdM4SI0GMeB.f.WWIoa2FOh1gPs1HCKRchuDIQdmJd9g.', '4cgjartVEo98RoSrvlqQwLfw9lE13f0N2zdty4CR7WEWsLLJ2dRTyquSEXjJ', '2016-05-16 06:25:55', '2016-05-16 08:57:47', 'Admin'),
(6, 'reham mohamed', 'rehammohamed@brother-group.net', '$2y$10$BR2q0F5Ujf/g4AhHvVP1dOStRzgA1YSuAqWONQCoKQD1dnTErhb.G', 'zlBAVfXZ3xNFXkJtrSRhIyDSyXeO2FOpOaSFhao5gDsjFgGuB8ymifrT6miF', '2016-05-16 08:27:45', '2016-06-02 12:56:25', 'Data Entry'),
(7, 'soaad elattar ', 'SOSO_MOSTAFA2012@HOTMAIL.COM', '$2y$10$5DNUW.mPGbC4jUA9qtd/MOly/hhkSQjz3H4xZ31Uuq7I9PDolPIYO', 'eOqwsPCynpxZZ7bK4wG8QcYO6N08vuMA4wRXvjGKcBhqa6gHLERYYJlR1RU3', '2016-05-17 12:03:04', '2016-05-29 14:48:07', 'Data Entry'),
(8, 'abeer', 'brry111@gmail.com', '$2y$10$IUxRyz/Hq72x4dTFC9FipOlvz5Hb3YYxNKTa7YnJCgm.f8GT2xOBu', 'sCB3mbl9eYpTXqFWqRTjuJWGEpaaEfD2xPVOQnOe9YgGsckUFBet2NapIOx7', '2016-05-19 04:45:40', '2016-07-14 09:54:28', 'Data Entry'),
(9, 'sara mostafa', 'saramostafa@brother-group.net', '$2y$10$rswECoDUIdHMY2uhA0IVD.5DuVLaGrljsMcmNVNWiXau4.kKl01M.', 'RRK1lV8lygPxbHdtJ0gQmpT6zeb748LhLpZgHjDQcSS9Xbgfoa3RlteDQLgv', '2016-06-01 09:22:24', '2016-06-01 09:24:52', 'Data Entry');

-- --------------------------------------------------------

--
-- Table structure for table `v_albums`
--

CREATE TABLE `v_albums` (
  `id` int(11) NOT NULL,
  `vedio_url` text CHARACTER SET latin1 NOT NULL,
  `title` text CHARACTER SET utf8 NOT NULL,
  `category_id` int(11) NOT NULL,
  `flag` varchar(255) COLLATE utf8_unicode_ci NOT NULL,
  `description` text CHARACTER SET utf8 NOT NULL,
  `view_count` int(11) DEFAULT '0',
  `like_count` int(11) DEFAULT '0',
  `date` date DEFAULT NULL,
  `created_at` timestamp NOT NULL DEFAULT CURRENT_TIMESTAMP ON UPDATE CURRENT_TIMESTAMP,
  `updated_at` timestamp NOT NULL DEFAULT '0000-00-00 00:00:00'
) ENGINE=InnoDB DEFAULT CHARSET=utf8 COLLATE=utf8_unicode_ci;

--
-- Dumping data for table `v_albums`
--

INSERT INTO `v_albums` (`id`, `vedio_url`, `title`, `category_id`, `flag`, `description`, `view_count`, `like_count`, `date`, `created_at`, `updated_at`) VALUES
(12, 'https://www.youtube.com/embed/R3xOWiQoqPE', 'محمد صلاح', 11, '1475064360', 'جميع أهداف محمد صلاح مع روما', 3, 0, '2016-09-28', '2016-10-04 12:23:39', '2016-10-04 19:23:39'),
(14, 'https://www.youtube.com/embed/R3xOWiQoqPE', 'fff', 11, '1475498380', 'video', 2, 0, '2016-09-29', '2016-10-05 05:58:53', '2016-10-05 12:58:53'),
(15, 'https://www.youtube.com/embed/R3xOWiQoqPE', 'jjj', 13, '1475498415', 'rhtrhy', 3, 0, '2016-09-29', '2016-10-04 08:56:03', '2016-10-04 15:56:03'),
(17, 'https://www.youtube.com/embed/R3xOWiQoqPE', 'fff', 12, '1475498406', 'thjh', 3, 1, '2016-09-29', '2016-10-04 12:04:20', '2016-10-04 19:04:20'),
(18, 'https://www.youtube.com/embed/R3xOWiQoqPE', 'fff', 12, '1475498393', 'dhgr', 1, 0, '2016-09-29', '2016-10-03 12:39:53', '2016-10-03 19:39:53'),
(20, 'https://www.youtube.com/embed/R3xOWiQoqPE?autoplay=1', 'fff', 11, '1476431696', 'ddd', 5, 0, '2016-10-03', '2016-10-14 07:54:56', '2016-10-14 14:54:56'),
(21, 'https://www.youtube.com/embed/R3xOWiQoqPE?autoplay=1', 'jjj', 14, '1476431682', 'ss', 5, 1, '2016-10-03', '2016-10-14 07:54:42', '2016-10-14 14:54:42'),
(22, 'https://www.youtube.com/embed/R3xOWiQoqPE?autoplay=1', 'fff', 12, '1475588424', 'rrr', 0, 0, '2016-10-04', '2016-10-04 13:40:24', '2016-10-04 20:40:24'),
(23, 'https://www.youtube.com/embed/R3xOWiQoqPE?autoplay=1', 'fff', 13, '1475588436', 'dd', 0, 0, '2016-10-04', '2016-10-04 13:40:37', '2016-10-04 20:40:37'),
(24, 'https://www.youtube.com/embed/R3xOWiQoqPE?autoplay=1', 'jjj', 12, '1476431755', 'ddd', 3, 0, '2016-10-04', '2016-10-14 07:55:55', '2016-10-14 14:55:55'),
(25, 'https://www.youtube.com/embed/R3xOWiQoqPE?autoplay=1', 'fff', 12, '1476431675', 'dd', 5, 1, '2016-10-04', '2016-10-14 07:54:35', '2016-10-14 14:54:35'),
(26, 'https://www.youtube.com/embed/R3xOWiQoqPE?autoplay=1', 'jjj', 13, '1476431740', 'ddd', 4, 0, '2016-10-04', '2016-10-14 07:55:40', '2016-10-14 14:55:40'),
(27, 'https://www.youtube.com/embed/R3xOWiQoqPE?autoplay=1', 'jjj', 13, '1476431773', 'ddd', 3, 0, '2016-10-04', '2016-10-14 07:56:13', '2016-10-14 14:56:13'),
(28, 'https://www.youtube.com/embed/R3xOWiQoqPE?autoplay=1', 'jjj', 13, '1476431618', 'jy', 8, 1, '2016-10-04', '2016-10-14 07:53:38', '2016-10-14 14:53:38');

-- --------------------------------------------------------

--
-- Table structure for table `winners`
--

CREATE TABLE `winners` (
  `id` int(11) NOT NULL,
  `team_id` int(11) DEFAULT NULL,
  `championship_id` int(11) DEFAULT NULL,
  `win_date` date NOT NULL,
  `no_goals` int(11) NOT NULL,
  `no_points` int(11) NOT NULL,
  `additional_info` varchar(255) CHARACTER SET utf8 NOT NULL,
  `created_at` timestamp NOT NULL DEFAULT CURRENT_TIMESTAMP ON UPDATE CURRENT_TIMESTAMP,
  `updated_at` timestamp NOT NULL DEFAULT '0000-00-00 00:00:00'
) ENGINE=InnoDB DEFAULT CHARSET=utf8 COLLATE=utf8_unicode_ci;

--
-- Indexes for dumped tables
--

--
-- Indexes for table `adverts`
--
ALTER TABLE `adverts`
  ADD PRIMARY KEY (`id`);

--
-- Indexes for table `agents`
--
ALTER TABLE `agents`
  ADD PRIMARY KEY (`id`);

--
-- Indexes for table `agent_histories`
--
ALTER TABLE `agent_histories`
  ADD PRIMARY KEY (`id`),
  ADD KEY `agent_id` (`agent_id`),
  ADD KEY `player_id` (`player_id`);

--
-- Indexes for table `balls`
--
ALTER TABLE `balls`
  ADD PRIMARY KEY (`id`);

--
-- Indexes for table `bcomments`
--
ALTER TABLE `bcomments`
  ADD PRIMARY KEY (`id`),
  ADD KEY `blog_id` (`blog_id`);

--
-- Indexes for table `blogs`
--
ALTER TABLE `blogs`
  ADD PRIMARY KEY (`id`),
  ADD KEY `cat_id` (`cat_id`);

--
-- Indexes for table `branches`
--
ALTER TABLE `branches`
  ADD PRIMARY KEY (`id`),
  ADD KEY `city_id` (`city_id`),
  ADD KEY `country_id` (`country_id`),
  ADD KEY `team_id` (`team_id`);

--
-- Indexes for table `cards`
--
ALTER TABLE `cards`
  ADD PRIMARY KEY (`id`),
  ADD KEY `player_id` (`player_id`),
  ADD KEY `match_id` (`match_id`),
  ADD KEY `team_id` (`team_id`);

--
-- Indexes for table `categories`
--
ALTER TABLE `categories`
  ADD PRIMARY KEY (`id`);

--
-- Indexes for table `championships`
--
ALTER TABLE `championships`
  ADD PRIMARY KEY (`id`),
  ADD KEY `country_id` (`country_id`),
  ADD KEY `ball_id` (`ball_id`);

--
-- Indexes for table `championship_sponsors`
--
ALTER TABLE `championship_sponsors`
  ADD PRIMARY KEY (`id`),
  ADD KEY `championship_id` (`championship_id`),
  ADD KEY `sponsor_id` (`sponsor_id`);

--
-- Indexes for table `change_players`
--
ALTER TABLE `change_players`
  ADD PRIMARY KEY (`id`),
  ADD KEY `player1_id` (`player1_id`),
  ADD KEY `player2_id` (`player2_id`),
  ADD KEY `team_id` (`team_id`),
  ADD KEY `match_id` (`match_id`);

--
-- Indexes for table `channels`
--
ALTER TABLE `channels`
  ADD PRIMARY KEY (`id`);

--
-- Indexes for table `cities`
--
ALTER TABLE `cities`
  ADD PRIMARY KEY (`id`),
  ADD KEY `country_id` (`country_id`),
  ADD KEY `country_id_2` (`country_id`);

--
-- Indexes for table `cnews`
--
ALTER TABLE `cnews`
  ADD PRIMARY KEY (`id`),
  ADD KEY `news_id` (`news_id`),
  ADD KEY `words` (`words`);

--
-- Indexes for table `coaches`
--
ALTER TABLE `coaches`
  ADD PRIMARY KEY (`id`),
  ADD KEY `city_id` (`city_id`),
  ADD KEY `country_id` (`country_id`);

--
-- Indexes for table `commentors`
--
ALTER TABLE `commentors`
  ADD PRIMARY KEY (`id`),
  ADD KEY `city_id` (`city_id`),
  ADD KEY `country_id` (`country_id`);

--
-- Indexes for table `corners`
--
ALTER TABLE `corners`
  ADD PRIMARY KEY (`id`),
  ADD KEY `team_id` (`team_id`),
  ADD KEY `player_id` (`player_id`),
  ADD KEY `match_id` (`match_id`);

--
-- Indexes for table `countries`
--
ALTER TABLE `countries`
  ADD PRIMARY KEY (`id`);

--
-- Indexes for table `discussions`
--
ALTER TABLE `discussions`
  ADD PRIMARY KEY (`id`),
  ADD KEY `match_id` (`match_id`);

--
-- Indexes for table `errors`
--
ALTER TABLE `errors`
  ADD PRIMARY KEY (`id`),
  ADD KEY `player_id` (`player_id`),
  ADD KEY `team_id` (`team_id`),
  ADD KEY `match_id` (`match_id`);

--
-- Indexes for table `expections`
--
ALTER TABLE `expections`
  ADD PRIMARY KEY (`id`);

--
-- Indexes for table `goals`
--
ALTER TABLE `goals`
  ADD PRIMARY KEY (`id`),
  ADD KEY `player_id` (`player_id`),
  ADD KEY `match_id` (`match_id`),
  ADD KEY `championship_id` (`championship_id`),
  ADD KEY `team_id` (`team_id`),
  ADD KEY `inteam_id` (`inteam_id`);

--
-- Indexes for table `groups`
--
ALTER TABLE `groups`
  ADD PRIMARY KEY (`id`),
  ADD KEY `championship_id` (`championship_id`);

--
-- Indexes for table `g_albums`
--
ALTER TABLE `g_albums`
  ADD PRIMARY KEY (`id`),
  ADD KEY `category_id` (`category_id`);

--
-- Indexes for table `g_album_photos`
--
ALTER TABLE `g_album_photos`
  ADD PRIMARY KEY (`id`),
  ADD KEY `album_id` (`g_album_id`);

--
-- Indexes for table `jminutes`
--
ALTER TABLE `jminutes`
  ADD PRIMARY KEY (`id`),
  ADD KEY `match_id` (`match_id`);

--
-- Indexes for table `managers`
--
ALTER TABLE `managers`
  ADD PRIMARY KEY (`id`),
  ADD KEY `country_id` (`country_id`),
  ADD KEY `city_id` (`city_id`),
  ADD KEY `team_id` (`team_id`);

--
-- Indexes for table `managment_championships`
--
ALTER TABLE `managment_championships`
  ADD KEY `team_id` (`team_id`),
  ADD KEY `manager_id` (`manager_id`);

--
-- Indexes for table `matches`
--
ALTER TABLE `matches`
  ADD PRIMARY KEY (`id`),
  ADD KEY `team1_id` (`team1_id`),
  ADD KEY `team2_id` (`team2_id`),
  ADD KEY `champion_id` (`champion_id`) USING BTREE,
  ADD KEY `stadium_id` (`stadium_id`);

--
-- Indexes for table `match_channels`
--
ALTER TABLE `match_channels`
  ADD PRIMARY KEY (`id`),
  ADD KEY `match_id` (`match_id`),
  ADD KEY `channel_id` (`channel_id`);

--
-- Indexes for table `match_commentors`
--
ALTER TABLE `match_commentors`
  ADD PRIMARY KEY (`id`),
  ADD KEY `match_id` (`match_id`),
  ADD KEY `commentor_id` (`commentor_id`);

--
-- Indexes for table `match_referees`
--
ALTER TABLE `match_referees`
  ADD PRIMARY KEY (`id`),
  ADD KEY `match_id` (`match_id`),
  ADD KEY `referee_id` (`referee_id`);

--
-- Indexes for table `match_sponsors`
--
ALTER TABLE `match_sponsors`
  ADD PRIMARY KEY (`id`),
  ADD KEY `match_id` (`match_id`),
  ADD KEY `sponsor_id` (`sponsor_id`);

--
-- Indexes for table `members`
--
ALTER TABLE `members`
  ADD PRIMARY KEY (`id`);

--
-- Indexes for table `minutes`
--
ALTER TABLE `minutes`
  ADD PRIMARY KEY (`id`),
  ADD KEY `match_id` (`match_id`);

--
-- Indexes for table `nation_history_coachs`
--
ALTER TABLE `nation_history_coachs`
  ADD PRIMARY KEY (`id`),
  ADD KEY `nation_id` (`nation_id`),
  ADD KEY `coach_id` (`coach_id`);

--
-- Indexes for table `offsides`
--
ALTER TABLE `offsides`
  ADD PRIMARY KEY (`id`),
  ADD KEY `player_id` (`player_id`),
  ADD KEY `team_id` (`team_id`),
  ADD KEY `match_id` (`match_id`);

--
-- Indexes for table `password_resets`
--
ALTER TABLE `password_resets`
  ADD KEY `password_resets_email_index` (`email`),
  ADD KEY `password_resets_token_index` (`token`),
  ADD KEY `token` (`token`);

--
-- Indexes for table `pcomments`
--
ALTER TABLE `pcomments`
  ADD PRIMARY KEY (`id`),
  ADD KEY `post_id` (`post_id`);

--
-- Indexes for table `penlties`
--
ALTER TABLE `penlties`
  ADD PRIMARY KEY (`id`),
  ADD KEY `player_id` (`player_id`),
  ADD KEY `match_id` (`match_id`),
  ADD KEY `team_id` (`team_id`);

--
-- Indexes for table `players`
--
ALTER TABLE `players`
  ADD PRIMARY KEY (`id`),
  ADD KEY `country_id` (`country_id`),
  ADD KEY `city_id` (`city_id`),
  ADD KEY `team_id` (`team_id`);

--
-- Indexes for table `players_shoes`
--
ALTER TABLE `players_shoes`
  ADD PRIMARY KEY (`id`),
  ADD KEY `shoes_id` (`shoes_id`),
  ADD KEY `match_id` (`match_id`),
  ADD KEY `player_id` (`player_id`);

--
-- Indexes for table `player_histories`
--
ALTER TABLE `player_histories`
  ADD PRIMARY KEY (`id`),
  ADD KEY `player_id` (`player_id`);

--
-- Indexes for table `player_injured_histories`
--
ALTER TABLE `player_injured_histories`
  ADD PRIMARY KEY (`id`),
  ADD KEY `player_id` (`player_id`),
  ADD KEY `match_id` (`match_id`);

--
-- Indexes for table `player_matches`
--
ALTER TABLE `player_matches`
  ADD PRIMARY KEY (`id`),
  ADD KEY `player_id` (`player_id`),
  ADD KEY `match_id` (`match_id`),
  ADD KEY `team_id` (`team_id`) USING BTREE;

--
-- Indexes for table `player_sponsors`
--
ALTER TABLE `player_sponsors`
  ADD PRIMARY KEY (`id`),
  ADD KEY `player_id` (`player_id`),
  ADD KEY `sponsor_id` (`sponsor_id`);

--
-- Indexes for table `posts`
--
ALTER TABLE `posts`
  ADD PRIMARY KEY (`id`),
  ADD KEY `cat_id` (`cat_id`);

--
-- Indexes for table `psessions`
--
ALTER TABLE `psessions`
  ADD PRIMARY KEY (`id`),
  ADD KEY `team_id` (`team_id`),
  ADD KEY `match_id` (`match_id`);

--
-- Indexes for table `referees`
--
ALTER TABLE `referees`
  ADD PRIMARY KEY (`id`),
  ADD KEY `country_id` (`country_id`),
  ADD KEY `city_id` (`city_id`);

--
-- Indexes for table `reserve_players`
--
ALTER TABLE `reserve_players`
  ADD PRIMARY KEY (`id`),
  ADD KEY `player_id` (`player_id`),
  ADD KEY `team_id` (`team_id`),
  ADD KEY `match_id` (`match_id`);

--
-- Indexes for table `shoes`
--
ALTER TABLE `shoes`
  ADD PRIMARY KEY (`id`);

--
-- Indexes for table `snews`
--
ALTER TABLE `snews`
  ADD PRIMARY KEY (`id`),
  ADD KEY `user_id` (`user_id`),
  ADD KEY `cat_id` (`cat_id`);

--
-- Indexes for table `sponsors`
--
ALTER TABLE `sponsors`
  ADD PRIMARY KEY (`id`);

--
-- Indexes for table `stadia`
--
ALTER TABLE `stadia`
  ADD PRIMARY KEY (`id`),
  ADD KEY `city_id` (`city_id`),
  ADD KEY `country_id` (`country_id`);

--
-- Indexes for table `tags`
--
ALTER TABLE `tags`
  ADD PRIMARY KEY (`id`);

--
-- Indexes for table `teamcloths`
--
ALTER TABLE `teamcloths`
  ADD PRIMARY KEY (`id`),
  ADD KEY `team_id` (`team_id`);

--
-- Indexes for table `teams`
--
ALTER TABLE `teams`
  ADD PRIMARY KEY (`id`),
  ADD KEY `country_id` (`country_id`);

--
-- Indexes for table `team_championships`
--
ALTER TABLE `team_championships`
  ADD PRIMARY KEY (`id`),
  ADD KEY `team_id` (`team_id`),
  ADD KEY `championship_id` (`championship_id`);

--
-- Indexes for table `team_championship_players`
--
ALTER TABLE `team_championship_players`
  ADD PRIMARY KEY (`id`),
  ADD KEY `team_id` (`team_id`),
  ADD KEY `player_id` (`player_id`),
  ADD KEY `championship_id` (`championship_id`);

--
-- Indexes for table `team_groups`
--
ALTER TABLE `team_groups`
  ADD PRIMARY KEY (`id`),
  ADD KEY `id` (`id`,`team_id`,`group_id`),
  ADD KEY `team_id` (`team_id`),
  ADD KEY `group_id` (`group_id`),
  ADD KEY `champion_id` (`champion_id`);

--
-- Indexes for table `team_history_coaches`
--
ALTER TABLE `team_history_coaches`
  ADD KEY `team_id` (`team_id`),
  ADD KEY `coach_id` (`coach_id`);

--
-- Indexes for table `team_players`
--
ALTER TABLE `team_players`
  ADD PRIMARY KEY (`id`),
  ADD KEY `team_id` (`team_id`),
  ADD KEY `player_id` (`player_id`);

--
-- Indexes for table `team_sponsors`
--
ALTER TABLE `team_sponsors`
  ADD PRIMARY KEY (`id`),
  ADD KEY `team_id` (`team_id`),
  ADD KEY `sponsor_id` (`sponsor_id`);

--
-- Indexes for table `users`
--
ALTER TABLE `users`
  ADD PRIMARY KEY (`id`),
  ADD UNIQUE KEY `users_email_unique` (`email`);

--
-- Indexes for table `v_albums`
--
ALTER TABLE `v_albums`
  ADD PRIMARY KEY (`id`),
  ADD KEY `category_id` (`category_id`);

--
-- Indexes for table `winners`
--
ALTER TABLE `winners`
  ADD PRIMARY KEY (`id`),
  ADD KEY `team_id` (`team_id`),
  ADD KEY `championship_id` (`championship_id`);

--
-- AUTO_INCREMENT for dumped tables
--

--
-- AUTO_INCREMENT for table `adverts`
--
ALTER TABLE `adverts`
  MODIFY `id` int(11) NOT NULL AUTO_INCREMENT, AUTO_INCREMENT=7;
--
-- AUTO_INCREMENT for table `agents`
--
ALTER TABLE `agents`
  MODIFY `id` int(11) NOT NULL AUTO_INCREMENT, AUTO_INCREMENT=10;
--
-- AUTO_INCREMENT for table `agent_histories`
--
ALTER TABLE `agent_histories`
  MODIFY `id` int(11) NOT NULL AUTO_INCREMENT;
--
-- AUTO_INCREMENT for table `balls`
--
ALTER TABLE `balls`
  MODIFY `id` int(11) NOT NULL AUTO_INCREMENT, AUTO_INCREMENT=4;
--
-- AUTO_INCREMENT for table `bcomments`
--
ALTER TABLE `bcomments`
  MODIFY `id` int(11) NOT NULL AUTO_INCREMENT, AUTO_INCREMENT=2;
--
-- AUTO_INCREMENT for table `blogs`
--
ALTER TABLE `blogs`
  MODIFY `id` int(11) NOT NULL AUTO_INCREMENT, AUTO_INCREMENT=17;
--
-- AUTO_INCREMENT for table `branches`
--
ALTER TABLE `branches`
  MODIFY `id` int(11) NOT NULL AUTO_INCREMENT;
--
-- AUTO_INCREMENT for table `cards`
--
ALTER TABLE `cards`
  MODIFY `id` int(11) NOT NULL AUTO_INCREMENT, AUTO_INCREMENT=2;
--
-- AUTO_INCREMENT for table `categories`
--
ALTER TABLE `categories`
  MODIFY `id` int(11) NOT NULL AUTO_INCREMENT, AUTO_INCREMENT=16;
--
-- AUTO_INCREMENT for table `championships`
--
ALTER TABLE `championships`
  MODIFY `id` int(11) NOT NULL AUTO_INCREMENT, AUTO_INCREMENT=11;
--
-- AUTO_INCREMENT for table `championship_sponsors`
--
ALTER TABLE `championship_sponsors`
  MODIFY `id` int(11) NOT NULL AUTO_INCREMENT;
--
-- AUTO_INCREMENT for table `change_players`
--
ALTER TABLE `change_players`
  MODIFY `id` int(11) NOT NULL AUTO_INCREMENT;
--
-- AUTO_INCREMENT for table `channels`
--
ALTER TABLE `channels`
  MODIFY `id` int(11) NOT NULL AUTO_INCREMENT, AUTO_INCREMENT=4;
--
-- AUTO_INCREMENT for table `cities`
--
ALTER TABLE `cities`
  MODIFY `id` int(11) NOT NULL AUTO_INCREMENT, AUTO_INCREMENT=1056;
--
-- AUTO_INCREMENT for table `cnews`
--
ALTER TABLE `cnews`
  MODIFY `id` int(11) NOT NULL AUTO_INCREMENT;
--
-- AUTO_INCREMENT for table `coaches`
--
ALTER TABLE `coaches`
  MODIFY `id` int(11) NOT NULL AUTO_INCREMENT, AUTO_INCREMENT=47;
--
-- AUTO_INCREMENT for table `commentors`
--
ALTER TABLE `commentors`
  MODIFY `id` int(11) NOT NULL AUTO_INCREMENT, AUTO_INCREMENT=11;
--
-- AUTO_INCREMENT for table `corners`
--
ALTER TABLE `corners`
  MODIFY `id` int(11) NOT NULL AUTO_INCREMENT;
--
-- AUTO_INCREMENT for table `countries`
--
ALTER TABLE `countries`
  MODIFY `id` int(11) NOT NULL AUTO_INCREMENT, AUTO_INCREMENT=164;
--
-- AUTO_INCREMENT for table `discussions`
--
ALTER TABLE `discussions`
  MODIFY `id` int(11) NOT NULL AUTO_INCREMENT, AUTO_INCREMENT=2;
--
-- AUTO_INCREMENT for table `errors`
--
ALTER TABLE `errors`
  MODIFY `id` int(11) NOT NULL AUTO_INCREMENT;
--
-- AUTO_INCREMENT for table `expections`
--
ALTER TABLE `expections`
  MODIFY `id` int(11) NOT NULL AUTO_INCREMENT, AUTO_INCREMENT=3;
--
-- AUTO_INCREMENT for table `goals`
--
ALTER TABLE `goals`
  MODIFY `id` int(11) NOT NULL AUTO_INCREMENT;
--
-- AUTO_INCREMENT for table `groups`
--
ALTER TABLE `groups`
  MODIFY `id` int(11) NOT NULL AUTO_INCREMENT, AUTO_INCREMENT=3;
--
-- AUTO_INCREMENT for table `g_albums`
--
ALTER TABLE `g_albums`
  MODIFY `id` int(11) NOT NULL AUTO_INCREMENT, AUTO_INCREMENT=2;
--
-- AUTO_INCREMENT for table `g_album_photos`
--
ALTER TABLE `g_album_photos`
  MODIFY `id` int(11) NOT NULL AUTO_INCREMENT, AUTO_INCREMENT=28;
--
-- AUTO_INCREMENT for table `jminutes`
--
ALTER TABLE `jminutes`
  MODIFY `id` int(11) NOT NULL AUTO_INCREMENT, AUTO_INCREMENT=14;
--
-- AUTO_INCREMENT for table `managers`
--
ALTER TABLE `managers`
  MODIFY `id` int(11) NOT NULL AUTO_INCREMENT, AUTO_INCREMENT=2;
--
-- AUTO_INCREMENT for table `matches`
--
ALTER TABLE `matches`
  MODIFY `id` int(11) NOT NULL AUTO_INCREMENT, AUTO_INCREMENT=18;
--
-- AUTO_INCREMENT for table `match_channels`
--
ALTER TABLE `match_channels`
  MODIFY `id` int(11) NOT NULL AUTO_INCREMENT;
--
-- AUTO_INCREMENT for table `match_commentors`
--
ALTER TABLE `match_commentors`
  MODIFY `id` int(11) NOT NULL AUTO_INCREMENT;
--
-- AUTO_INCREMENT for table `match_referees`
--
ALTER TABLE `match_referees`
  MODIFY `id` int(11) NOT NULL AUTO_INCREMENT, AUTO_INCREMENT=9;
--
-- AUTO_INCREMENT for table `match_sponsors`
--
ALTER TABLE `match_sponsors`
  MODIFY `id` int(11) NOT NULL AUTO_INCREMENT, AUTO_INCREMENT=7;
--
-- AUTO_INCREMENT for table `members`
--
ALTER TABLE `members`
  MODIFY `id` int(11) NOT NULL AUTO_INCREMENT, AUTO_INCREMENT=63;
--
-- AUTO_INCREMENT for table `minutes`
--
ALTER TABLE `minutes`
  MODIFY `id` int(11) NOT NULL AUTO_INCREMENT;
--
-- AUTO_INCREMENT for table `nation_history_coachs`
--
ALTER TABLE `nation_history_coachs`
  MODIFY `id` int(11) NOT NULL AUTO_INCREMENT;
--
-- AUTO_INCREMENT for table `offsides`
--
ALTER TABLE `offsides`
  MODIFY `id` int(11) NOT NULL AUTO_INCREMENT, AUTO_INCREMENT=3;
--
-- AUTO_INCREMENT for table `pcomments`
--
ALTER TABLE `pcomments`
  MODIFY `id` int(11) NOT NULL AUTO_INCREMENT, AUTO_INCREMENT=16;
--
-- AUTO_INCREMENT for table `penlties`
--
ALTER TABLE `penlties`
  MODIFY `id` int(11) NOT NULL AUTO_INCREMENT, AUTO_INCREMENT=2;
--
-- AUTO_INCREMENT for table `players`
--
ALTER TABLE `players`
  MODIFY `id` int(11) NOT NULL AUTO_INCREMENT, AUTO_INCREMENT=711;
--
-- AUTO_INCREMENT for table `players_shoes`
--
ALTER TABLE `players_shoes`
  MODIFY `id` int(11) NOT NULL AUTO_INCREMENT;
--
-- AUTO_INCREMENT for table `player_histories`
--
ALTER TABLE `player_histories`
  MODIFY `id` int(11) NOT NULL AUTO_INCREMENT, AUTO_INCREMENT=6;
--
-- AUTO_INCREMENT for table `player_injured_histories`
--
ALTER TABLE `player_injured_histories`
  MODIFY `id` int(11) NOT NULL AUTO_INCREMENT, AUTO_INCREMENT=4;
--
-- AUTO_INCREMENT for table `player_matches`
--
ALTER TABLE `player_matches`
  MODIFY `id` int(11) NOT NULL AUTO_INCREMENT, AUTO_INCREMENT=11;
--
-- AUTO_INCREMENT for table `player_sponsors`
--
ALTER TABLE `player_sponsors`
  MODIFY `id` int(11) NOT NULL AUTO_INCREMENT, AUTO_INCREMENT=2;
--
-- AUTO_INCREMENT for table `posts`
--
ALTER TABLE `posts`
  MODIFY `id` int(11) NOT NULL AUTO_INCREMENT, AUTO_INCREMENT=29;
--
-- AUTO_INCREMENT for table `psessions`
--
ALTER TABLE `psessions`
  MODIFY `id` int(11) NOT NULL AUTO_INCREMENT;
--
-- AUTO_INCREMENT for table `referees`
--
ALTER TABLE `referees`
  MODIFY `id` int(11) NOT NULL AUTO_INCREMENT, AUTO_INCREMENT=24;
--
-- AUTO_INCREMENT for table `reserve_players`
--
ALTER TABLE `reserve_players`
  MODIFY `id` int(11) NOT NULL AUTO_INCREMENT;
--
-- AUTO_INCREMENT for table `shoes`
--
ALTER TABLE `shoes`
  MODIFY `id` int(11) NOT NULL AUTO_INCREMENT;
--
-- AUTO_INCREMENT for table `snews`
--
ALTER TABLE `snews`
  MODIFY `id` int(11) NOT NULL AUTO_INCREMENT, AUTO_INCREMENT=27;
--
-- AUTO_INCREMENT for table `sponsors`
--
ALTER TABLE `sponsors`
  MODIFY `id` int(11) NOT NULL AUTO_INCREMENT, AUTO_INCREMENT=9;
--
-- AUTO_INCREMENT for table `stadia`
--
ALTER TABLE `stadia`
  MODIFY `id` int(11) NOT NULL AUTO_INCREMENT, AUTO_INCREMENT=43;
--
-- AUTO_INCREMENT for table `tags`
--
ALTER TABLE `tags`
  MODIFY `id` int(11) NOT NULL AUTO_INCREMENT, AUTO_INCREMENT=105;
--
-- AUTO_INCREMENT for table `teamcloths`
--
ALTER TABLE `teamcloths`
  MODIFY `id` int(11) NOT NULL AUTO_INCREMENT, AUTO_INCREMENT=2;
--
-- AUTO_INCREMENT for table `teams`
--
ALTER TABLE `teams`
  MODIFY `id` int(11) NOT NULL AUTO_INCREMENT, AUTO_INCREMENT=38;
--
-- AUTO_INCREMENT for table `team_championships`
--
ALTER TABLE `team_championships`
  MODIFY `id` int(11) NOT NULL AUTO_INCREMENT, AUTO_INCREMENT=5;
--
-- AUTO_INCREMENT for table `team_championship_players`
--
ALTER TABLE `team_championship_players`
  MODIFY `id` int(11) NOT NULL AUTO_INCREMENT;
--
-- AUTO_INCREMENT for table `team_groups`
--
ALTER TABLE `team_groups`
  MODIFY `id` int(11) NOT NULL AUTO_INCREMENT, AUTO_INCREMENT=20;
--
-- AUTO_INCREMENT for table `team_players`
--
ALTER TABLE `team_players`
  MODIFY `id` int(11) NOT NULL AUTO_INCREMENT, AUTO_INCREMENT=719;
--
-- AUTO_INCREMENT for table `team_sponsors`
--
ALTER TABLE `team_sponsors`
  MODIFY `id` int(11) NOT NULL AUTO_INCREMENT, AUTO_INCREMENT=5;
--
-- AUTO_INCREMENT for table `users`
--
ALTER TABLE `users`
  MODIFY `id` int(11) NOT NULL AUTO_INCREMENT, AUTO_INCREMENT=10;
--
-- AUTO_INCREMENT for table `v_albums`
--
ALTER TABLE `v_albums`
  MODIFY `id` int(11) NOT NULL AUTO_INCREMENT, AUTO_INCREMENT=29;
--
-- AUTO_INCREMENT for table `winners`
--
ALTER TABLE `winners`
  MODIFY `id` int(11) NOT NULL AUTO_INCREMENT;
--
-- Constraints for dumped tables
--

--
-- Constraints for table `agent_histories`
--
ALTER TABLE `agent_histories`
  ADD CONSTRAINT `Agent_histories_ibfk_1` FOREIGN KEY (`agent_id`) REFERENCES `agents` (`id`) ON DELETE CASCADE ON UPDATE CASCADE,
  ADD CONSTRAINT `Agent_histories_ibfk_2` FOREIGN KEY (`player_id`) REFERENCES `players` (`id`) ON DELETE CASCADE ON UPDATE CASCADE;

--
-- Constraints for table `bcomments`
--
ALTER TABLE `bcomments`
  ADD CONSTRAINT `bcomments_ibfk_1` FOREIGN KEY (`blog_id`) REFERENCES `blogs` (`id`) ON DELETE CASCADE ON UPDATE CASCADE;

--
-- Constraints for table `blogs`
--
ALTER TABLE `blogs`
  ADD CONSTRAINT `blogs_ibfk_1` FOREIGN KEY (`cat_id`) REFERENCES `categories` (`id`);

--
-- Constraints for table `branches`
--
ALTER TABLE `branches`
  ADD CONSTRAINT `branches_ibfk_1` FOREIGN KEY (`team_id`) REFERENCES `teams` (`id`) ON DELETE CASCADE ON UPDATE CASCADE,
  ADD CONSTRAINT `branches_ibfk_2` FOREIGN KEY (`country_id`) REFERENCES `countries` (`id`) ON DELETE CASCADE ON UPDATE CASCADE,
  ADD CONSTRAINT `branches_ibfk_3` FOREIGN KEY (`city_id`) REFERENCES `cities` (`id`) ON DELETE CASCADE ON UPDATE CASCADE;

--
-- Constraints for table `cards`
--
ALTER TABLE `cards`
  ADD CONSTRAINT `cards_ibfk_1` FOREIGN KEY (`player_id`) REFERENCES `players` (`id`) ON DELETE CASCADE ON UPDATE CASCADE,
  ADD CONSTRAINT `cards_ibfk_2` FOREIGN KEY (`match_id`) REFERENCES `matches` (`id`) ON DELETE CASCADE ON UPDATE CASCADE,
  ADD CONSTRAINT `cards_ibfk_3` FOREIGN KEY (`team_id`) REFERENCES `teams` (`id`) ON DELETE CASCADE ON UPDATE CASCADE;

--
-- Constraints for table `championships`
--
ALTER TABLE `championships`
  ADD CONSTRAINT `championships_ibfk_1` FOREIGN KEY (`country_id`) REFERENCES `countries` (`id`) ON DELETE CASCADE ON UPDATE CASCADE,
  ADD CONSTRAINT `championships_ibfk_2` FOREIGN KEY (`ball_id`) REFERENCES `balls` (`id`) ON DELETE CASCADE ON UPDATE CASCADE;

--
-- Constraints for table `championship_sponsors`
--
ALTER TABLE `championship_sponsors`
  ADD CONSTRAINT `championship_sponsors_ibfk_1` FOREIGN KEY (`championship_id`) REFERENCES `championships` (`id`) ON DELETE CASCADE ON UPDATE CASCADE,
  ADD CONSTRAINT `championship_sponsors_ibfk_2` FOREIGN KEY (`sponsor_id`) REFERENCES `sponsors` (`id`) ON DELETE CASCADE ON UPDATE CASCADE;

--
-- Constraints for table `change_players`
--
ALTER TABLE `change_players`
  ADD CONSTRAINT `change_players_ibfk_1` FOREIGN KEY (`player1_id`) REFERENCES `players` (`id`) ON DELETE CASCADE ON UPDATE CASCADE,
  ADD CONSTRAINT `change_players_ibfk_2` FOREIGN KEY (`player2_id`) REFERENCES `players` (`id`) ON DELETE CASCADE ON UPDATE CASCADE,
  ADD CONSTRAINT `change_players_ibfk_3` FOREIGN KEY (`team_id`) REFERENCES `teams` (`id`) ON DELETE CASCADE ON UPDATE CASCADE,
  ADD CONSTRAINT `change_players_ibfk_4` FOREIGN KEY (`match_id`) REFERENCES `matches` (`id`) ON DELETE CASCADE ON UPDATE CASCADE;

--
-- Constraints for table `cities`
--
ALTER TABLE `cities`
  ADD CONSTRAINT `cities_ibfk_1` FOREIGN KEY (`country_id`) REFERENCES `countries` (`id`) ON DELETE CASCADE ON UPDATE CASCADE;

--
-- Constraints for table `cnews`
--
ALTER TABLE `cnews`
  ADD CONSTRAINT `cnews_ibfk_1` FOREIGN KEY (`news_id`) REFERENCES `snews` (`id`) ON DELETE CASCADE ON UPDATE CASCADE,
  ADD CONSTRAINT `cnews_ibfk_2` FOREIGN KEY (`words`) REFERENCES `categories` (`id`) ON DELETE CASCADE ON UPDATE CASCADE;

--
-- Constraints for table `coaches`
--
ALTER TABLE `coaches`
  ADD CONSTRAINT `coaches_ibfk_1` FOREIGN KEY (`country_id`) REFERENCES `countries` (`id`) ON DELETE CASCADE ON UPDATE CASCADE,
  ADD CONSTRAINT `coaches_ibfk_2` FOREIGN KEY (`city_id`) REFERENCES `cities` (`id`) ON DELETE CASCADE ON UPDATE CASCADE;

--
-- Constraints for table `commentors`
--
ALTER TABLE `commentors`
  ADD CONSTRAINT `commentors_ibfk_1` FOREIGN KEY (`country_id`) REFERENCES `countries` (`id`) ON DELETE CASCADE ON UPDATE CASCADE,
  ADD CONSTRAINT `commentors_ibfk_2` FOREIGN KEY (`city_id`) REFERENCES `cities` (`id`) ON DELETE CASCADE ON UPDATE CASCADE;

--
-- Constraints for table `corners`
--
ALTER TABLE `corners`
  ADD CONSTRAINT `corners_ibfk_1` FOREIGN KEY (`team_id`) REFERENCES `teams` (`id`) ON DELETE CASCADE ON UPDATE CASCADE,
  ADD CONSTRAINT `corners_ibfk_2` FOREIGN KEY (`player_id`) REFERENCES `players` (`id`) ON DELETE CASCADE ON UPDATE CASCADE,
  ADD CONSTRAINT `corners_ibfk_3` FOREIGN KEY (`match_id`) REFERENCES `matches` (`id`) ON DELETE CASCADE ON UPDATE CASCADE;

--
-- Constraints for table `discussions`
--
ALTER TABLE `discussions`
  ADD CONSTRAINT `discussions_ibfk_1` FOREIGN KEY (`match_id`) REFERENCES `matches` (`id`) ON DELETE CASCADE ON UPDATE CASCADE;

--
-- Constraints for table `errors`
--
ALTER TABLE `errors`
  ADD CONSTRAINT `errors_ibfk_1` FOREIGN KEY (`player_id`) REFERENCES `players` (`id`) ON DELETE CASCADE ON UPDATE CASCADE,
  ADD CONSTRAINT `errors_ibfk_2` FOREIGN KEY (`team_id`) REFERENCES `teams` (`id`) ON DELETE CASCADE ON UPDATE CASCADE,
  ADD CONSTRAINT `errors_ibfk_4` FOREIGN KEY (`match_id`) REFERENCES `matches` (`id`) ON DELETE CASCADE ON UPDATE CASCADE;

--
-- Constraints for table `goals`
--
ALTER TABLE `goals`
  ADD CONSTRAINT `goals_ibfk_1` FOREIGN KEY (`player_id`) REFERENCES `players` (`id`) ON DELETE CASCADE ON UPDATE CASCADE,
  ADD CONSTRAINT `goals_ibfk_2` FOREIGN KEY (`match_id`) REFERENCES `matches` (`id`) ON DELETE CASCADE ON UPDATE CASCADE,
  ADD CONSTRAINT `goals_ibfk_3` FOREIGN KEY (`championship_id`) REFERENCES `championships` (`id`) ON DELETE CASCADE ON UPDATE CASCADE,
  ADD CONSTRAINT `goals_ibfk_4` FOREIGN KEY (`team_id`) REFERENCES `teams` (`id`) ON DELETE CASCADE ON UPDATE CASCADE,
  ADD CONSTRAINT `goals_ibfk_5` FOREIGN KEY (`inteam_id`) REFERENCES `teams` (`id`) ON DELETE CASCADE ON UPDATE CASCADE;

--
-- Constraints for table `groups`
--
ALTER TABLE `groups`
  ADD CONSTRAINT `groups_ibfk_1` FOREIGN KEY (`championship_id`) REFERENCES `championships` (`id`) ON DELETE CASCADE ON UPDATE CASCADE;

--
-- Constraints for table `g_albums`
--
ALTER TABLE `g_albums`
  ADD CONSTRAINT `g_albums_ibfk_1` FOREIGN KEY (`category_id`) REFERENCES `categories` (`id`) ON DELETE CASCADE ON UPDATE CASCADE;

--
-- Constraints for table `g_album_photos`
--
ALTER TABLE `g_album_photos`
  ADD CONSTRAINT `g_album_photos_ibfk_1` FOREIGN KEY (`g_album_id`) REFERENCES `g_albums` (`id`) ON DELETE CASCADE ON UPDATE CASCADE;

--
-- Constraints for table `jminutes`
--
ALTER TABLE `jminutes`
  ADD CONSTRAINT `jminutes_ibfk_1` FOREIGN KEY (`match_id`) REFERENCES `matches` (`id`) ON DELETE CASCADE ON UPDATE CASCADE;

--
-- Constraints for table `managers`
--
ALTER TABLE `managers`
  ADD CONSTRAINT `managers_ibfk_1` FOREIGN KEY (`city_id`) REFERENCES `cities` (`id`) ON DELETE CASCADE ON UPDATE CASCADE,
  ADD CONSTRAINT `managers_ibfk_2` FOREIGN KEY (`country_id`) REFERENCES `countries` (`id`) ON DELETE CASCADE ON UPDATE CASCADE,
  ADD CONSTRAINT `managers_ibfk_3` FOREIGN KEY (`team_id`) REFERENCES `teams` (`id`) ON DELETE CASCADE ON UPDATE CASCADE;

--
-- Constraints for table `managment_championships`
--
ALTER TABLE `managment_championships`
  ADD CONSTRAINT `managment_championships_ibfk_1` FOREIGN KEY (`team_id`) REFERENCES `teams` (`id`) ON DELETE CASCADE ON UPDATE CASCADE,
  ADD CONSTRAINT `managment_championships_ibfk_2` FOREIGN KEY (`manager_id`) REFERENCES `managers` (`id`) ON DELETE CASCADE ON UPDATE CASCADE;

--
-- Constraints for table `matches`
--
ALTER TABLE `matches`
  ADD CONSTRAINT `matches_ibfk_1` FOREIGN KEY (`team1_id`) REFERENCES `teams` (`id`) ON DELETE CASCADE ON UPDATE CASCADE,
  ADD CONSTRAINT `matches_ibfk_2` FOREIGN KEY (`team2_id`) REFERENCES `teams` (`id`) ON DELETE CASCADE ON UPDATE CASCADE,
  ADD CONSTRAINT `matches_ibfk_4` FOREIGN KEY (`champion_id`) REFERENCES `championships` (`id`) ON DELETE CASCADE ON UPDATE CASCADE,
  ADD CONSTRAINT `matches_ibfk_5` FOREIGN KEY (`stadium_id`) REFERENCES `stadia` (`id`) ON DELETE CASCADE ON UPDATE CASCADE;

--
-- Constraints for table `match_channels`
--
ALTER TABLE `match_channels`
  ADD CONSTRAINT `match_channels_ibfk_1` FOREIGN KEY (`match_id`) REFERENCES `matches` (`id`) ON DELETE CASCADE ON UPDATE CASCADE,
  ADD CONSTRAINT `match_channels_ibfk_2` FOREIGN KEY (`channel_id`) REFERENCES `channels` (`id`) ON DELETE CASCADE ON UPDATE CASCADE;

--
-- Constraints for table `match_commentors`
--
ALTER TABLE `match_commentors`
  ADD CONSTRAINT `match_commentors_ibfk_1` FOREIGN KEY (`match_id`) REFERENCES `matches` (`id`) ON DELETE CASCADE ON UPDATE CASCADE,
  ADD CONSTRAINT `match_commentors_ibfk_2` FOREIGN KEY (`commentor_id`) REFERENCES `commentors` (`id`) ON DELETE CASCADE ON UPDATE CASCADE;

--
-- Constraints for table `match_referees`
--
ALTER TABLE `match_referees`
  ADD CONSTRAINT `match_referees_ibfk_1` FOREIGN KEY (`match_id`) REFERENCES `matches` (`id`) ON DELETE CASCADE ON UPDATE CASCADE,
  ADD CONSTRAINT `match_referees_ibfk_2` FOREIGN KEY (`referee_id`) REFERENCES `referees` (`id`) ON DELETE CASCADE ON UPDATE CASCADE;

--
-- Constraints for table `match_sponsors`
--
ALTER TABLE `match_sponsors`
  ADD CONSTRAINT `match_sponsors_ibfk_1` FOREIGN KEY (`match_id`) REFERENCES `matches` (`id`) ON DELETE CASCADE ON UPDATE CASCADE,
  ADD CONSTRAINT `match_sponsors_ibfk_2` FOREIGN KEY (`sponsor_id`) REFERENCES `sponsors` (`id`) ON DELETE CASCADE ON UPDATE CASCADE;

--
-- Constraints for table `minutes`
--
ALTER TABLE `minutes`
  ADD CONSTRAINT `minutes_ibfk_1` FOREIGN KEY (`match_id`) REFERENCES `matches` (`id`) ON DELETE CASCADE ON UPDATE CASCADE;

--
-- Constraints for table `nation_history_coachs`
--
ALTER TABLE `nation_history_coachs`
  ADD CONSTRAINT `nation_history_coachs_ibfk_1` FOREIGN KEY (`nation_id`) REFERENCES `teams` (`id`) ON DELETE CASCADE ON UPDATE CASCADE,
  ADD CONSTRAINT `nation_history_coachs_ibfk_2` FOREIGN KEY (`coach_id`) REFERENCES `coaches` (`id`) ON DELETE CASCADE ON UPDATE CASCADE;

--
-- Constraints for table `offsides`
--
ALTER TABLE `offsides`
  ADD CONSTRAINT `offsides_ibfk_1` FOREIGN KEY (`player_id`) REFERENCES `players` (`id`) ON DELETE CASCADE ON UPDATE CASCADE,
  ADD CONSTRAINT `offsides_ibfk_2` FOREIGN KEY (`team_id`) REFERENCES `teams` (`id`) ON DELETE CASCADE ON UPDATE CASCADE;

--
-- Constraints for table `pcomments`
--
ALTER TABLE `pcomments`
  ADD CONSTRAINT `pcomments_ibfk_1` FOREIGN KEY (`post_id`) REFERENCES `posts` (`id`) ON DELETE CASCADE ON UPDATE CASCADE;

--
-- Constraints for table `penlties`
--
ALTER TABLE `penlties`
  ADD CONSTRAINT `penlties_ibfk_1` FOREIGN KEY (`player_id`) REFERENCES `players` (`id`) ON DELETE CASCADE ON UPDATE CASCADE,
  ADD CONSTRAINT `penlties_ibfk_2` FOREIGN KEY (`match_id`) REFERENCES `matches` (`id`) ON DELETE CASCADE ON UPDATE CASCADE,
  ADD CONSTRAINT `penlties_ibfk_3` FOREIGN KEY (`team_id`) REFERENCES `teams` (`id`) ON DELETE CASCADE ON UPDATE CASCADE;

--
-- Constraints for table `players`
--
ALTER TABLE `players`
  ADD CONSTRAINT `players_ibfk_1` FOREIGN KEY (`city_id`) REFERENCES `cities` (`id`) ON DELETE CASCADE ON UPDATE CASCADE,
  ADD CONSTRAINT `players_ibfk_2` FOREIGN KEY (`country_id`) REFERENCES `countries` (`id`) ON DELETE CASCADE ON UPDATE CASCADE,
  ADD CONSTRAINT `players_ibfk_3` FOREIGN KEY (`team_id`) REFERENCES `teams` (`id`) ON DELETE CASCADE ON UPDATE CASCADE;

--
-- Constraints for table `players_shoes`
--
ALTER TABLE `players_shoes`
  ADD CONSTRAINT `players_shoes_ibfk_1` FOREIGN KEY (`shoes_id`) REFERENCES `shoes` (`id`) ON DELETE CASCADE ON UPDATE CASCADE,
  ADD CONSTRAINT `players_shoes_ibfk_2` FOREIGN KEY (`match_id`) REFERENCES `matches` (`id`) ON DELETE CASCADE ON UPDATE CASCADE,
  ADD CONSTRAINT `players_shoes_ibfk_3` FOREIGN KEY (`player_id`) REFERENCES `players` (`id`) ON DELETE CASCADE ON UPDATE CASCADE;

--
-- Constraints for table `player_histories`
--
ALTER TABLE `player_histories`
  ADD CONSTRAINT `player_histories_ibfk_1` FOREIGN KEY (`player_id`) REFERENCES `players` (`id`) ON DELETE CASCADE ON UPDATE CASCADE;

--
-- Constraints for table `player_injured_histories`
--
ALTER TABLE `player_injured_histories`
  ADD CONSTRAINT `player_injured_histories_ibfk_1` FOREIGN KEY (`player_id`) REFERENCES `players` (`id`) ON DELETE CASCADE ON UPDATE CASCADE,
  ADD CONSTRAINT `player_injured_histories_ibfk_2` FOREIGN KEY (`match_id`) REFERENCES `matches` (`id`) ON DELETE CASCADE ON UPDATE CASCADE;

--
-- Constraints for table `player_matches`
--
ALTER TABLE `player_matches`
  ADD CONSTRAINT `player_matches_ibfk_1` FOREIGN KEY (`team_id`) REFERENCES `teams` (`id`) ON DELETE CASCADE ON UPDATE CASCADE;

--
-- Constraints for table `player_sponsors`
--
ALTER TABLE `player_sponsors`
  ADD CONSTRAINT `player_sponsors_ibfk_1` FOREIGN KEY (`player_id`) REFERENCES `players` (`id`) ON DELETE CASCADE ON UPDATE CASCADE,
  ADD CONSTRAINT `player_sponsors_ibfk_2` FOREIGN KEY (`sponsor_id`) REFERENCES `sponsors` (`id`) ON DELETE CASCADE ON UPDATE CASCADE;

--
-- Constraints for table `posts`
--
ALTER TABLE `posts`
  ADD CONSTRAINT `posts_ibfk_1` FOREIGN KEY (`cat_id`) REFERENCES `categories` (`id`) ON DELETE CASCADE ON UPDATE CASCADE;

--
-- Constraints for table `psessions`
--
ALTER TABLE `psessions`
  ADD CONSTRAINT `psessions_ibfk_1` FOREIGN KEY (`team_id`) REFERENCES `teams` (`id`) ON DELETE CASCADE ON UPDATE CASCADE,
  ADD CONSTRAINT `psessions_ibfk_2` FOREIGN KEY (`match_id`) REFERENCES `matches` (`id`) ON DELETE CASCADE ON UPDATE CASCADE;

--
-- Constraints for table `referees`
--
ALTER TABLE `referees`
  ADD CONSTRAINT `referees_ibfk_1` FOREIGN KEY (`country_id`) REFERENCES `countries` (`id`) ON DELETE CASCADE ON UPDATE CASCADE,
  ADD CONSTRAINT `referees_ibfk_2` FOREIGN KEY (`city_id`) REFERENCES `cities` (`id`) ON DELETE CASCADE ON UPDATE CASCADE;

--
-- Constraints for table `reserve_players`
--
ALTER TABLE `reserve_players`
  ADD CONSTRAINT `reserve_players_ibfk_1` FOREIGN KEY (`player_id`) REFERENCES `players` (`id`) ON DELETE CASCADE ON UPDATE CASCADE,
  ADD CONSTRAINT `reserve_players_ibfk_2` FOREIGN KEY (`team_id`) REFERENCES `teams` (`id`) ON DELETE CASCADE ON UPDATE CASCADE,
  ADD CONSTRAINT `reserve_players_ibfk_3` FOREIGN KEY (`match_id`) REFERENCES `matches` (`id`) ON DELETE CASCADE ON UPDATE CASCADE;

--
-- Constraints for table `snews`
--
ALTER TABLE `snews`
  ADD CONSTRAINT `snews_ibfk_1` FOREIGN KEY (`cat_id`) REFERENCES `categories` (`id`) ON DELETE CASCADE ON UPDATE CASCADE;

--
-- Constraints for table `stadia`
--
ALTER TABLE `stadia`
  ADD CONSTRAINT `stadia_ibfk_1` FOREIGN KEY (`country_id`) REFERENCES `countries` (`id`) ON DELETE CASCADE ON UPDATE CASCADE,
  ADD CONSTRAINT `stadia_ibfk_2` FOREIGN KEY (`city_id`) REFERENCES `cities` (`id`) ON DELETE CASCADE ON UPDATE CASCADE;

--
-- Constraints for table `teamcloths`
--
ALTER TABLE `teamcloths`
  ADD CONSTRAINT `teamcloths_ibfk_1` FOREIGN KEY (`team_id`) REFERENCES `teams` (`id`) ON DELETE CASCADE ON UPDATE CASCADE;

--
-- Constraints for table `teams`
--
ALTER TABLE `teams`
  ADD CONSTRAINT `teams_ibfk_1` FOREIGN KEY (`country_id`) REFERENCES `countries` (`id`) ON DELETE CASCADE ON UPDATE CASCADE;

--
-- Constraints for table `team_championships`
--
ALTER TABLE `team_championships`
  ADD CONSTRAINT `team_championships_ibfk_1` FOREIGN KEY (`team_id`) REFERENCES `teams` (`id`) ON DELETE CASCADE ON UPDATE CASCADE,
  ADD CONSTRAINT `team_championships_ibfk_2` FOREIGN KEY (`championship_id`) REFERENCES `championships` (`id`) ON DELETE CASCADE ON UPDATE CASCADE;

--
-- Constraints for table `team_championship_players`
--
ALTER TABLE `team_championship_players`
  ADD CONSTRAINT `team_championship_players_ibfk_1` FOREIGN KEY (`team_id`) REFERENCES `teams` (`id`) ON DELETE CASCADE ON UPDATE CASCADE,
  ADD CONSTRAINT `team_championship_players_ibfk_2` FOREIGN KEY (`player_id`) REFERENCES `players` (`id`) ON DELETE CASCADE ON UPDATE CASCADE,
  ADD CONSTRAINT `team_championship_players_ibfk_3` FOREIGN KEY (`championship_id`) REFERENCES `championships` (`id`) ON DELETE CASCADE ON UPDATE CASCADE;

--
-- Constraints for table `team_groups`
--
ALTER TABLE `team_groups`
  ADD CONSTRAINT `team_groups_ibfk_1` FOREIGN KEY (`team_id`) REFERENCES `teams` (`id`) ON DELETE CASCADE ON UPDATE CASCADE,
  ADD CONSTRAINT `team_groups_ibfk_2` FOREIGN KEY (`group_id`) REFERENCES `groups` (`id`) ON DELETE CASCADE ON UPDATE CASCADE,
  ADD CONSTRAINT `team_groups_ibfk_3` FOREIGN KEY (`champion_id`) REFERENCES `championships` (`id`) ON DELETE CASCADE;

--
-- Constraints for table `team_history_coaches`
--
ALTER TABLE `team_history_coaches`
  ADD CONSTRAINT `team_history_coaches_ibfk_1` FOREIGN KEY (`team_id`) REFERENCES `teams` (`id`) ON DELETE CASCADE ON UPDATE CASCADE,
  ADD CONSTRAINT `team_history_coaches_ibfk_2` FOREIGN KEY (`coach_id`) REFERENCES `coaches` (`id`) ON DELETE CASCADE ON UPDATE CASCADE;

--
-- Constraints for table `team_players`
--
ALTER TABLE `team_players`
  ADD CONSTRAINT `playerfk` FOREIGN KEY (`player_id`) REFERENCES `players` (`id`) ON DELETE CASCADE ON UPDATE CASCADE,
  ADD CONSTRAINT `teamfk` FOREIGN KEY (`team_id`) REFERENCES `teams` (`id`) ON DELETE CASCADE ON UPDATE CASCADE;

--
-- Constraints for table `team_sponsors`
--
ALTER TABLE `team_sponsors`
  ADD CONSTRAINT `team_sponsors_ibfk_1` FOREIGN KEY (`team_id`) REFERENCES `teams` (`id`) ON DELETE CASCADE ON UPDATE CASCADE,
  ADD CONSTRAINT `team_sponsors_ibfk_2` FOREIGN KEY (`sponsor_id`) REFERENCES `sponsors` (`id`) ON DELETE CASCADE ON UPDATE CASCADE;

--
-- Constraints for table `v_albums`
--
ALTER TABLE `v_albums`
  ADD CONSTRAINT `v_albums_ibfk_1` FOREIGN KEY (`category_id`) REFERENCES `categories` (`id`) ON DELETE CASCADE ON UPDATE CASCADE;

--
-- Constraints for table `winners`
--
ALTER TABLE `winners`
  ADD CONSTRAINT `winners_ibfk_1` FOREIGN KEY (`team_id`) REFERENCES `teams` (`id`) ON DELETE CASCADE ON UPDATE CASCADE,
  ADD CONSTRAINT `winners_ibfk_2` FOREIGN KEY (`championship_id`) REFERENCES `championships` (`id`) ON DELETE CASCADE ON UPDATE CASCADE;

/*!40101 SET CHARACTER_SET_CLIENT=@OLD_CHARACTER_SET_CLIENT */;
/*!40101 SET CHARACTER_SET_RESULTS=@OLD_CHARACTER_SET_RESULTS */;
/*!40101 SET COLLATION_CONNECTION=@OLD_COLLATION_CONNECTION */;
